INSERT INTO NEWSOULMATE.CITY (CITY_NO, CITY_NAME) VALUES (6270000, '대구광역시');
INSERT INTO NEWSOULMATE.CITY (CITY_NO, CITY_NAME) VALUES (6280000, '인천광역시');
INSERT INTO NEWSOULMATE.CITY (CITY_NO, CITY_NAME) VALUES (6290000, '광주광역시');
INSERT INTO NEWSOULMATE.CITY (CITY_NO, CITY_NAME) VALUES (5690000, '세종특별자치시');
INSERT INTO NEWSOULMATE.CITY (CITY_NO, CITY_NAME) VALUES (6310000, '울산광역시');
INSERT INTO NEWSOULMATE.CITY (CITY_NO, CITY_NAME) VALUES (6410000, '경기도');
INSERT INTO NEWSOULMATE.CITY (CITY_NO, CITY_NAME) VALUES (6420000, '강원도');
INSERT INTO NEWSOULMATE.CITY (CITY_NO, CITY_NAME) VALUES (6430000, '충청북도');
INSERT INTO NEWSOULMATE.CITY (CITY_NO, CITY_NAME) VALUES (6440000, '충청남도');
INSERT INTO NEWSOULMATE.CITY (CITY_NO, CITY_NAME) VALUES (6450000, '전라북도');
INSERT INTO NEWSOULMATE.CITY (CITY_NO, CITY_NAME) VALUES (6460000, '전라남도');
INSERT INTO NEWSOULMATE.CITY (CITY_NO, CITY_NAME) VALUES (6470000, '경상북도');
INSERT INTO NEWSOULMATE.CITY (CITY_NO, CITY_NAME) VALUES (6480000, '경상남도');
INSERT INTO NEWSOULMATE.CITY (CITY_NO, CITY_NAME) VALUES (6500000, '제주특별자치도');
INSERT INTO NEWSOULMATE.CITY (CITY_NO, CITY_NAME) VALUES (6110000, '서울특별시');
INSERT INTO NEWSOULMATE.CITY (CITY_NO, CITY_NAME) VALUES (6260000, '부산광역시');

INSERT INTO NEWSOULMATE.BREED (BREED_NO, BREED_NAME, SPECIES_NO) VALUES (170, '노르웨이 숲', 417000);
INSERT INTO NEWSOULMATE.BREED (BREED_NO, BREED_NAME, SPECIES_NO) VALUES (171, '데본 렉스', 417000);
INSERT INTO NEWSOULMATE.BREED (BREED_NO, BREED_NAME, SPECIES_NO) VALUES (172, '러시안 블루', 417000);
INSERT INTO NEWSOULMATE.BREED (BREED_NO, BREED_NAME, SPECIES_NO) VALUES (213, '레그돌', 417000);
INSERT INTO NEWSOULMATE.BREED (BREED_NO, BREED_NAME, SPECIES_NO) VALUES (173, '레그돌-라가머핀', 417000);
INSERT INTO NEWSOULMATE.BREED (BREED_NO, BREED_NAME, SPECIES_NO) VALUES (174, '맹크스', 417000);
INSERT INTO NEWSOULMATE.BREED (BREED_NO, BREED_NAME, SPECIES_NO) VALUES (175, '먼치킨', 417000);
INSERT INTO NEWSOULMATE.BREED (BREED_NO, BREED_NAME, SPECIES_NO) VALUES (176, '메인쿤', 417000);
INSERT INTO NEWSOULMATE.BREED (BREED_NO, BREED_NAME, SPECIES_NO) VALUES (212, '믹스묘', 417000);
INSERT INTO NEWSOULMATE.BREED (BREED_NO, BREED_NAME, SPECIES_NO) VALUES (177, '발리네즈', 417000);
INSERT INTO NEWSOULMATE.BREED (BREED_NO, BREED_NAME, SPECIES_NO) VALUES (178, '버만', 417000);
INSERT INTO NEWSOULMATE.BREED (BREED_NO, BREED_NAME, SPECIES_NO) VALUES (179, '벵갈', 417000);
INSERT INTO NEWSOULMATE.BREED (BREED_NO, BREED_NAME, SPECIES_NO) VALUES (180, '봄베이', 417000);
INSERT INTO NEWSOULMATE.BREED (BREED_NO, BREED_NAME, SPECIES_NO) VALUES (216, '브리티쉬롱헤어', 417000);
INSERT INTO NEWSOULMATE.BREED (BREED_NO, BREED_NAME, SPECIES_NO) VALUES (181, '브리티시 쇼트헤어', 417000);
INSERT INTO NEWSOULMATE.BREED (BREED_NO, BREED_NAME, SPECIES_NO) VALUES (182, '사바나캣', 417000);
INSERT INTO NEWSOULMATE.BREED (BREED_NO, BREED_NAME, SPECIES_NO) VALUES (183, '샤트룩스', 417000);
INSERT INTO NEWSOULMATE.BREED (BREED_NO, BREED_NAME, SPECIES_NO) VALUES (184, '샴', 417000);
INSERT INTO NEWSOULMATE.BREED (BREED_NO, BREED_NAME, SPECIES_NO) VALUES (185, '셀커크 렉스', 417000);
INSERT INTO NEWSOULMATE.BREED (BREED_NO, BREED_NAME, SPECIES_NO) VALUES (186, '소말리', 417000);
INSERT INTO NEWSOULMATE.BREED (BREED_NO, BREED_NAME, SPECIES_NO) VALUES (187, '스노우 슈', 417000);
INSERT INTO NEWSOULMATE.BREED (BREED_NO, BREED_NAME, SPECIES_NO) VALUES (188, '스코티시폴드', 417000);
INSERT INTO NEWSOULMATE.BREED (BREED_NO, BREED_NAME, SPECIES_NO) VALUES (189, '스핑크스', 417000);
INSERT INTO NEWSOULMATE.BREED (BREED_NO, BREED_NAME, SPECIES_NO) VALUES (190, '시베리안 포레스트', 417000);
INSERT INTO NEWSOULMATE.BREED (BREED_NO, BREED_NAME, SPECIES_NO) VALUES (191, '싱가퓨라', 417000);
INSERT INTO NEWSOULMATE.BREED (BREED_NO, BREED_NAME, SPECIES_NO) VALUES (192, '아메리칸 쇼트헤어', 417000);
INSERT INTO NEWSOULMATE.BREED (BREED_NO, BREED_NAME, SPECIES_NO) VALUES (193, '아비시니안', 417000);
INSERT INTO NEWSOULMATE.BREED (BREED_NO, BREED_NAME, SPECIES_NO) VALUES (194, '재패니즈밥테일', 417000);
INSERT INTO NEWSOULMATE.BREED (BREED_NO, BREED_NAME, SPECIES_NO) VALUES (195, '터키시 앙고라', 417000);
INSERT INTO NEWSOULMATE.BREED (BREED_NO, BREED_NAME, SPECIES_NO) VALUES (196, '통키니즈', 417000);
INSERT INTO NEWSOULMATE.BREED (BREED_NO, BREED_NAME, SPECIES_NO) VALUES (214, '페르시안', 417000);
INSERT INTO NEWSOULMATE.BREED (BREED_NO, BREED_NAME, SPECIES_NO) VALUES (197, '페르시안-페르시안 친칠라', 417000);
INSERT INTO NEWSOULMATE.BREED (BREED_NO, BREED_NAME, SPECIES_NO) VALUES (198, '하바나 브라운', 417000);
INSERT INTO NEWSOULMATE.BREED (BREED_NO, BREED_NAME, SPECIES_NO) VALUES (199, '하일랜드 폴드', 417000);
INSERT INTO NEWSOULMATE.BREED (BREED_NO, BREED_NAME, SPECIES_NO) VALUES (200, '한국 고양이', 417000);
INSERT INTO NEWSOULMATE.BREED (BREED_NO, BREED_NAME, SPECIES_NO) VALUES (117, '기타축종', 429900);
INSERT INTO NEWSOULMATE.BREED (BREED_NO, BREED_NAME, SPECIES_NO) VALUES (54, '골든 리트리버', 417000);
INSERT INTO NEWSOULMATE.BREED (BREED_NO, BREED_NAME, SPECIES_NO) VALUES (56, '그레이 하운드', 417000);
INSERT INTO NEWSOULMATE.BREED (BREED_NO, BREED_NAME, SPECIES_NO) VALUES (55, '그레이트 덴', 417000);
INSERT INTO NEWSOULMATE.BREED (BREED_NO, BREED_NAME, SPECIES_NO) VALUES (118, '그레이트 피레니즈', 417000);
INSERT INTO NEWSOULMATE.BREED (BREED_NO, BREED_NAME, SPECIES_NO) VALUES (115, '기타', 417000);
INSERT INTO NEWSOULMATE.BREED (BREED_NO, BREED_NAME, SPECIES_NO) VALUES (37, '꼬똥 드 뚤레아', 417000);
INSERT INTO NEWSOULMATE.BREED (BREED_NO, BREED_NAME, SPECIES_NO) VALUES (81, '네오폴리탄 마스티프', 417000);
INSERT INTO NEWSOULMATE.BREED (BREED_NO, BREED_NAME, SPECIES_NO) VALUES (204, '노르포크 테리어', 417000);
INSERT INTO NEWSOULMATE.BREED (BREED_NO, BREED_NAME, SPECIES_NO) VALUES (83, '노리치 테리어', 417000);
INSERT INTO NEWSOULMATE.BREED (BREED_NO, BREED_NAME, SPECIES_NO) VALUES (82, '뉴펀들랜드', 417000);
INSERT INTO NEWSOULMATE.BREED (BREED_NO, BREED_NAME, SPECIES_NO) VALUES (38, '닥스훈트', 417000);
INSERT INTO NEWSOULMATE.BREED (BREED_NO, BREED_NAME, SPECIES_NO) VALUES (39, '달마시안', 417000);
INSERT INTO NEWSOULMATE.BREED (BREED_NO, BREED_NAME, SPECIES_NO) VALUES (40, '댄디 딘몬트 테리어', 417000);
INSERT INTO NEWSOULMATE.BREED (BREED_NO, BREED_NAME, SPECIES_NO) VALUES (43, '도고 까니리오', 417000);
INSERT INTO NEWSOULMATE.BREED (BREED_NO, BREED_NAME, SPECIES_NO) VALUES (42, '도고 아르젠티노', 417000);
INSERT INTO NEWSOULMATE.BREED (BREED_NO, BREED_NAME, SPECIES_NO) VALUES (153, '도고 아르젠티노', 417000);
INSERT INTO NEWSOULMATE.BREED (BREED_NO, BREED_NAME, SPECIES_NO) VALUES (41, '도베르만', 417000);
INSERT INTO NEWSOULMATE.BREED (BREED_NO, BREED_NAME, SPECIES_NO) VALUES (120, '도사', 417000);
INSERT INTO NEWSOULMATE.BREED (BREED_NO, BREED_NAME, SPECIES_NO) VALUES (155, '동경견', 417000);
INSERT INTO NEWSOULMATE.BREED (BREED_NO, BREED_NAME, SPECIES_NO) VALUES (69, '라브라도 리트리버', 417000);
INSERT INTO NEWSOULMATE.BREED (BREED_NO, BREED_NAME, SPECIES_NO) VALUES (71, '라사 압소', 417000);
INSERT INTO NEWSOULMATE.BREED (BREED_NO, BREED_NAME, SPECIES_NO) VALUES (142, '라이카', 417000);
INSERT INTO NEWSOULMATE.BREED (BREED_NO, BREED_NAME, SPECIES_NO) VALUES (93, '래빗 닥스훈드', 417000);
INSERT INTO NEWSOULMATE.BREED (BREED_NO, BREED_NAME, SPECIES_NO) VALUES (167, '랫 테리어', 417000);
INSERT INTO NEWSOULMATE.BREED (BREED_NO, BREED_NAME, SPECIES_NO) VALUES (70, '레이크랜드 테리어', 417000);
INSERT INTO NEWSOULMATE.BREED (BREED_NO, BREED_NAME, SPECIES_NO) VALUES (166, '로디지안 리즈백 ', 417000);
INSERT INTO NEWSOULMATE.BREED (BREED_NO, BREED_NAME, SPECIES_NO) VALUES (121, '로트와일러', 417000);
INSERT INTO NEWSOULMATE.BREED (BREED_NO, BREED_NAME, SPECIES_NO) VALUES (94, '로트와일러', 417000);
INSERT INTO NEWSOULMATE.BREED (BREED_NO, BREED_NAME, SPECIES_NO) VALUES (152, '마리노이즈', 417000);
INSERT INTO NEWSOULMATE.BREED (BREED_NO, BREED_NAME, SPECIES_NO) VALUES (73, '마스티프', 417000);
INSERT INTO NEWSOULMATE.BREED (BREED_NO, BREED_NAME, SPECIES_NO) VALUES (146, '말라뮤트', 417000);
INSERT INTO NEWSOULMATE.BREED (BREED_NO, BREED_NAME, SPECIES_NO) VALUES (72, '말티즈', 417000);
INSERT INTO NEWSOULMATE.BREED (BREED_NO, BREED_NAME, SPECIES_NO) VALUES (159, '맨체스터테리어', 417000);
INSERT INTO NEWSOULMATE.BREED (BREED_NO, BREED_NAME, SPECIES_NO) VALUES (76, '미니어쳐 닥스훈트', 417000);
INSERT INTO NEWSOULMATE.BREED (BREED_NO, BREED_NAME, SPECIES_NO) VALUES (75, '미니어쳐 불 테리어', 417000);
INSERT INTO NEWSOULMATE.BREED (BREED_NO, BREED_NAME, SPECIES_NO) VALUES (79, '미니어쳐 슈나우저', 417000);
INSERT INTO NEWSOULMATE.BREED (BREED_NO, BREED_NAME, SPECIES_NO) VALUES (78, '미니어쳐 푸들', 417000);
INSERT INTO NEWSOULMATE.BREED (BREED_NO, BREED_NAME, SPECIES_NO) VALUES (77, '미니어쳐 핀셔', 417000);
INSERT INTO NEWSOULMATE.BREED (BREED_NO, BREED_NAME, SPECIES_NO) VALUES (74, '미디엄 푸들', 417000);
INSERT INTO NEWSOULMATE.BREED (BREED_NO, BREED_NAME, SPECIES_NO) VALUES (80, '미텔 스피츠', 417000);
INSERT INTO NEWSOULMATE.BREED (BREED_NO, BREED_NAME, SPECIES_NO) VALUES (114, '믹스견', 417000);
INSERT INTO NEWSOULMATE.BREED (BREED_NO, BREED_NAME, SPECIES_NO) VALUES (133, '바센지', 417000);
INSERT INTO NEWSOULMATE.BREED (BREED_NO, BREED_NAME, SPECIES_NO) VALUES (12, '바셋 하운드', 417000);
INSERT INTO NEWSOULMATE.BREED (BREED_NO, BREED_NAME, SPECIES_NO) VALUES (17, '버니즈 마운틴 독', 417000);
INSERT INTO NEWSOULMATE.BREED (BREED_NO, BREED_NAME, SPECIES_NO) VALUES (15, '베들링턴 테리어', 417000);
INSERT INTO NEWSOULMATE.BREED (BREED_NO, BREED_NAME, SPECIES_NO) VALUES (164, '벨기에 그로넨달', 417000);
INSERT INTO NEWSOULMATE.BREED (BREED_NO, BREED_NAME, SPECIES_NO) VALUES (157, '벨기에 쉽독', 417000);
INSERT INTO NEWSOULMATE.BREED (BREED_NO, BREED_NAME, SPECIES_NO) VALUES (148, '벨기에 테뷰런', 417000);
INSERT INTO NEWSOULMATE.BREED (BREED_NO, BREED_NAME, SPECIES_NO) VALUES (16, '벨지안 셰퍼드 독', 417000);
INSERT INTO NEWSOULMATE.BREED (BREED_NO, BREED_NAME, SPECIES_NO) VALUES (20, '보더 콜리', 417000);
INSERT INTO NEWSOULMATE.BREED (BREED_NO, BREED_NAME, SPECIES_NO) VALUES (21, '보르조이', 417000);
INSERT INTO NEWSOULMATE.BREED (BREED_NO, BREED_NAME, SPECIES_NO) VALUES (22, '보스턴 테리어', 417000);
INSERT INTO NEWSOULMATE.BREED (BREED_NO, BREED_NAME, SPECIES_NO) VALUES (24, '복서', 417000);
INSERT INTO NEWSOULMATE.BREED (BREED_NO, BREED_NAME, SPECIES_NO) VALUES (208, '볼로네즈', 417000);
INSERT INTO NEWSOULMATE.BREED (BREED_NO, BREED_NAME, SPECIES_NO) VALUES (23, '부비에 데 플랑드르', 417000);
INSERT INTO NEWSOULMATE.BREED (BREED_NO, BREED_NAME, SPECIES_NO) VALUES (26, '불 테리어', 417000);
INSERT INTO NEWSOULMATE.BREED (BREED_NO, BREED_NAME, SPECIES_NO) VALUES (27, '불독', 417000);
INSERT INTO NEWSOULMATE.BREED (BREED_NO, BREED_NAME, SPECIES_NO) VALUES (169, '브뤼셀그리펀', 417000);
INSERT INTO NEWSOULMATE.BREED (BREED_NO, BREED_NAME, SPECIES_NO) VALUES (25, '브리타니 스파니엘', 417000);
INSERT INTO NEWSOULMATE.BREED (BREED_NO, BREED_NAME, SPECIES_NO) VALUES (19, '블랙 테리어', 417000);
INSERT INTO NEWSOULMATE.BREED (BREED_NO, BREED_NAME, SPECIES_NO) VALUES (13, '비글', 417000);
INSERT INTO NEWSOULMATE.BREED (BREED_NO, BREED_NAME, SPECIES_NO) VALUES (18, '비숑 프리제', 417000);
INSERT INTO NEWSOULMATE.BREED (BREED_NO, BREED_NAME, SPECIES_NO) VALUES (14, '비어디드 콜리', 417000);
INSERT INTO NEWSOULMATE.BREED (BREED_NO, BREED_NAME, SPECIES_NO) VALUES (162, '비즐라', 417000);
INSERT INTO NEWSOULMATE.BREED (BREED_NO, BREED_NAME, SPECIES_NO) VALUES (85, '빠삐용', 417000);
INSERT INTO NEWSOULMATE.BREED (BREED_NO, BREED_NAME, SPECIES_NO) VALUES (96, '사모예드', 417000);
INSERT INTO NEWSOULMATE.BREED (BREED_NO, BREED_NAME, SPECIES_NO) VALUES (95, '살루키', 417000);
INSERT INTO NEWSOULMATE.BREED (BREED_NO, BREED_NAME, SPECIES_NO) VALUES (1, '삽살개', 417000);
INSERT INTO NEWSOULMATE.BREED (BREED_NO, BREED_NAME, SPECIES_NO) VALUES (34, '샤페이', 417000);
INSERT INTO NEWSOULMATE.BREED (BREED_NO, BREED_NAME, SPECIES_NO) VALUES (104, '세인트 버나드', 417000);
INSERT INTO NEWSOULMATE.BREED (BREED_NO, BREED_NAME, SPECIES_NO) VALUES (31, '센트럴 아시안 오브차카', 417000);
INSERT INTO NEWSOULMATE.BREED (BREED_NO, BREED_NAME, SPECIES_NO) VALUES (99, '셔틀랜드 쉽독', 417000);
INSERT INTO NEWSOULMATE.BREED (BREED_NO, BREED_NAME, SPECIES_NO) VALUES (122, '셰퍼드', 417000);
INSERT INTO NEWSOULMATE.BREED (BREED_NO, BREED_NAME, SPECIES_NO) VALUES (123, '슈나우져', 417000);
INSERT INTO NEWSOULMATE.BREED (BREED_NO, BREED_NAME, SPECIES_NO) VALUES (97, '스코티쉬 테리어', 417000);
INSERT INTO NEWSOULMATE.BREED (BREED_NO, BREED_NAME, SPECIES_NO) VALUES (132, '스코티시 디어하운드', 417000);
INSERT INTO NEWSOULMATE.BREED (BREED_NO, BREED_NAME, SPECIES_NO) VALUES (154, '스태퍼드셔 불 테리어', 417000);
INSERT INTO NEWSOULMATE.BREED (BREED_NO, BREED_NAME, SPECIES_NO) VALUES (105, '스탠다드 푸들', 417000);
INSERT INTO NEWSOULMATE.BREED (BREED_NO, BREED_NAME, SPECIES_NO) VALUES (124, '스피츠', 417000);
INSERT INTO NEWSOULMATE.BREED (BREED_NO, BREED_NAME, SPECIES_NO) VALUES (100, '시바', 417000);
INSERT INTO NEWSOULMATE.BREED (BREED_NO, BREED_NAME, SPECIES_NO) VALUES (103, '시베리안 허스키', 417000);
INSERT INTO NEWSOULMATE.BREED (BREED_NO, BREED_NAME, SPECIES_NO) VALUES (151, '시베리안라이카', 417000);
INSERT INTO NEWSOULMATE.BREED (BREED_NO, BREED_NAME, SPECIES_NO) VALUES (139, '시잉프랑세즈', 417000);
INSERT INTO NEWSOULMATE.BREED (BREED_NO, BREED_NAME, SPECIES_NO) VALUES (101, '시츄', 417000);
INSERT INTO NEWSOULMATE.BREED (BREED_NO, BREED_NAME, SPECIES_NO) VALUES (102, '시코쿠', 417000);
INSERT INTO NEWSOULMATE.BREED (BREED_NO, BREED_NAME, SPECIES_NO) VALUES (98, '실리햄 테리어', 417000);
INSERT INTO NEWSOULMATE.BREED (BREED_NO, BREED_NAME, SPECIES_NO) VALUES (136, '실키테리어', 417000);
INSERT INTO NEWSOULMATE.BREED (BREED_NO, BREED_NAME, SPECIES_NO) VALUES (202, '아나톨리안 셰퍼드', 417000);
INSERT INTO NEWSOULMATE.BREED (BREED_NO, BREED_NAME, SPECIES_NO) VALUES (160, '아메리칸 불독', 417000);
INSERT INTO NEWSOULMATE.BREED (BREED_NO, BREED_NAME, SPECIES_NO) VALUES (203, '아메리칸 스태퍼드셔 테리어', 417000);
INSERT INTO NEWSOULMATE.BREED (BREED_NO, BREED_NAME, SPECIES_NO) VALUES (8, '아메리칸 아키다', 417000);
INSERT INTO NEWSOULMATE.BREED (BREED_NO, BREED_NAME, SPECIES_NO) VALUES (131, '아메리칸 에스키모', 417000);
INSERT INTO NEWSOULMATE.BREED (BREED_NO, BREED_NAME, SPECIES_NO) VALUES (9, '아메리칸 코카 스파니엘', 417000);
INSERT INTO NEWSOULMATE.BREED (BREED_NO, BREED_NAME, SPECIES_NO) VALUES (119, '아메리칸 핏불 테리어', 417000);
INSERT INTO NEWSOULMATE.BREED (BREED_NO, BREED_NAME, SPECIES_NO) VALUES (150, '아메리칸불리', 417000);
INSERT INTO NEWSOULMATE.BREED (BREED_NO, BREED_NAME, SPECIES_NO) VALUES (210, '아이리쉬 레드 앤 화이트 세터', 417000);
INSERT INTO NEWSOULMATE.BREED (BREED_NO, BREED_NAME, SPECIES_NO) VALUES (57, '아이리쉬 세터', 417000);
INSERT INTO NEWSOULMATE.BREED (BREED_NO, BREED_NAME, SPECIES_NO) VALUES (58, '아이리쉬 울프 하운드', 417000);
INSERT INTO NEWSOULMATE.BREED (BREED_NO, BREED_NAME, SPECIES_NO) VALUES (59, '아이리쉬소프트코튼휘튼테리어', 417000);
INSERT INTO NEWSOULMATE.BREED (BREED_NO, BREED_NAME, SPECIES_NO) VALUES (6, '아키다', 417000);
INSERT INTO NEWSOULMATE.BREED (BREED_NO, BREED_NAME, SPECIES_NO) VALUES (4, '아프간 하운드', 417000);
INSERT INTO NEWSOULMATE.BREED (BREED_NO, BREED_NAME, SPECIES_NO) VALUES (7, '알라스칸 말라뮤트', 417000);
INSERT INTO NEWSOULMATE.BREED (BREED_NO, BREED_NAME, SPECIES_NO) VALUES (5, '에어델 테리어', 417000);
INSERT INTO NEWSOULMATE.BREED (BREED_NO, BREED_NAME, SPECIES_NO) VALUES (143, '오브차카', 417000);
INSERT INTO NEWSOULMATE.BREED (BREED_NO, BREED_NAME, SPECIES_NO) VALUES (11, '오스트랄리안 셰퍼드 독', 417000);
INSERT INTO NEWSOULMATE.BREED (BREED_NO, BREED_NAME, SPECIES_NO) VALUES (10, '오스트랄리안 캐틀 독', 417000);
INSERT INTO NEWSOULMATE.BREED (BREED_NO, BREED_NAME, SPECIES_NO) VALUES (137, '올드 잉글리쉬 불독', 417000);
INSERT INTO NEWSOULMATE.BREED (BREED_NO, BREED_NAME, SPECIES_NO) VALUES (84, '올드 잉글리쉬 쉽독', 417000);
INSERT INTO NEWSOULMATE.BREED (BREED_NO, BREED_NAME, SPECIES_NO) VALUES (163, '와이마라너', 417000);
INSERT INTO NEWSOULMATE.BREED (BREED_NO, BREED_NAME, SPECIES_NO) VALUES (112, '와이어 폭스 테리어', 417000);
INSERT INTO NEWSOULMATE.BREED (BREED_NO, BREED_NAME, SPECIES_NO) VALUES (113, '요크셔 테리어', 417000);
INSERT INTO NEWSOULMATE.BREED (BREED_NO, BREED_NAME, SPECIES_NO) VALUES (149, '울프독', 417000);
INSERT INTO NEWSOULMATE.BREED (BREED_NO, BREED_NAME, SPECIES_NO) VALUES (211, '웨스트 시베리언 라이카', 417000);
INSERT INTO NEWSOULMATE.BREED (BREED_NO, BREED_NAME, SPECIES_NO) VALUES (110, '웨스트하이랜드화이트테리어', 417000);
INSERT INTO NEWSOULMATE.BREED (BREED_NO, BREED_NAME, SPECIES_NO) VALUES (205, '웰시 코기 카디건', 417000);
INSERT INTO NEWSOULMATE.BREED (BREED_NO, BREED_NAME, SPECIES_NO) VALUES (108, '웰시 코기 펨브로크', 417000);
INSERT INTO NEWSOULMATE.BREED (BREED_NO, BREED_NAME, SPECIES_NO) VALUES (109, '웰시 테리어', 417000);
INSERT INTO NEWSOULMATE.BREED (BREED_NO, BREED_NAME, SPECIES_NO) VALUES (60, '이탈리안 그레이 하운드', 417000);
INSERT INTO NEWSOULMATE.BREED (BREED_NO, BREED_NAME, SPECIES_NO) VALUES (46, '잉글리쉬 세터', 417000);
INSERT INTO NEWSOULMATE.BREED (BREED_NO, BREED_NAME, SPECIES_NO) VALUES (47, '잉글리쉬 스프링거 스파니엘', 417000);
INSERT INTO NEWSOULMATE.BREED (BREED_NO, BREED_NAME, SPECIES_NO) VALUES (44, '잉글리쉬 코카 스파니엘', 417000);
INSERT INTO NEWSOULMATE.BREED (BREED_NO, BREED_NAME, SPECIES_NO) VALUES (45, '잉글리쉬 포인터', 417000);
INSERT INTO NEWSOULMATE.BREED (BREED_NO, BREED_NAME, SPECIES_NO) VALUES (53, '자이언트 슈나우져', 417000);
INSERT INTO NEWSOULMATE.BREED (BREED_NO, BREED_NAME, SPECIES_NO) VALUES (62, '재패니즈 스피츠', 417000);
INSERT INTO NEWSOULMATE.BREED (BREED_NO, BREED_NAME, SPECIES_NO) VALUES (61, '잭 러셀 테리어', 417000);
INSERT INTO NEWSOULMATE.BREED (BREED_NO, BREED_NAME, SPECIES_NO) VALUES (52, '저먼 셰퍼드 독', 417000);
INSERT INTO NEWSOULMATE.BREED (BREED_NO, BREED_NAME, SPECIES_NO) VALUES (165, '저먼 와이어헤어드 포인터', 417000);
INSERT INTO NEWSOULMATE.BREED (BREED_NO, BREED_NAME, SPECIES_NO) VALUES (51, '저먼 포인터', 417000);
INSERT INTO NEWSOULMATE.BREED (BREED_NO, BREED_NAME, SPECIES_NO) VALUES (215, '저먼 헌팅 테리어', 417000);
INSERT INTO NEWSOULMATE.BREED (BREED_NO, BREED_NAME, SPECIES_NO) VALUES (156, '제주개', 417000);
INSERT INTO NEWSOULMATE.BREED (BREED_NO, BREED_NAME, SPECIES_NO) VALUES (129, '제페니즈칭', 417000);
INSERT INTO NEWSOULMATE.BREED (BREED_NO, BREED_NAME, SPECIES_NO) VALUES (67, '진도견', 417000);
INSERT INTO NEWSOULMATE.BREED (BREED_NO, BREED_NAME, SPECIES_NO) VALUES (35, '차우차우', 417000);
INSERT INTO NEWSOULMATE.BREED (BREED_NO, BREED_NAME, SPECIES_NO) VALUES (33, '차이니즈 크레스티드 독', 417000);
INSERT INTO NEWSOULMATE.BREED (BREED_NO, BREED_NAME, SPECIES_NO) VALUES (32, '치와와', 417000);
INSERT INTO NEWSOULMATE.BREED (BREED_NO, BREED_NAME, SPECIES_NO) VALUES (158, '카레리안 베어독', 417000);
INSERT INTO NEWSOULMATE.BREED (BREED_NO, BREED_NAME, SPECIES_NO) VALUES (144, '카이훗', 417000);
INSERT INTO NEWSOULMATE.BREED (BREED_NO, BREED_NAME, SPECIES_NO) VALUES (30, '캐벌리어 킹 찰스 스파니엘', 417000);
INSERT INTO NEWSOULMATE.BREED (BREED_NO, BREED_NAME, SPECIES_NO) VALUES (29, '케니스펜더', 417000);
INSERT INTO NEWSOULMATE.BREED (BREED_NO, BREED_NAME, SPECIES_NO) VALUES (64, '케리 블루 테리어', 417000);
INSERT INTO NEWSOULMATE.BREED (BREED_NO, BREED_NAME, SPECIES_NO) VALUES (207, '케언 테리어', 417000);
INSERT INTO NEWSOULMATE.BREED (BREED_NO, BREED_NAME, SPECIES_NO) VALUES (28, '케인 코르소', 417000);
INSERT INTO NEWSOULMATE.BREED (BREED_NO, BREED_NAME, SPECIES_NO) VALUES (2, '코리아 트라이 하운드', 417000);
INSERT INTO NEWSOULMATE.BREED (BREED_NO, BREED_NAME, SPECIES_NO) VALUES (68, '코리안 마스티프', 417000);
INSERT INTO NEWSOULMATE.BREED (BREED_NO, BREED_NAME, SPECIES_NO) VALUES (125, '코카 스파니엘', 417000);
INSERT INTO NEWSOULMATE.BREED (BREED_NO, BREED_NAME, SPECIES_NO) VALUES (141, '코카 푸', 417000);
INSERT INTO NEWSOULMATE.BREED (BREED_NO, BREED_NAME, SPECIES_NO) VALUES (145, '코카시안오브차카', 417000);
INSERT INTO NEWSOULMATE.BREED (BREED_NO, BREED_NAME, SPECIES_NO) VALUES (36, '콜리', 417000);
INSERT INTO NEWSOULMATE.BREED (BREED_NO, BREED_NAME, SPECIES_NO) VALUES (66, '클라인스피츠', 417000);
INSERT INTO NEWSOULMATE.BREED (BREED_NO, BREED_NAME, SPECIES_NO) VALUES (65, '키슈', 417000);
INSERT INTO NEWSOULMATE.BREED (BREED_NO, BREED_NAME, SPECIES_NO) VALUES (63, '키스 훈드', 417000);
INSERT INTO NEWSOULMATE.BREED (BREED_NO, BREED_NAME, SPECIES_NO) VALUES (140, '토이 맨체스터 테리어', 417000);
INSERT INTO NEWSOULMATE.BREED (BREED_NO, BREED_NAME, SPECIES_NO) VALUES (107, '토이 푸들', 417000);
INSERT INTO NEWSOULMATE.BREED (BREED_NO, BREED_NAME, SPECIES_NO) VALUES (106, '티베탄 마스티프', 417000);
INSERT INTO NEWSOULMATE.BREED (BREED_NO, BREED_NAME, SPECIES_NO) VALUES (209, '파라오 하운드', 417000);
INSERT INTO NEWSOULMATE.BREED (BREED_NO, BREED_NAME, SPECIES_NO) VALUES (86, '파슨 러셀 테리어', 417000);
INSERT INTO NEWSOULMATE.BREED (BREED_NO, BREED_NAME, SPECIES_NO) VALUES (88, '팔렌', 417000);
INSERT INTO NEWSOULMATE.BREED (BREED_NO, BREED_NAME, SPECIES_NO) VALUES (90, '퍼그', 417000);
INSERT INTO NEWSOULMATE.BREED (BREED_NO, BREED_NAME, SPECIES_NO) VALUES (87, '페키니즈', 417000);
INSERT INTO NEWSOULMATE.BREED (BREED_NO, BREED_NAME, SPECIES_NO) VALUES (138, '페터데일테리어', 417000);
INSERT INTO NEWSOULMATE.BREED (BREED_NO, BREED_NAME, SPECIES_NO) VALUES (89, '포메라니안', 417000);
INSERT INTO NEWSOULMATE.BREED (BREED_NO, BREED_NAME, SPECIES_NO) VALUES (126, '포인터', 417000);
INSERT INTO NEWSOULMATE.BREED (BREED_NO, BREED_NAME, SPECIES_NO) VALUES (127, '폭스테리어', 417000);
INSERT INTO NEWSOULMATE.BREED (BREED_NO, BREED_NAME, SPECIES_NO) VALUES (128, '푸들', 417000);
INSERT INTO NEWSOULMATE.BREED (BREED_NO, BREED_NAME, SPECIES_NO) VALUES (91, '풀리', 417000);
INSERT INTO NEWSOULMATE.BREED (BREED_NO, BREED_NAME, SPECIES_NO) VALUES (3, '풍산견', 417000);
INSERT INTO NEWSOULMATE.BREED (BREED_NO, BREED_NAME, SPECIES_NO) VALUES (161, '프레사까나리오', 417000);
INSERT INTO NEWSOULMATE.BREED (BREED_NO, BREED_NAME, SPECIES_NO) VALUES (50, '프렌치 불독', 417000);
INSERT INTO NEWSOULMATE.BREED (BREED_NO, BREED_NAME, SPECIES_NO) VALUES (168, '프렌치 브리타니', 417000);
INSERT INTO NEWSOULMATE.BREED (BREED_NO, BREED_NAME, SPECIES_NO) VALUES (49, '플랫 코티드 리트리버', 417000);
INSERT INTO NEWSOULMATE.BREED (BREED_NO, BREED_NAME, SPECIES_NO) VALUES (147, '플롯하운드', 417000);
INSERT INTO NEWSOULMATE.BREED (BREED_NO, BREED_NAME, SPECIES_NO) VALUES (92, '피레니안 마운틴 독', 417000);
INSERT INTO NEWSOULMATE.BREED (BREED_NO, BREED_NAME, SPECIES_NO) VALUES (48, '필라 브라질레이로', 417000);
INSERT INTO NEWSOULMATE.BREED (BREED_NO, BREED_NAME, SPECIES_NO) VALUES (135, '핏불테리어', 417000);
INSERT INTO NEWSOULMATE.BREED (BREED_NO, BREED_NAME, SPECIES_NO) VALUES (206, '허배너스', 417000);
INSERT INTO NEWSOULMATE.BREED (BREED_NO, BREED_NAME, SPECIES_NO) VALUES (130, '화이트리트리버', 417000);
INSERT INTO NEWSOULMATE.BREED (BREED_NO, BREED_NAME, SPECIES_NO) VALUES (134, '화이트테리어', 417000);
INSERT INTO NEWSOULMATE.BREED (BREED_NO, BREED_NAME, SPECIES_NO) VALUES (111, '휘펫', 417000);
INSERT INTO NEWSOULMATE.BREED (BREED_NO, BREED_NAME, SPECIES_NO) VALUES (116, '고양이', 417000);
INSERT INTO NEWSOULMATE.BREED (BREED_NO, BREED_NAME, SPECIES_NO) VALUES (201, '기타', 417000);

INSERT INTO NEWSOULMATE.VILLAGE (VILLAGE_NO, CITY_NO, VILLAGE_NAME) VALUES (3240000, 6110000, '강동구');
INSERT INTO NEWSOULMATE.VILLAGE (VILLAGE_NO, CITY_NO, VILLAGE_NAME) VALUES (3080000, 6110000, '강북구');
INSERT INTO NEWSOULMATE.VILLAGE (VILLAGE_NO, CITY_NO, VILLAGE_NAME) VALUES (3150000, 6110000, '강서구');
INSERT INTO NEWSOULMATE.VILLAGE (VILLAGE_NO, CITY_NO, VILLAGE_NAME) VALUES (3200000, 6110000, '관악구');
INSERT INTO NEWSOULMATE.VILLAGE (VILLAGE_NO, CITY_NO, VILLAGE_NAME) VALUES (3040000, 6110000, '광진구');
INSERT INTO NEWSOULMATE.VILLAGE (VILLAGE_NO, CITY_NO, VILLAGE_NAME) VALUES (3160000, 6110000, '구로구');
INSERT INTO NEWSOULMATE.VILLAGE (VILLAGE_NO, CITY_NO, VILLAGE_NAME) VALUES (3170000, 6110000, '금천구');
INSERT INTO NEWSOULMATE.VILLAGE (VILLAGE_NO, CITY_NO, VILLAGE_NAME) VALUES (3100000, 6110000, '노원구');
INSERT INTO NEWSOULMATE.VILLAGE (VILLAGE_NO, CITY_NO, VILLAGE_NAME) VALUES (3090000, 6110000, '도봉구');
INSERT INTO NEWSOULMATE.VILLAGE (VILLAGE_NO, CITY_NO, VILLAGE_NAME) VALUES (3050000, 6110000, '동대문구');
INSERT INTO NEWSOULMATE.VILLAGE (VILLAGE_NO, CITY_NO, VILLAGE_NAME) VALUES (3190000, 6110000, '동작구');
INSERT INTO NEWSOULMATE.VILLAGE (VILLAGE_NO, CITY_NO, VILLAGE_NAME) VALUES (3130000, 6110000, '마포구');
INSERT INTO NEWSOULMATE.VILLAGE (VILLAGE_NO, CITY_NO, VILLAGE_NAME) VALUES (3120000, 6110000, '서대문구');
INSERT INTO NEWSOULMATE.VILLAGE (VILLAGE_NO, CITY_NO, VILLAGE_NAME) VALUES (6119998, 6110000, '서울특별시');
INSERT INTO NEWSOULMATE.VILLAGE (VILLAGE_NO, CITY_NO, VILLAGE_NAME) VALUES (3210000, 6110000, '서초구');
INSERT INTO NEWSOULMATE.VILLAGE (VILLAGE_NO, CITY_NO, VILLAGE_NAME) VALUES (3030000, 6110000, '성동구');
INSERT INTO NEWSOULMATE.VILLAGE (VILLAGE_NO, CITY_NO, VILLAGE_NAME) VALUES (3070000, 6110000, '성북구');
INSERT INTO NEWSOULMATE.VILLAGE (VILLAGE_NO, CITY_NO, VILLAGE_NAME) VALUES (3230000, 6110000, '송파구');
INSERT INTO NEWSOULMATE.VILLAGE (VILLAGE_NO, CITY_NO, VILLAGE_NAME) VALUES (3140000, 6110000, '양천구');
INSERT INTO NEWSOULMATE.VILLAGE (VILLAGE_NO, CITY_NO, VILLAGE_NAME) VALUES (3180000, 6110000, '영등포구');
INSERT INTO NEWSOULMATE.VILLAGE (VILLAGE_NO, CITY_NO, VILLAGE_NAME) VALUES (3020000, 6110000, '용산구');
INSERT INTO NEWSOULMATE.VILLAGE (VILLAGE_NO, CITY_NO, VILLAGE_NAME) VALUES (3110000, 6110000, '은평구');
INSERT INTO NEWSOULMATE.VILLAGE (VILLAGE_NO, CITY_NO, VILLAGE_NAME) VALUES (3000000, 6110000, '종로구');
INSERT INTO NEWSOULMATE.VILLAGE (VILLAGE_NO, CITY_NO, VILLAGE_NAME) VALUES (3010000, 6110000, '중구');
INSERT INTO NEWSOULMATE.VILLAGE (VILLAGE_NO, CITY_NO, VILLAGE_NAME) VALUES (3360000, 6260000, '강서구');
INSERT INTO NEWSOULMATE.VILLAGE (VILLAGE_NO, CITY_NO, VILLAGE_NAME) VALUES (3350000, 6260000, '금정구');
INSERT INTO NEWSOULMATE.VILLAGE (VILLAGE_NO, CITY_NO, VILLAGE_NAME) VALUES (3400000, 6260000, '기장군');
INSERT INTO NEWSOULMATE.VILLAGE (VILLAGE_NO, CITY_NO, VILLAGE_NAME) VALUES (3310000, 6260000, '남구');
INSERT INTO NEWSOULMATE.VILLAGE (VILLAGE_NO, CITY_NO, VILLAGE_NAME) VALUES (3270000, 6260000, '동구');
INSERT INTO NEWSOULMATE.VILLAGE (VILLAGE_NO, CITY_NO, VILLAGE_NAME) VALUES (3300000, 6260000, '동래구');
INSERT INTO NEWSOULMATE.VILLAGE (VILLAGE_NO, CITY_NO, VILLAGE_NAME) VALUES (3290000, 6260000, '부산진구');
INSERT INTO NEWSOULMATE.VILLAGE (VILLAGE_NO, CITY_NO, VILLAGE_NAME) VALUES (3320000, 6260000, '북구');
INSERT INTO NEWSOULMATE.VILLAGE (VILLAGE_NO, CITY_NO, VILLAGE_NAME) VALUES (3390000, 6260000, '사상구');
INSERT INTO NEWSOULMATE.VILLAGE (VILLAGE_NO, CITY_NO, VILLAGE_NAME) VALUES (3340000, 6260000, '사하구');
INSERT INTO NEWSOULMATE.VILLAGE (VILLAGE_NO, CITY_NO, VILLAGE_NAME) VALUES (3260000, 6260000, '서구');
INSERT INTO NEWSOULMATE.VILLAGE (VILLAGE_NO, CITY_NO, VILLAGE_NAME) VALUES (3380000, 6260000, '수영구');
INSERT INTO NEWSOULMATE.VILLAGE (VILLAGE_NO, CITY_NO, VILLAGE_NAME) VALUES (3370000, 6260000, '연제구');
INSERT INTO NEWSOULMATE.VILLAGE (VILLAGE_NO, CITY_NO, VILLAGE_NAME) VALUES (3280000, 6260000, '영도구');
INSERT INTO NEWSOULMATE.VILLAGE (VILLAGE_NO, CITY_NO, VILLAGE_NAME) VALUES (3250000, 6260000, '중구');
INSERT INTO NEWSOULMATE.VILLAGE (VILLAGE_NO, CITY_NO, VILLAGE_NAME) VALUES (3440000, 6270000, '남구');
INSERT INTO NEWSOULMATE.VILLAGE (VILLAGE_NO, CITY_NO, VILLAGE_NAME) VALUES (3470000, 6270000, '달서구');
INSERT INTO NEWSOULMATE.VILLAGE (VILLAGE_NO, CITY_NO, VILLAGE_NAME) VALUES (3480000, 6270000, '달성군');
INSERT INTO NEWSOULMATE.VILLAGE (VILLAGE_NO, CITY_NO, VILLAGE_NAME) VALUES (3420000, 6270000, '동구');
INSERT INTO NEWSOULMATE.VILLAGE (VILLAGE_NO, CITY_NO, VILLAGE_NAME) VALUES (3450000, 6270000, '북구');
INSERT INTO NEWSOULMATE.VILLAGE (VILLAGE_NO, CITY_NO, VILLAGE_NAME) VALUES (3430000, 6270000, '서구');
INSERT INTO NEWSOULMATE.VILLAGE (VILLAGE_NO, CITY_NO, VILLAGE_NAME) VALUES (3460000, 6270000, '수성구');
INSERT INTO NEWSOULMATE.VILLAGE (VILLAGE_NO, CITY_NO, VILLAGE_NAME) VALUES (3570000, 6280000, '강화군');
INSERT INTO NEWSOULMATE.VILLAGE (VILLAGE_NO, CITY_NO, VILLAGE_NAME) VALUES (3550000, 6280000, '계양구');
INSERT INTO NEWSOULMATE.VILLAGE (VILLAGE_NO, CITY_NO, VILLAGE_NAME) VALUES (3530000, 6280000, '남동구');
INSERT INTO NEWSOULMATE.VILLAGE (VILLAGE_NO, CITY_NO, VILLAGE_NAME) VALUES (3500000, 6280000, '동구');
INSERT INTO NEWSOULMATE.VILLAGE (VILLAGE_NO, CITY_NO, VILLAGE_NAME) VALUES (3510500, 6280000, '미추홀구');
INSERT INTO NEWSOULMATE.VILLAGE (VILLAGE_NO, CITY_NO, VILLAGE_NAME) VALUES (3540000, 6280000, '부평구');
INSERT INTO NEWSOULMATE.VILLAGE (VILLAGE_NO, CITY_NO, VILLAGE_NAME) VALUES (3560000, 6280000, '서구');
INSERT INTO NEWSOULMATE.VILLAGE (VILLAGE_NO, CITY_NO, VILLAGE_NAME) VALUES (3520000, 6280000, '연수구');
INSERT INTO NEWSOULMATE.VILLAGE (VILLAGE_NO, CITY_NO, VILLAGE_NAME) VALUES (3580000, 6280000, '옹진군');
INSERT INTO NEWSOULMATE.VILLAGE (VILLAGE_NO, CITY_NO, VILLAGE_NAME) VALUES (3630000, 6290000, '광산구');
INSERT INTO NEWSOULMATE.VILLAGE (VILLAGE_NO, CITY_NO, VILLAGE_NAME) VALUES (3610000, 6290000, '남구');
INSERT INTO NEWSOULMATE.VILLAGE (VILLAGE_NO, CITY_NO, VILLAGE_NAME) VALUES (3590000, 6290000, '동구');
INSERT INTO NEWSOULMATE.VILLAGE (VILLAGE_NO, CITY_NO, VILLAGE_NAME) VALUES (3620000, 6290000, '북구');
INSERT INTO NEWSOULMATE.VILLAGE (VILLAGE_NO, CITY_NO, VILLAGE_NAME) VALUES (3700000, 6310000, '남구');
INSERT INTO NEWSOULMATE.VILLAGE (VILLAGE_NO, CITY_NO, VILLAGE_NAME) VALUES (3710000, 6310000, '동구');
INSERT INTO NEWSOULMATE.VILLAGE (VILLAGE_NO, CITY_NO, VILLAGE_NAME) VALUES (3720000, 6310000, '북구');
INSERT INTO NEWSOULMATE.VILLAGE (VILLAGE_NO, CITY_NO, VILLAGE_NAME) VALUES (3730000, 6310000, '울주군');
INSERT INTO NEWSOULMATE.VILLAGE (VILLAGE_NO, CITY_NO, VILLAGE_NAME) VALUES (4160000, 6410000, '가평군');
INSERT INTO NEWSOULMATE.VILLAGE (VILLAGE_NO, CITY_NO, VILLAGE_NAME) VALUES (3940000, 6410000, '고양시');
INSERT INTO NEWSOULMATE.VILLAGE (VILLAGE_NO, CITY_NO, VILLAGE_NAME) VALUES (3970000, 6410000, '과천시');
INSERT INTO NEWSOULMATE.VILLAGE (VILLAGE_NO, CITY_NO, VILLAGE_NAME) VALUES (3900000, 6410000, '광명시');
INSERT INTO NEWSOULMATE.VILLAGE (VILLAGE_NO, CITY_NO, VILLAGE_NAME) VALUES (5540000, 6410000, '광주시');
INSERT INTO NEWSOULMATE.VILLAGE (VILLAGE_NO, CITY_NO, VILLAGE_NAME) VALUES (3980000, 6410000, '구리시');
INSERT INTO NEWSOULMATE.VILLAGE (VILLAGE_NO, CITY_NO, VILLAGE_NAME) VALUES (4020000, 6410000, '군포시');
INSERT INTO NEWSOULMATE.VILLAGE (VILLAGE_NO, CITY_NO, VILLAGE_NAME) VALUES (4090000, 6410000, '김포시');
INSERT INTO NEWSOULMATE.VILLAGE (VILLAGE_NO, CITY_NO, VILLAGE_NAME) VALUES (3990000, 6410000, '남양주시');
INSERT INTO NEWSOULMATE.VILLAGE (VILLAGE_NO, CITY_NO, VILLAGE_NAME) VALUES (3920000, 6410000, '동두천시');
INSERT INTO NEWSOULMATE.VILLAGE (VILLAGE_NO, CITY_NO, VILLAGE_NAME) VALUES (3860000, 6410000, '부천시');
INSERT INTO NEWSOULMATE.VILLAGE (VILLAGE_NO, CITY_NO, VILLAGE_NAME) VALUES (3780000, 6410000, '성남시');
INSERT INTO NEWSOULMATE.VILLAGE (VILLAGE_NO, CITY_NO, VILLAGE_NAME) VALUES (3740000, 6410000, '수원시');
INSERT INTO NEWSOULMATE.VILLAGE (VILLAGE_NO, CITY_NO, VILLAGE_NAME) VALUES (4010000, 6410000, '시흥시');
INSERT INTO NEWSOULMATE.VILLAGE (VILLAGE_NO, CITY_NO, VILLAGE_NAME) VALUES (3930000, 6410000, '안산시');
INSERT INTO NEWSOULMATE.VILLAGE (VILLAGE_NO, CITY_NO, VILLAGE_NAME) VALUES (4080000, 6410000, '안성시');
INSERT INTO NEWSOULMATE.VILLAGE (VILLAGE_NO, CITY_NO, VILLAGE_NAME) VALUES (3830000, 6410000, '안양시');
INSERT INTO NEWSOULMATE.VILLAGE (VILLAGE_NO, CITY_NO, VILLAGE_NAME) VALUES (5590000, 6410000, '양주시');
INSERT INTO NEWSOULMATE.VILLAGE (VILLAGE_NO, CITY_NO, VILLAGE_NAME) VALUES (4170000, 6410000, '양평군');
INSERT INTO NEWSOULMATE.VILLAGE (VILLAGE_NO, CITY_NO, VILLAGE_NAME) VALUES (5700000, 6410000, '여주시');
INSERT INTO NEWSOULMATE.VILLAGE (VILLAGE_NO, CITY_NO, VILLAGE_NAME) VALUES (4140000, 6410000, '연천군');
INSERT INTO NEWSOULMATE.VILLAGE (VILLAGE_NO, CITY_NO, VILLAGE_NAME) VALUES (4000000, 6410000, '오산시');
INSERT INTO NEWSOULMATE.VILLAGE (VILLAGE_NO, CITY_NO, VILLAGE_NAME) VALUES (4050000, 6410000, '용인시');
INSERT INTO NEWSOULMATE.VILLAGE (VILLAGE_NO, CITY_NO, VILLAGE_NAME) VALUES (5630000, 6410000, '용인시 기흥구');
INSERT INTO NEWSOULMATE.VILLAGE (VILLAGE_NO, CITY_NO, VILLAGE_NAME) VALUES (4030000, 6410000, '의왕시');
INSERT INTO NEWSOULMATE.VILLAGE (VILLAGE_NO, CITY_NO, VILLAGE_NAME) VALUES (3820000, 6410000, '의정부시');
INSERT INTO NEWSOULMATE.VILLAGE (VILLAGE_NO, CITY_NO, VILLAGE_NAME) VALUES (4070000, 6410000, '이천시');
INSERT INTO NEWSOULMATE.VILLAGE (VILLAGE_NO, CITY_NO, VILLAGE_NAME) VALUES (4060000, 6410000, '파주시');
INSERT INTO NEWSOULMATE.VILLAGE (VILLAGE_NO, CITY_NO, VILLAGE_NAME) VALUES (3910000, 6410000, '평택시');
INSERT INTO NEWSOULMATE.VILLAGE (VILLAGE_NO, CITY_NO, VILLAGE_NAME) VALUES (5600000, 6410000, '포천시');
INSERT INTO NEWSOULMATE.VILLAGE (VILLAGE_NO, CITY_NO, VILLAGE_NAME) VALUES (4040000, 6410000, '하남시');
INSERT INTO NEWSOULMATE.VILLAGE (VILLAGE_NO, CITY_NO, VILLAGE_NAME) VALUES (4200000, 6420000, '강릉시');
INSERT INTO NEWSOULMATE.VILLAGE (VILLAGE_NO, CITY_NO, VILLAGE_NAME) VALUES (4340000, 6420000, '고성군');
INSERT INTO NEWSOULMATE.VILLAGE (VILLAGE_NO, CITY_NO, VILLAGE_NAME) VALUES (4210000, 6420000, '동해시');
INSERT INTO NEWSOULMATE.VILLAGE (VILLAGE_NO, CITY_NO, VILLAGE_NAME) VALUES (4240000, 6420000, '삼척시');
INSERT INTO NEWSOULMATE.VILLAGE (VILLAGE_NO, CITY_NO, VILLAGE_NAME) VALUES (4230000, 6420000, '속초시');
INSERT INTO NEWSOULMATE.VILLAGE (VILLAGE_NO, CITY_NO, VILLAGE_NAME) VALUES (4320000, 6420000, '양구군');
INSERT INTO NEWSOULMATE.VILLAGE (VILLAGE_NO, CITY_NO, VILLAGE_NAME) VALUES (4350000, 6420000, '양양군');
INSERT INTO NEWSOULMATE.VILLAGE (VILLAGE_NO, CITY_NO, VILLAGE_NAME) VALUES (4270000, 6420000, '영월군');
INSERT INTO NEWSOULMATE.VILLAGE (VILLAGE_NO, CITY_NO, VILLAGE_NAME) VALUES (4190000, 6420000, '원주시');
INSERT INTO NEWSOULMATE.VILLAGE (VILLAGE_NO, CITY_NO, VILLAGE_NAME) VALUES (4330000, 6420000, '인제군');
INSERT INTO NEWSOULMATE.VILLAGE (VILLAGE_NO, CITY_NO, VILLAGE_NAME) VALUES (4290000, 6420000, '정선군');
INSERT INTO NEWSOULMATE.VILLAGE (VILLAGE_NO, CITY_NO, VILLAGE_NAME) VALUES (4300000, 6420000, '철원군');
INSERT INTO NEWSOULMATE.VILLAGE (VILLAGE_NO, CITY_NO, VILLAGE_NAME) VALUES (4180000, 6420000, '춘천시');
INSERT INTO NEWSOULMATE.VILLAGE (VILLAGE_NO, CITY_NO, VILLAGE_NAME) VALUES (4220000, 6420000, '태백시');
INSERT INTO NEWSOULMATE.VILLAGE (VILLAGE_NO, CITY_NO, VILLAGE_NAME) VALUES (4280000, 6420000, '평창군');
INSERT INTO NEWSOULMATE.VILLAGE (VILLAGE_NO, CITY_NO, VILLAGE_NAME) VALUES (4250000, 6420000, '홍천군');
INSERT INTO NEWSOULMATE.VILLAGE (VILLAGE_NO, CITY_NO, VILLAGE_NAME) VALUES (4310000, 6420000, '화천군');
INSERT INTO NEWSOULMATE.VILLAGE (VILLAGE_NO, CITY_NO, VILLAGE_NAME) VALUES (4460000, 6430000, '괴산군');
INSERT INTO NEWSOULMATE.VILLAGE (VILLAGE_NO, CITY_NO, VILLAGE_NAME) VALUES (4480000, 6430000, '단양군');
INSERT INTO NEWSOULMATE.VILLAGE (VILLAGE_NO, CITY_NO, VILLAGE_NAME) VALUES (4420000, 6430000, '보은군');
INSERT INTO NEWSOULMATE.VILLAGE (VILLAGE_NO, CITY_NO, VILLAGE_NAME) VALUES (4440000, 6430000, '영동군');
INSERT INTO NEWSOULMATE.VILLAGE (VILLAGE_NO, CITY_NO, VILLAGE_NAME) VALUES (4430000, 6430000, '옥천군');
INSERT INTO NEWSOULMATE.VILLAGE (VILLAGE_NO, CITY_NO, VILLAGE_NAME) VALUES (4470000, 6430000, '음성군');
INSERT INTO NEWSOULMATE.VILLAGE (VILLAGE_NO, CITY_NO, VILLAGE_NAME) VALUES (4400000, 6430000, '제천시');
INSERT INTO NEWSOULMATE.VILLAGE (VILLAGE_NO, CITY_NO, VILLAGE_NAME) VALUES (5570000, 6430000, '증평군');
INSERT INTO NEWSOULMATE.VILLAGE (VILLAGE_NO, CITY_NO, VILLAGE_NAME) VALUES (4450000, 6430000, '진천군');
INSERT INTO NEWSOULMATE.VILLAGE (VILLAGE_NO, CITY_NO, VILLAGE_NAME) VALUES (5710000, 6430000, '청주시');
INSERT INTO NEWSOULMATE.VILLAGE (VILLAGE_NO, CITY_NO, VILLAGE_NAME) VALUES (5580000, 6440000, '계룡시');
INSERT INTO NEWSOULMATE.VILLAGE (VILLAGE_NO, CITY_NO, VILLAGE_NAME) VALUES (4500000, 6440000, '공주시');
INSERT INTO NEWSOULMATE.VILLAGE (VILLAGE_NO, CITY_NO, VILLAGE_NAME) VALUES (4550000, 6440000, '금산군');
INSERT INTO NEWSOULMATE.VILLAGE (VILLAGE_NO, CITY_NO, VILLAGE_NAME) VALUES (4540000, 6440000, '논산시');
INSERT INTO NEWSOULMATE.VILLAGE (VILLAGE_NO, CITY_NO, VILLAGE_NAME) VALUES (5680000, 6440000, '당진시');
INSERT INTO NEWSOULMATE.VILLAGE (VILLAGE_NO, CITY_NO, VILLAGE_NAME) VALUES (4510000, 6440000, '보령시');
INSERT INTO NEWSOULMATE.VILLAGE (VILLAGE_NO, CITY_NO, VILLAGE_NAME) VALUES (4570000, 6440000, '부여군');
INSERT INTO NEWSOULMATE.VILLAGE (VILLAGE_NO, CITY_NO, VILLAGE_NAME) VALUES (4530000, 6440000, '서산시');
INSERT INTO NEWSOULMATE.VILLAGE (VILLAGE_NO, CITY_NO, VILLAGE_NAME) VALUES (4580000, 6440000, '서천군');
INSERT INTO NEWSOULMATE.VILLAGE (VILLAGE_NO, CITY_NO, VILLAGE_NAME) VALUES (4520000, 6440000, '아산시');
INSERT INTO NEWSOULMATE.VILLAGE (VILLAGE_NO, CITY_NO, VILLAGE_NAME) VALUES (4560000, 6440000, '연기군');
INSERT INTO NEWSOULMATE.VILLAGE (VILLAGE_NO, CITY_NO, VILLAGE_NAME) VALUES (4610000, 6440000, '예산군');
INSERT INTO NEWSOULMATE.VILLAGE (VILLAGE_NO, CITY_NO, VILLAGE_NAME) VALUES (4490000, 6440000, '천안시');
INSERT INTO NEWSOULMATE.VILLAGE (VILLAGE_NO, CITY_NO, VILLAGE_NAME) VALUES (4590000, 6440000, '청양군');
INSERT INTO NEWSOULMATE.VILLAGE (VILLAGE_NO, CITY_NO, VILLAGE_NAME) VALUES (4620000, 6440000, '태안군');
INSERT INTO NEWSOULMATE.VILLAGE (VILLAGE_NO, CITY_NO, VILLAGE_NAME) VALUES (4780000, 6450000, '고창군');
INSERT INTO NEWSOULMATE.VILLAGE (VILLAGE_NO, CITY_NO, VILLAGE_NAME) VALUES (4670000, 6450000, '군산시');
INSERT INTO NEWSOULMATE.VILLAGE (VILLAGE_NO, CITY_NO, VILLAGE_NAME) VALUES (4710000, 6450000, '김제시');
INSERT INTO NEWSOULMATE.VILLAGE (VILLAGE_NO, CITY_NO, VILLAGE_NAME) VALUES (4700000, 6450000, '남원시');
INSERT INTO NEWSOULMATE.VILLAGE (VILLAGE_NO, CITY_NO, VILLAGE_NAME) VALUES (4740000, 6450000, '무주군');
INSERT INTO NEWSOULMATE.VILLAGE (VILLAGE_NO, CITY_NO, VILLAGE_NAME) VALUES (4790000, 6450000, '부안군');
INSERT INTO NEWSOULMATE.VILLAGE (VILLAGE_NO, CITY_NO, VILLAGE_NAME) VALUES (4770000, 6450000, '순창군');
INSERT INTO NEWSOULMATE.VILLAGE (VILLAGE_NO, CITY_NO, VILLAGE_NAME) VALUES (4720000, 6450000, '완주군');
INSERT INTO NEWSOULMATE.VILLAGE (VILLAGE_NO, CITY_NO, VILLAGE_NAME) VALUES (4680000, 6450000, '익산시');
INSERT INTO NEWSOULMATE.VILLAGE (VILLAGE_NO, CITY_NO, VILLAGE_NAME) VALUES (4760000, 6450000, '임실군');
INSERT INTO NEWSOULMATE.VILLAGE (VILLAGE_NO, CITY_NO, VILLAGE_NAME) VALUES (4750000, 6450000, '장수군');
INSERT INTO NEWSOULMATE.VILLAGE (VILLAGE_NO, CITY_NO, VILLAGE_NAME) VALUES (4640000, 6450000, '전주시');
INSERT INTO NEWSOULMATE.VILLAGE (VILLAGE_NO, CITY_NO, VILLAGE_NAME) VALUES (4690000, 6450000, '정읍시');
INSERT INTO NEWSOULMATE.VILLAGE (VILLAGE_NO, CITY_NO, VILLAGE_NAME) VALUES (4920000, 6460000, '강진군');
INSERT INTO NEWSOULMATE.VILLAGE (VILLAGE_NO, CITY_NO, VILLAGE_NAME) VALUES (4880000, 6460000, '고흥군');
INSERT INTO NEWSOULMATE.VILLAGE (VILLAGE_NO, CITY_NO, VILLAGE_NAME) VALUES (4860000, 6460000, '곡성군');
INSERT INTO NEWSOULMATE.VILLAGE (VILLAGE_NO, CITY_NO, VILLAGE_NAME) VALUES (4840000, 6460000, '광양시');
INSERT INTO NEWSOULMATE.VILLAGE (VILLAGE_NO, CITY_NO, VILLAGE_NAME) VALUES (4870000, 6460000, '구례군');
INSERT INTO NEWSOULMATE.VILLAGE (VILLAGE_NO, CITY_NO, VILLAGE_NAME) VALUES (4830000, 6460000, '나주시');
INSERT INTO NEWSOULMATE.VILLAGE (VILLAGE_NO, CITY_NO, VILLAGE_NAME) VALUES (4850000, 6460000, '담양군');
INSERT INTO NEWSOULMATE.VILLAGE (VILLAGE_NO, CITY_NO, VILLAGE_NAME) VALUES (4800000, 6460000, '목포시');
INSERT INTO NEWSOULMATE.VILLAGE (VILLAGE_NO, CITY_NO, VILLAGE_NAME) VALUES (4950000, 6460000, '무안군');
INSERT INTO NEWSOULMATE.VILLAGE (VILLAGE_NO, CITY_NO, VILLAGE_NAME) VALUES (4890000, 6460000, '보성군');
INSERT INTO NEWSOULMATE.VILLAGE (VILLAGE_NO, CITY_NO, VILLAGE_NAME) VALUES (4820000, 6460000, '순천시');
INSERT INTO NEWSOULMATE.VILLAGE (VILLAGE_NO, CITY_NO, VILLAGE_NAME) VALUES (5010000, 6460000, '신안군');
INSERT INTO NEWSOULMATE.VILLAGE (VILLAGE_NO, CITY_NO, VILLAGE_NAME) VALUES (4810000, 6460000, '여수시');
INSERT INTO NEWSOULMATE.VILLAGE (VILLAGE_NO, CITY_NO, VILLAGE_NAME) VALUES (4970000, 6460000, '영광군');
INSERT INTO NEWSOULMATE.VILLAGE (VILLAGE_NO, CITY_NO, VILLAGE_NAME) VALUES (4940000, 6460000, '영암군');
INSERT INTO NEWSOULMATE.VILLAGE (VILLAGE_NO, CITY_NO, VILLAGE_NAME) VALUES (4990000, 6460000, '완도군');
INSERT INTO NEWSOULMATE.VILLAGE (VILLAGE_NO, CITY_NO, VILLAGE_NAME) VALUES (4980000, 6460000, '장성군');
INSERT INTO NEWSOULMATE.VILLAGE (VILLAGE_NO, CITY_NO, VILLAGE_NAME) VALUES (4910000, 6460000, '장흥군');
INSERT INTO NEWSOULMATE.VILLAGE (VILLAGE_NO, CITY_NO, VILLAGE_NAME) VALUES (5000000, 6460000, '진도군');
INSERT INTO NEWSOULMATE.VILLAGE (VILLAGE_NO, CITY_NO, VILLAGE_NAME) VALUES (4960000, 6460000, '함평군');
INSERT INTO NEWSOULMATE.VILLAGE (VILLAGE_NO, CITY_NO, VILLAGE_NAME) VALUES (4930000, 6460000, '해남군');
INSERT INTO NEWSOULMATE.VILLAGE (VILLAGE_NO, CITY_NO, VILLAGE_NAME) VALUES (5130000, 6470000, '경산시');
INSERT INTO NEWSOULMATE.VILLAGE (VILLAGE_NO, CITY_NO, VILLAGE_NAME) VALUES (6479998, 6470000, '경상북도');
INSERT INTO NEWSOULMATE.VILLAGE (VILLAGE_NO, CITY_NO, VILLAGE_NAME) VALUES (5050000, 6470000, '경주시');
INSERT INTO NEWSOULMATE.VILLAGE (VILLAGE_NO, CITY_NO, VILLAGE_NAME) VALUES (5200000, 6470000, '고령군');
INSERT INTO NEWSOULMATE.VILLAGE (VILLAGE_NO, CITY_NO, VILLAGE_NAME) VALUES (5080000, 6470000, '구미시');
INSERT INTO NEWSOULMATE.VILLAGE (VILLAGE_NO, CITY_NO, VILLAGE_NAME) VALUES (5140000, 6470000, '군위군');
INSERT INTO NEWSOULMATE.VILLAGE (VILLAGE_NO, CITY_NO, VILLAGE_NAME) VALUES (5060000, 6470000, '김천시');
INSERT INTO NEWSOULMATE.VILLAGE (VILLAGE_NO, CITY_NO, VILLAGE_NAME) VALUES (5120000, 6470000, '문경시');
INSERT INTO NEWSOULMATE.VILLAGE (VILLAGE_NO, CITY_NO, VILLAGE_NAME) VALUES (5240000, 6470000, '봉화군');
INSERT INTO NEWSOULMATE.VILLAGE (VILLAGE_NO, CITY_NO, VILLAGE_NAME) VALUES (5110000, 6470000, '상주시');
INSERT INTO NEWSOULMATE.VILLAGE (VILLAGE_NO, CITY_NO, VILLAGE_NAME) VALUES (5210000, 6470000, '성주군');
INSERT INTO NEWSOULMATE.VILLAGE (VILLAGE_NO, CITY_NO, VILLAGE_NAME) VALUES (5070000, 6470000, '안동시');
INSERT INTO NEWSOULMATE.VILLAGE (VILLAGE_NO, CITY_NO, VILLAGE_NAME) VALUES (5180000, 6470000, '영덕군');
INSERT INTO NEWSOULMATE.VILLAGE (VILLAGE_NO, CITY_NO, VILLAGE_NAME) VALUES (5170000, 6470000, '영양군');
INSERT INTO NEWSOULMATE.VILLAGE (VILLAGE_NO, CITY_NO, VILLAGE_NAME) VALUES (5090000, 6470000, '영주시');
INSERT INTO NEWSOULMATE.VILLAGE (VILLAGE_NO, CITY_NO, VILLAGE_NAME) VALUES (5100000, 6470000, '영천시');
INSERT INTO NEWSOULMATE.VILLAGE (VILLAGE_NO, CITY_NO, VILLAGE_NAME) VALUES (5230000, 6470000, '예천군');
INSERT INTO NEWSOULMATE.VILLAGE (VILLAGE_NO, CITY_NO, VILLAGE_NAME) VALUES (5260000, 6470000, '울릉군');
INSERT INTO NEWSOULMATE.VILLAGE (VILLAGE_NO, CITY_NO, VILLAGE_NAME) VALUES (5250000, 6470000, '울진군');
INSERT INTO NEWSOULMATE.VILLAGE (VILLAGE_NO, CITY_NO, VILLAGE_NAME) VALUES (5150000, 6470000, '의성군');
INSERT INTO NEWSOULMATE.VILLAGE (VILLAGE_NO, CITY_NO, VILLAGE_NAME) VALUES (5190000, 6470000, '청도군');
INSERT INTO NEWSOULMATE.VILLAGE (VILLAGE_NO, CITY_NO, VILLAGE_NAME) VALUES (5160000, 6470000, '청송군');
INSERT INTO NEWSOULMATE.VILLAGE (VILLAGE_NO, CITY_NO, VILLAGE_NAME) VALUES (5220000, 6470000, '칠곡군');
INSERT INTO NEWSOULMATE.VILLAGE (VILLAGE_NO, CITY_NO, VILLAGE_NAME) VALUES (5370000, 6480000, '거제시');
INSERT INTO NEWSOULMATE.VILLAGE (VILLAGE_NO, CITY_NO, VILLAGE_NAME) VALUES (5470000, 6480000, '거창군');
INSERT INTO NEWSOULMATE.VILLAGE (VILLAGE_NO, CITY_NO, VILLAGE_NAME) VALUES (6489999, 6480000, '경상남도');
INSERT INTO NEWSOULMATE.VILLAGE (VILLAGE_NO, CITY_NO, VILLAGE_NAME) VALUES (5420000, 6480000, '고성군');
INSERT INTO NEWSOULMATE.VILLAGE (VILLAGE_NO, CITY_NO, VILLAGE_NAME) VALUES (5350000, 6480000, '김해시');
INSERT INTO NEWSOULMATE.VILLAGE (VILLAGE_NO, CITY_NO, VILLAGE_NAME) VALUES (5430000, 6480000, '남해군');
INSERT INTO NEWSOULMATE.VILLAGE (VILLAGE_NO, CITY_NO, VILLAGE_NAME) VALUES (5360000, 6480000, '밀양시');
INSERT INTO NEWSOULMATE.VILLAGE (VILLAGE_NO, CITY_NO, VILLAGE_NAME) VALUES (5340000, 6480000, '사천시');
INSERT INTO NEWSOULMATE.VILLAGE (VILLAGE_NO, CITY_NO, VILLAGE_NAME) VALUES (5450000, 6480000, '산청군');
INSERT INTO NEWSOULMATE.VILLAGE (VILLAGE_NO, CITY_NO, VILLAGE_NAME) VALUES (5380000, 6480000, '양산시');
INSERT INTO NEWSOULMATE.VILLAGE (VILLAGE_NO, CITY_NO, VILLAGE_NAME) VALUES (5390000, 6480000, '의령군');
INSERT INTO NEWSOULMATE.VILLAGE (VILLAGE_NO, CITY_NO, VILLAGE_NAME) VALUES (5310000, 6480000, '진주시');
INSERT INTO NEWSOULMATE.VILLAGE (VILLAGE_NO, CITY_NO, VILLAGE_NAME) VALUES (5410000, 6480000, '창녕군');
INSERT INTO NEWSOULMATE.VILLAGE (VILLAGE_NO, CITY_NO, VILLAGE_NAME) VALUES (5280000, 6480000, '창원 마산합포회원구');
INSERT INTO NEWSOULMATE.VILLAGE (VILLAGE_NO, CITY_NO, VILLAGE_NAME) VALUES (5670000, 6480000, '창원 의창성산구');
INSERT INTO NEWSOULMATE.VILLAGE (VILLAGE_NO, CITY_NO, VILLAGE_NAME) VALUES (5320000, 6480000, '창원 진해구');
INSERT INTO NEWSOULMATE.VILLAGE (VILLAGE_NO, CITY_NO, VILLAGE_NAME) VALUES (5330000, 6480000, '통영시');
INSERT INTO NEWSOULMATE.VILLAGE (VILLAGE_NO, CITY_NO, VILLAGE_NAME) VALUES (5440000, 6480000, '하동군');
INSERT INTO NEWSOULMATE.VILLAGE (VILLAGE_NO, CITY_NO, VILLAGE_NAME) VALUES (5400000, 6480000, '함안군');
INSERT INTO NEWSOULMATE.VILLAGE (VILLAGE_NO, CITY_NO, VILLAGE_NAME) VALUES (5460000, 6480000, '함양군');
INSERT INTO NEWSOULMATE.VILLAGE (VILLAGE_NO, CITY_NO, VILLAGE_NAME) VALUES (6520000, 6500000, '서귀포시');
INSERT INTO NEWSOULMATE.VILLAGE (VILLAGE_NO, CITY_NO, VILLAGE_NAME) VALUES (6510000, 6500000, '제주시');
INSERT INTO NEWSOULMATE.VILLAGE (VILLAGE_NO, CITY_NO, VILLAGE_NAME) VALUES (6119999, 6110000, '가정보호');
INSERT INTO NEWSOULMATE.VILLAGE (VILLAGE_NO, CITY_NO, VILLAGE_NAME) VALUES (3220000, 6110000, '강남구');


INSERT INTO NEWSOULMATE.SHELTER (SHELTER_NO, SHELTER_NAME, SHELTER_EMAIL, SHELTER_ADDRESS, SHELTER_TEL, SHELTER_LANDLINE, COMPANY_NUM, TRANSFER_NO, CITY_NO, VILLAGE_NO) VALUES (311322202100003, '사랑이있는동물병원', null, null, null, null, null, null, 6110000, 3220000);
INSERT INTO NEWSOULMATE.SHELTER (SHELTER_NO, SHELTER_NAME, SHELTER_EMAIL, SHELTER_ADDRESS, SHELTER_TEL, SHELTER_LANDLINE, COMPANY_NUM, TRANSFER_NO, CITY_NO, VILLAGE_NO) VALUES (311324201600004, 'GD동물병원', null, '서울특별시 강동구 상일로 13 (상일동) 1~2층 GD동물병원', null, '02-3425-6014', null, null, 6110000, 3240000);
INSERT INTO NEWSOULMATE.SHELTER (SHELTER_NO, SHELTER_NAME, SHELTER_EMAIL, SHELTER_ADDRESS, SHELTER_TEL, SHELTER_LANDLINE, COMPANY_NUM, TRANSFER_NO, CITY_NO, VILLAGE_NO) VALUES (311324201600002, '둔촌동물병원', null, '서울특별시 강동구 양재대로 1385 (성내동) 둔촌동물병원', null, '02-3425-6014', null, null, 6110000, 3240000);
INSERT INTO NEWSOULMATE.SHELTER (SHELTER_NO, SHELTER_NAME, SHELTER_EMAIL, SHELTER_ADDRESS, SHELTER_TEL, SHELTER_LANDLINE, COMPANY_NUM, TRANSFER_NO, CITY_NO, VILLAGE_NO) VALUES (311324201600001, '강동구청 반려동물팀 ', null, null, null, null, null, null, 6110000, 3240000);
INSERT INTO NEWSOULMATE.SHELTER (SHELTER_NO, SHELTER_NAME, SHELTER_EMAIL, SHELTER_ADDRESS, SHELTER_TEL, SHELTER_LANDLINE, COMPANY_NUM, TRANSFER_NO, CITY_NO, VILLAGE_NO) VALUES (311324201700002, '강동리본센터(reborn)', null, '서울특별시 강동구 양재대로81길 73 (성내동) ', null, '02-3425-6014', null, null, 6110000, 3240000);
INSERT INTO NEWSOULMATE.SHELTER (SHELTER_NO, SHELTER_NAME, SHELTER_EMAIL, SHELTER_ADDRESS, SHELTER_TEL, SHELTER_LANDLINE, COMPANY_NUM, TRANSFER_NO, CITY_NO, VILLAGE_NO) VALUES (311324201200001, '한국동물구조관리협회', null, '경기도 양주시 남면 감악산로 63-37  (사)한국동물구조관리협회', null, '02-3425-6014', null, null, 6110000, 3240000);
INSERT INTO NEWSOULMATE.SHELTER (SHELTER_NO, SHELTER_NAME, SHELTER_EMAIL, SHELTER_ADDRESS, SHELTER_TEL, SHELTER_LANDLINE, COMPANY_NUM, TRANSFER_NO, CITY_NO, VILLAGE_NO) VALUES (311308201100001, '한국동물구조관리협회', null, null, null, null, null, null, 6110000, 3080000);
INSERT INTO NEWSOULMATE.SHELTER (SHELTER_NO, SHELTER_NAME, SHELTER_EMAIL, SHELTER_ADDRESS, SHELTER_TEL, SHELTER_LANDLINE, COMPANY_NUM, TRANSFER_NO, CITY_NO, VILLAGE_NO) VALUES (311322200900001, '한국동물구조관리협회', null, '경기도 양주시 남면 감악산로 63-37 (남면) 한국동물구조관리협회', null, '02-3423-5508', null, null, 6110000, 3220000);
INSERT INTO NEWSOULMATE.SHELTER (SHELTER_NO, SHELTER_NAME, SHELTER_EMAIL, SHELTER_ADDRESS, SHELTER_TEL, SHELTER_LANDLINE, COMPANY_NUM, TRANSFER_NO, CITY_NO, VILLAGE_NO) VALUES (311322202000001, '우리동물병원생명사회', null, null, null, null, null, null, 6110000, 3220000);
INSERT INTO NEWSOULMATE.SHELTER (SHELTER_NO, SHELTER_NAME, SHELTER_EMAIL, SHELTER_ADDRESS, SHELTER_TEL, SHELTER_LANDLINE, COMPANY_NUM, TRANSFER_NO, CITY_NO, VILLAGE_NO) VALUES (311308201900002, '화신종합동물병원', null, null, null, null, null, null, 6110000, 3080000);
INSERT INTO NEWSOULMATE.SHELTER (SHELTER_NO, SHELTER_NAME, SHELTER_EMAIL, SHELTER_ADDRESS, SHELTER_TEL, SHELTER_LANDLINE, COMPANY_NUM, TRANSFER_NO, CITY_NO, VILLAGE_NO) VALUES (311308201900001, '강북우리동물의료센터', null, null, null, null, null, null, 6110000, 3080000);
INSERT INTO NEWSOULMATE.SHELTER (SHELTER_NO, SHELTER_NAME, SHELTER_EMAIL, SHELTER_ADDRESS, SHELTER_TEL, SHELTER_LANDLINE, COMPANY_NUM, TRANSFER_NO, CITY_NO, VILLAGE_NO) VALUES (311308202200001, '애니케어동물병원', null, null, null, null, null, null, 6110000, 3080000);
INSERT INTO NEWSOULMATE.SHELTER (SHELTER_NO, SHELTER_NAME, SHELTER_EMAIL, SHELTER_ADDRESS, SHELTER_TEL, SHELTER_LANDLINE, COMPANY_NUM, TRANSFER_NO, CITY_NO, VILLAGE_NO) VALUES (311320201300001, '러브펫종합동물병원', null, null, null, null, null, null, 6110000, 3200000);
INSERT INTO NEWSOULMATE.SHELTER (SHELTER_NO, SHELTER_NAME, SHELTER_EMAIL, SHELTER_ADDRESS, SHELTER_TEL, SHELTER_LANDLINE, COMPANY_NUM, TRANSFER_NO, CITY_NO, VILLAGE_NO) VALUES (311320201700004, '비타민동물병원', null, null, null, null, null, null, 6110000, 3200000);
INSERT INTO NEWSOULMATE.SHELTER (SHELTER_NO, SHELTER_NAME, SHELTER_EMAIL, SHELTER_ADDRESS, SHELTER_TEL, SHELTER_LANDLINE, COMPANY_NUM, TRANSFER_NO, CITY_NO, VILLAGE_NO) VALUES (311320201700001, '한성동물병원', null, null, null, null, null, null, 6110000, 3200000);
INSERT INTO NEWSOULMATE.SHELTER (SHELTER_NO, SHELTER_NAME, SHELTER_EMAIL, SHELTER_ADDRESS, SHELTER_TEL, SHELTER_LANDLINE, COMPANY_NUM, TRANSFER_NO, CITY_NO, VILLAGE_NO) VALUES (311320201900001, '세계로동물병원', null, null, null, null, null, null, 6110000, 3200000);
INSERT INTO NEWSOULMATE.SHELTER (SHELTER_NO, SHELTER_NAME, SHELTER_EMAIL, SHELTER_ADDRESS, SHELTER_TEL, SHELTER_LANDLINE, COMPANY_NUM, TRANSFER_NO, CITY_NO, VILLAGE_NO) VALUES (311320201800001, '프렌즈동물병원', null, null, null, null, null, null, 6110000, 3200000);
INSERT INTO NEWSOULMATE.SHELTER (SHELTER_NO, SHELTER_NAME, SHELTER_EMAIL, SHELTER_ADDRESS, SHELTER_TEL, SHELTER_LANDLINE, COMPANY_NUM, TRANSFER_NO, CITY_NO, VILLAGE_NO) VALUES (311320201800002, '관악TNRDAY', null, null, null, null, null, null, 6110000, 3200000);
INSERT INTO NEWSOULMATE.SHELTER (SHELTER_NO, SHELTER_NAME, SHELTER_EMAIL, SHELTER_ADDRESS, SHELTER_TEL, SHELTER_LANDLINE, COMPANY_NUM, TRANSFER_NO, CITY_NO, VILLAGE_NO) VALUES (311320202000001, '예일동물병원', null, null, null, null, null, null, 6110000, 3200000);
INSERT INTO NEWSOULMATE.SHELTER (SHELTER_NO, SHELTER_NAME, SHELTER_EMAIL, SHELTER_ADDRESS, SHELTER_TEL, SHELTER_LANDLINE, COMPANY_NUM, TRANSFER_NO, CITY_NO, VILLAGE_NO) VALUES (311320202100001, '서울동물복지지원센터', null, null, null, null, null, null, 6110000, 3200000);
INSERT INTO NEWSOULMATE.SHELTER (SHELTER_NO, SHELTER_NAME, SHELTER_EMAIL, SHELTER_ADDRESS, SHELTER_TEL, SHELTER_LANDLINE, COMPANY_NUM, TRANSFER_NO, CITY_NO, VILLAGE_NO) VALUES (311304200900003, '한국동물구조관리협회', null, '경기도 양주시 남면 감악산로 63-37 (남면) ', null, '02-450-7379', null, null, 6110000, 3040000);
INSERT INTO NEWSOULMATE.SHELTER (SHELTER_NO, SHELTER_NAME, SHELTER_EMAIL, SHELTER_ADDRESS, SHELTER_TEL, SHELTER_LANDLINE, COMPANY_NUM, TRANSFER_NO, CITY_NO, VILLAGE_NO) VALUES (311304201800001, '이다종합동물병원', null, null, null, null, null, null, 6110000, 3040000);
INSERT INTO NEWSOULMATE.SHELTER (SHELTER_NO, SHELTER_NAME, SHELTER_EMAIL, SHELTER_ADDRESS, SHELTER_TEL, SHELTER_LANDLINE, COMPANY_NUM, TRANSFER_NO, CITY_NO, VILLAGE_NO) VALUES (311304202200002, '서울동물복지지원센터', null, null, null, null, null, null, 6110000, 3040000);
INSERT INTO NEWSOULMATE.SHELTER (SHELTER_NO, SHELTER_NAME, SHELTER_EMAIL, SHELTER_ADDRESS, SHELTER_TEL, SHELTER_LANDLINE, COMPANY_NUM, TRANSFER_NO, CITY_NO, VILLAGE_NO) VALUES (311304202100001, '보람동물병원', null, null, null, null, null, null, 6110000, 3040000);
INSERT INTO NEWSOULMATE.SHELTER (SHELTER_NO, SHELTER_NAME, SHELTER_EMAIL, SHELTER_ADDRESS, SHELTER_TEL, SHELTER_LANDLINE, COMPANY_NUM, TRANSFER_NO, CITY_NO, VILLAGE_NO) VALUES (311304202100002, '사랑이있는동물병원', null, null, null, null, null, null, 6110000, 3040000);
INSERT INTO NEWSOULMATE.SHELTER (SHELTER_NO, SHELTER_NAME, SHELTER_EMAIL, SHELTER_ADDRESS, SHELTER_TEL, SHELTER_LANDLINE, COMPANY_NUM, TRANSFER_NO, CITY_NO, VILLAGE_NO) VALUES (311304202200003, '강동리본센터', null, null, null, null, null, null, 6110000, 3040000);
INSERT INTO NEWSOULMATE.SHELTER (SHELTER_NO, SHELTER_NAME, SHELTER_EMAIL, SHELTER_ADDRESS, SHELTER_TEL, SHELTER_LANDLINE, COMPANY_NUM, TRANSFER_NO, CITY_NO, VILLAGE_NO) VALUES (311317201400001, '한국동물구조관리협회', null, '경기도 양주시 남면 감악산로 63-37 (남면) ', null, '02-2627-1313', null, null, 6110000, 3170000);
INSERT INTO NEWSOULMATE.SHELTER (SHELTER_NO, SHELTER_NAME, SHELTER_EMAIL, SHELTER_ADDRESS, SHELTER_TEL, SHELTER_LANDLINE, COMPANY_NUM, TRANSFER_NO, CITY_NO, VILLAGE_NO) VALUES (311317201800002, '금천TNRDAY', null, null, null, null, null, null, 6110000, 3170000);
INSERT INTO NEWSOULMATE.SHELTER (SHELTER_NO, SHELTER_NAME, SHELTER_EMAIL, SHELTER_ADDRESS, SHELTER_TEL, SHELTER_LANDLINE, COMPANY_NUM, TRANSFER_NO, CITY_NO, VILLAGE_NO) VALUES (311317201900001, '노아동물병원', null, null, null, null, null, null, 6110000, 3170000);
INSERT INTO NEWSOULMATE.SHELTER (SHELTER_NO, SHELTER_NAME, SHELTER_EMAIL, SHELTER_ADDRESS, SHELTER_TEL, SHELTER_LANDLINE, COMPANY_NUM, TRANSFER_NO, CITY_NO, VILLAGE_NO) VALUES (311317201900002, '190519TNRDAY', null, null, null, null, null, null, 6110000, 3170000);
INSERT INTO NEWSOULMATE.SHELTER (SHELTER_NO, SHELTER_NAME, SHELTER_EMAIL, SHELTER_ADDRESS, SHELTER_TEL, SHELTER_LANDLINE, COMPANY_NUM, TRANSFER_NO, CITY_NO, VILLAGE_NO) VALUES (311310201000001, '한국동물구조관리협회', null, '경기도 양주시 남면 감악산로 63-37 (남면) ', null, '02-2116-4268', null, null, 6110000, 3100000);
INSERT INTO NEWSOULMATE.SHELTER (SHELTER_NO, SHELTER_NAME, SHELTER_EMAIL, SHELTER_ADDRESS, SHELTER_TEL, SHELTER_LANDLINE, COMPANY_NUM, TRANSFER_NO, CITY_NO, VILLAGE_NO) VALUES (311310201400002, '시마동물병원', null, null, null, null, null, null, 6110000, 3100000);
INSERT INTO NEWSOULMATE.SHELTER (SHELTER_NO, SHELTER_NAME, SHELTER_EMAIL, SHELTER_ADDRESS, SHELTER_TEL, SHELTER_LANDLINE, COMPANY_NUM, TRANSFER_NO, CITY_NO, VILLAGE_NO) VALUES (311310201400001, '25시동물병원', null, null, null, null, null, null, 6110000, 3100000);
INSERT INTO NEWSOULMATE.SHELTER (SHELTER_NO, SHELTER_NAME, SHELTER_EMAIL, SHELTER_ADDRESS, SHELTER_TEL, SHELTER_LANDLINE, COMPANY_NUM, TRANSFER_NO, CITY_NO, VILLAGE_NO) VALUES (311310201700001, '노원 TNR DAY', null, null, null, null, null, null, 6110000, 3100000);
INSERT INTO NEWSOULMATE.SHELTER (SHELTER_NO, SHELTER_NAME, SHELTER_EMAIL, SHELTER_ADDRESS, SHELTER_TEL, SHELTER_LANDLINE, COMPANY_NUM, TRANSFER_NO, CITY_NO, VILLAGE_NO) VALUES (311310202100001, '이n김동물병원', null, null, null, null, null, null, 6110000, 3100000);
INSERT INTO NEWSOULMATE.SHELTER (SHELTER_NO, SHELTER_NAME, SHELTER_EMAIL, SHELTER_ADDRESS, SHELTER_TEL, SHELTER_LANDLINE, COMPANY_NUM, TRANSFER_NO, CITY_NO, VILLAGE_NO) VALUES (311310202000001, '러브펫(상계점)', null, null, null, null, null, null, 6110000, 3100000);
INSERT INTO NEWSOULMATE.SHELTER (SHELTER_NO, SHELTER_NAME, SHELTER_EMAIL, SHELTER_ADDRESS, SHELTER_TEL, SHELTER_LANDLINE, COMPANY_NUM, TRANSFER_NO, CITY_NO, VILLAGE_NO) VALUES (311310202000003, '엔젤동물병원', null, null, null, null, null, null, 6110000, 3100000);
INSERT INTO NEWSOULMATE.SHELTER (SHELTER_NO, SHELTER_NAME, SHELTER_EMAIL, SHELTER_ADDRESS, SHELTER_TEL, SHELTER_LANDLINE, COMPANY_NUM, TRANSFER_NO, CITY_NO, VILLAGE_NO) VALUES (311310202000004, '노원반려동물문화센터', null, null, null, null, null, null, 6110000, 3100000);
INSERT INTO NEWSOULMATE.SHELTER (SHELTER_NO, SHELTER_NAME, SHELTER_EMAIL, SHELTER_ADDRESS, SHELTER_TEL, SHELTER_LANDLINE, COMPANY_NUM, TRANSFER_NO, CITY_NO, VILLAGE_NO) VALUES (311310202000002, '러브펫(공릉점)', null, null, null, null, null, null, 6110000, 3100000);
INSERT INTO NEWSOULMATE.SHELTER (SHELTER_NO, SHELTER_NAME, SHELTER_EMAIL, SHELTER_ADDRESS, SHELTER_TEL, SHELTER_LANDLINE, COMPANY_NUM, TRANSFER_NO, CITY_NO, VILLAGE_NO) VALUES (311309201900002, '화신종합동물병원', null, null, null, null, null, null, 6110000, 3090000);
INSERT INTO NEWSOULMATE.SHELTER (SHELTER_NO, SHELTER_NAME, SHELTER_EMAIL, SHELTER_ADDRESS, SHELTER_TEL, SHELTER_LANDLINE, COMPANY_NUM, TRANSFER_NO, CITY_NO, VILLAGE_NO) VALUES (311309200900001, '한국동물구조관리협회', null, '경기도 양주시 남면 상수리 410-1', null, '02-2091-3213', null, null, 6110000, 3090000);
INSERT INTO NEWSOULMATE.SHELTER (SHELTER_NO, SHELTER_NAME, SHELTER_EMAIL, SHELTER_ADDRESS, SHELTER_TEL, SHELTER_LANDLINE, COMPANY_NUM, TRANSFER_NO, CITY_NO, VILLAGE_NO) VALUES (311309202200001, '서울동물복지지원센터', null, null, null, null, null, null, 6110000, 3090000);
INSERT INTO NEWSOULMATE.SHELTER (SHELTER_NO, SHELTER_NAME, SHELTER_EMAIL, SHELTER_ADDRESS, SHELTER_TEL, SHELTER_LANDLINE, COMPANY_NUM, TRANSFER_NO, CITY_NO, VILLAGE_NO) VALUES (311305201300001, '한국동물구조관리협회', null, '경기도 양주시 남면 감악산로 63-37 ', null, '02-2127-4268', null, null, 6110000, 3050000);
INSERT INTO NEWSOULMATE.SHELTER (SHELTER_NO, SHELTER_NAME, SHELTER_EMAIL, SHELTER_ADDRESS, SHELTER_TEL, SHELTER_LANDLINE, COMPANY_NUM, TRANSFER_NO, CITY_NO, VILLAGE_NO) VALUES (311305201600002, '푸른종합동물병원', null, null, null, null, null, null, 6110000, 3050000);
INSERT INTO NEWSOULMATE.SHELTER (SHELTER_NO, SHELTER_NAME, SHELTER_EMAIL, SHELTER_ADDRESS, SHELTER_TEL, SHELTER_LANDLINE, COMPANY_NUM, TRANSFER_NO, CITY_NO, VILLAGE_NO) VALUES (311305201800002, '주주동물병원', null, null, null, null, null, null, 6110000, 3050000);
INSERT INTO NEWSOULMATE.SHELTER (SHELTER_NO, SHELTER_NAME, SHELTER_EMAIL, SHELTER_ADDRESS, SHELTER_TEL, SHELTER_LANDLINE, COMPANY_NUM, TRANSFER_NO, CITY_NO, VILLAGE_NO) VALUES (311305202000001, '박철환동물병원', null, null, null, null, null, null, 6110000, 3050000);
INSERT INTO NEWSOULMATE.SHELTER (SHELTER_NO, SHELTER_NAME, SHELTER_EMAIL, SHELTER_ADDRESS, SHELTER_TEL, SHELTER_LANDLINE, COMPANY_NUM, TRANSFER_NO, CITY_NO, VILLAGE_NO) VALUES (311319201200001, '디아크동물종합병원', null, '서울특별시 동작구 장승배기로27길 18 (노량진동) ', null, '02-820-1420', null, null, 6110000, 3190000);
INSERT INTO NEWSOULMATE.SHELTER (SHELTER_NO, SHELTER_NAME, SHELTER_EMAIL, SHELTER_ADDRESS, SHELTER_TEL, SHELTER_LANDLINE, COMPANY_NUM, TRANSFER_NO, CITY_NO, VILLAGE_NO) VALUES (311319201800003, '20181014TNR데이', null, null, null, null, null, null, 6110000, 3190000);
INSERT INTO NEWSOULMATE.SHELTER (SHELTER_NO, SHELTER_NAME, SHELTER_EMAIL, SHELTER_ADDRESS, SHELTER_TEL, SHELTER_LANDLINE, COMPANY_NUM, TRANSFER_NO, CITY_NO, VILLAGE_NO) VALUES (311319201800001, '디아크종합동물병원', null, null, null, null, null, null, 6110000, 3190000);
INSERT INTO NEWSOULMATE.SHELTER (SHELTER_NO, SHELTER_NAME, SHELTER_EMAIL, SHELTER_ADDRESS, SHELTER_TEL, SHELTER_LANDLINE, COMPANY_NUM, TRANSFER_NO, CITY_NO, VILLAGE_NO) VALUES (311313201000006, '박창석동물병원', null, '서울특별시 마포구 도화길 42 (도화동) ', null, '02-3153-8543', null, null, 6110000, 3130000);
INSERT INTO NEWSOULMATE.SHELTER (SHELTER_NO, SHELTER_NAME, SHELTER_EMAIL, SHELTER_ADDRESS, SHELTER_TEL, SHELTER_LANDLINE, COMPANY_NUM, TRANSFER_NO, CITY_NO, VILLAGE_NO) VALUES (311313201000017, '홍익동물병원', null, '서울특별시 마포구 독막로 45 (합정동) ', null, '02-3153-8543', null, null, 6110000, 3130000);
INSERT INTO NEWSOULMATE.SHELTER (SHELTER_NO, SHELTER_NAME, SHELTER_EMAIL, SHELTER_ADDRESS, SHELTER_TEL, SHELTER_LANDLINE, COMPANY_NUM, TRANSFER_NO, CITY_NO, VILLAGE_NO) VALUES (311313201300003, '웰케어 동물병원', null, '서울특별시 마포구 월드컵북로 27 (서교동, 이화빌딩) 서교동447-2', null, '02-3153-8543', null, null, 6110000, 3130000);
INSERT INTO NEWSOULMATE.SHELTER (SHELTER_NO, SHELTER_NAME, SHELTER_EMAIL, SHELTER_ADDRESS, SHELTER_TEL, SHELTER_LANDLINE, COMPANY_NUM, TRANSFER_NO, CITY_NO, VILLAGE_NO) VALUES (311313201800001, '동물보호시민단체카라', null, null, null, null, null, null, 6110000, 3130000);
INSERT INTO NEWSOULMATE.SHELTER (SHELTER_NO, SHELTER_NAME, SHELTER_EMAIL, SHELTER_ADDRESS, SHELTER_TEL, SHELTER_LANDLINE, COMPANY_NUM, TRANSFER_NO, CITY_NO, VILLAGE_NO) VALUES (311313201800003, '마포TNRDAY', null, null, null, null, null, null, 6110000, 3130000);
INSERT INTO NEWSOULMATE.SHELTER (SHELTER_NO, SHELTER_NAME, SHELTER_EMAIL, SHELTER_ADDRESS, SHELTER_TEL, SHELTER_LANDLINE, COMPANY_NUM, TRANSFER_NO, CITY_NO, VILLAGE_NO) VALUES (311313202000001, 'C.T종합동물병원', null, null, null, null, null, null, 6110000, 3130000);
INSERT INTO NEWSOULMATE.SHELTER (SHELTER_NO, SHELTER_NAME, SHELTER_EMAIL, SHELTER_ADDRESS, SHELTER_TEL, SHELTER_LANDLINE, COMPANY_NUM, TRANSFER_NO, CITY_NO, VILLAGE_NO) VALUES (311313202000003, '마포구청', null, null, null, null, null, null, 6110000, 3130000);
INSERT INTO NEWSOULMATE.SHELTER (SHELTER_NO, SHELTER_NAME, SHELTER_EMAIL, SHELTER_ADDRESS, SHELTER_TEL, SHELTER_LANDLINE, COMPANY_NUM, TRANSFER_NO, CITY_NO, VILLAGE_NO) VALUES (311313202000002, '월드펫동물병원', null, null, null, null, null, null, 6110000, 3130000);
INSERT INTO NEWSOULMATE.SHELTER (SHELTER_NO, SHELTER_NAME, SHELTER_EMAIL, SHELTER_ADDRESS, SHELTER_TEL, SHELTER_LANDLINE, COMPANY_NUM, TRANSFER_NO, CITY_NO, VILLAGE_NO) VALUES (311312201100001, '한국동물구조관리협회', null, '경기도 양주시 남면 감악산로 63-37  ', null, '02-330-4373', null, null, 6110000, 3120000);
INSERT INTO NEWSOULMATE.SHELTER (SHELTER_NO, SHELTER_NAME, SHELTER_EMAIL, SHELTER_ADDRESS, SHELTER_TEL, SHELTER_LANDLINE, COMPANY_NUM, TRANSFER_NO, CITY_NO, VILLAGE_NO) VALUES (311611201700002, '서울동물학대방지연합', null, null, null, null, null, null, 6110000, 6119998);
INSERT INTO NEWSOULMATE.SHELTER (SHELTER_NO, SHELTER_NAME, SHELTER_EMAIL, SHELTER_ADDRESS, SHELTER_TEL, SHELTER_LANDLINE, COMPANY_NUM, TRANSFER_NO, CITY_NO, VILLAGE_NO) VALUES (311611201700001, '케어', null, null, null, null, null, null, 6110000, 6119998);
INSERT INTO NEWSOULMATE.SHELTER (SHELTER_NO, SHELTER_NAME, SHELTER_EMAIL, SHELTER_ADDRESS, SHELTER_TEL, SHELTER_LANDLINE, COMPANY_NUM, TRANSFER_NO, CITY_NO, VILLAGE_NO) VALUES (311611201600001, '한국고양이보호협회', null, null, null, null, null, null, 6110000, 6119998);
INSERT INTO NEWSOULMATE.SHELTER (SHELTER_NO, SHELTER_NAME, SHELTER_EMAIL, SHELTER_ADDRESS, SHELTER_TEL, SHELTER_LANDLINE, COMPANY_NUM, TRANSFER_NO, CITY_NO, VILLAGE_NO) VALUES (311611201800002, '팅커벨프로젝트', null, null, null, null, null, null, 6110000, 6119998);
INSERT INTO NEWSOULMATE.SHELTER (SHELTER_NO, SHELTER_NAME, SHELTER_EMAIL, SHELTER_ADDRESS, SHELTER_TEL, SHELTER_LANDLINE, COMPANY_NUM, TRANSFER_NO, CITY_NO, VILLAGE_NO) VALUES (311611201800001, '(사)한국고양이연맹', null, null, null, null, null, null, 6110000, 6119998);
INSERT INTO NEWSOULMATE.SHELTER (SHELTER_NO, SHELTER_NAME, SHELTER_EMAIL, SHELTER_ADDRESS, SHELTER_TEL, SHELTER_LANDLINE, COMPANY_NUM, TRANSFER_NO, CITY_NO, VILLAGE_NO) VALUES (311611201900001, '동물과함께행복한세상', null, null, null, null, null, null, 6110000, 6119998);
INSERT INTO NEWSOULMATE.SHELTER (SHELTER_NO, SHELTER_NAME, SHELTER_EMAIL, SHELTER_ADDRESS, SHELTER_TEL, SHELTER_LANDLINE, COMPANY_NUM, TRANSFER_NO, CITY_NO, VILLAGE_NO) VALUES (311611201900002, '한국동물복지시민연합', null, null, null, null, null, null, 6110000, 6119998);
INSERT INTO NEWSOULMATE.SHELTER (SHELTER_NO, SHELTER_NAME, SHELTER_EMAIL, SHELTER_ADDRESS, SHELTER_TEL, SHELTER_LANDLINE, COMPANY_NUM, TRANSFER_NO, CITY_NO, VILLAGE_NO) VALUES (311611202000001, '서울동물복지지원센터', null, null, null, null, null, null, 6110000, 6119998);
INSERT INTO NEWSOULMATE.SHELTER (SHELTER_NO, SHELTER_NAME, SHELTER_EMAIL, SHELTER_ADDRESS, SHELTER_TEL, SHELTER_LANDLINE, COMPANY_NUM, TRANSFER_NO, CITY_NO, VILLAGE_NO) VALUES (311611202000003, '동물구조119', null, null, null, null, null, null, 6110000, 6119998);
INSERT INTO NEWSOULMATE.SHELTER (SHELTER_NO, SHELTER_NAME, SHELTER_EMAIL, SHELTER_ADDRESS, SHELTER_TEL, SHELTER_LANDLINE, COMPANY_NUM, TRANSFER_NO, CITY_NO, VILLAGE_NO) VALUES (311611202000002, '동물보호단체 다솜', null, null, null, null, null, null, 6110000, 6119998);
INSERT INTO NEWSOULMATE.SHELTER (SHELTER_NO, SHELTER_NAME, SHELTER_EMAIL, SHELTER_ADDRESS, SHELTER_TEL, SHELTER_LANDLINE, COMPANY_NUM, TRANSFER_NO, CITY_NO, VILLAGE_NO) VALUES (311611202000004, '서울동물복지지원구로', null, null, null, null, null, null, 6110000, 6119998);
INSERT INTO NEWSOULMATE.SHELTER (SHELTER_NO, SHELTER_NAME, SHELTER_EMAIL, SHELTER_ADDRESS, SHELTER_TEL, SHELTER_LANDLINE, COMPANY_NUM, TRANSFER_NO, CITY_NO, VILLAGE_NO) VALUES (311611202100002, '동길사', null, null, null, null, null, null, 6110000, 6119998);
INSERT INTO NEWSOULMATE.SHELTER (SHELTER_NO, SHELTER_NAME, SHELTER_EMAIL, SHELTER_ADDRESS, SHELTER_TEL, SHELTER_LANDLINE, COMPANY_NUM, TRANSFER_NO, CITY_NO, VILLAGE_NO) VALUES (311321201400005, '한동물병원', null, null, null, null, null, null, 6110000, 3210000);
INSERT INTO NEWSOULMATE.SHELTER (SHELTER_NO, SHELTER_NAME, SHELTER_EMAIL, SHELTER_ADDRESS, SHELTER_TEL, SHELTER_LANDLINE, COMPANY_NUM, TRANSFER_NO, CITY_NO, VILLAGE_NO) VALUES (311321201800003, '20181014TNR데이', null, null, null, null, null, null, 6110000, 3210000);
INSERT INTO NEWSOULMATE.SHELTER (SHELTER_NO, SHELTER_NAME, SHELTER_EMAIL, SHELTER_ADDRESS, SHELTER_TEL, SHELTER_LANDLINE, COMPANY_NUM, TRANSFER_NO, CITY_NO, VILLAGE_NO) VALUES (311321201800002, '서초동물사랑센터', null, '서울특별시 서초구 양재천로19길 22 (양재동, 숨빌딩) 서초동물사랑센터', null, '02-2155-8756', null, null, 6110000, 3210000);
INSERT INTO NEWSOULMATE.SHELTER (SHELTER_NO, SHELTER_NAME, SHELTER_EMAIL, SHELTER_ADDRESS, SHELTER_TEL, SHELTER_LANDLINE, COMPANY_NUM, TRANSFER_NO, CITY_NO, VILLAGE_NO) VALUES (311321201400004, '한국동물구조관리협회', null, null, null, null, null, null, 6110000, 3210000);
INSERT INTO NEWSOULMATE.SHELTER (SHELTER_NO, SHELTER_NAME, SHELTER_EMAIL, SHELTER_ADDRESS, SHELTER_TEL, SHELTER_LANDLINE, COMPANY_NUM, TRANSFER_NO, CITY_NO, VILLAGE_NO) VALUES (311303200900001, '한국동물구조관리협회', null, '경기도 양주시 남면 감악산로 63-37 (남면) ', null, '02-2286-5465', null, null, 6110000, 3030000);
INSERT INTO NEWSOULMATE.SHELTER (SHELTER_NO, SHELTER_NAME, SHELTER_EMAIL, SHELTER_ADDRESS, SHELTER_TEL, SHELTER_LANDLINE, COMPANY_NUM, TRANSFER_NO, CITY_NO, VILLAGE_NO) VALUES (311323201100001, '한국동물구조관리협회', null, '경기도 양주시 남면 감악산로 63-37 (남면) ', null, '02-2147-2835', null, null, 6110000, 3230000);
INSERT INTO NEWSOULMATE.SHELTER (SHELTER_NO, SHELTER_NAME, SHELTER_EMAIL, SHELTER_ADDRESS, SHELTER_TEL, SHELTER_LANDLINE, COMPANY_NUM, TRANSFER_NO, CITY_NO, VILLAGE_NO) VALUES (311323202200001, '잠실종합동물병원', null, null, null, null, null, null, 6110000, 3230000);
INSERT INTO NEWSOULMATE.SHELTER (SHELTER_NO, SHELTER_NAME, SHELTER_EMAIL, SHELTER_ADDRESS, SHELTER_TEL, SHELTER_LANDLINE, COMPANY_NUM, TRANSFER_NO, CITY_NO, VILLAGE_NO) VALUES (311314201000001, '강현림동물병원', null, '서울특별시 양천구 등촌로 160 (목동) 1층', null, '02-2620-4918', null, null, 6110000, 3140000);
INSERT INTO NEWSOULMATE.SHELTER (SHELTER_NO, SHELTER_NAME, SHELTER_EMAIL, SHELTER_ADDRESS, SHELTER_TEL, SHELTER_LANDLINE, COMPANY_NUM, TRANSFER_NO, CITY_NO, VILLAGE_NO) VALUES (311318201200001, '한국동물구조관리협회', null, '경기도 양주시 남면 감악산로 63-37 ', null, '02-2670-3417', null, null, 6110000, 3180000);
INSERT INTO NEWSOULMATE.SHELTER (SHELTER_NO, SHELTER_NAME, SHELTER_EMAIL, SHELTER_ADDRESS, SHELTER_TEL, SHELTER_LANDLINE, COMPANY_NUM, TRANSFER_NO, CITY_NO, VILLAGE_NO) VALUES (311318201600002, '참동물병원', null, null, null, null, null, null, 6110000, 3180000);
INSERT INTO NEWSOULMATE.SHELTER (SHELTER_NO, SHELTER_NAME, SHELTER_EMAIL, SHELTER_ADDRESS, SHELTER_TEL, SHELTER_LANDLINE, COMPANY_NUM, TRANSFER_NO, CITY_NO, VILLAGE_NO) VALUES (311318201700002, '신풍동물종합병원', null, null, null, null, null, null, 6110000, 3180000);
INSERT INTO NEWSOULMATE.SHELTER (SHELTER_NO, SHELTER_NAME, SHELTER_EMAIL, SHELTER_ADDRESS, SHELTER_TEL, SHELTER_LANDLINE, COMPANY_NUM, TRANSFER_NO, CITY_NO, VILLAGE_NO) VALUES (311318201600001, '여의도동물병원은하점', null, null, null, null, null, null, 6110000, 3180000);
INSERT INTO NEWSOULMATE.SHELTER (SHELTER_NO, SHELTER_NAME, SHELTER_EMAIL, SHELTER_ADDRESS, SHELTER_TEL, SHELTER_LANDLINE, COMPANY_NUM, TRANSFER_NO, CITY_NO, VILLAGE_NO) VALUES (311318201700005, '영등포TNRDAY', null, null, null, null, null, null, 6110000, 3180000);
INSERT INTO NEWSOULMATE.SHELTER (SHELTER_NO, SHELTER_NAME, SHELTER_EMAIL, SHELTER_ADDRESS, SHELTER_TEL, SHELTER_LANDLINE, COMPANY_NUM, TRANSFER_NO, CITY_NO, VILLAGE_NO) VALUES (311318201700001, '영등포동물병원', null, null, null, null, null, null, 6110000, 3180000);
INSERT INTO NEWSOULMATE.SHELTER (SHELTER_NO, SHELTER_NAME, SHELTER_EMAIL, SHELTER_ADDRESS, SHELTER_TEL, SHELTER_LANDLINE, COMPANY_NUM, TRANSFER_NO, CITY_NO, VILLAGE_NO) VALUES (311318201700003, 'I-pet 동물병원', null, null, null, null, null, null, 6110000, 3180000);
INSERT INTO NEWSOULMATE.SHELTER (SHELTER_NO, SHELTER_NAME, SHELTER_EMAIL, SHELTER_ADDRESS, SHELTER_TEL, SHELTER_LANDLINE, COMPANY_NUM, TRANSFER_NO, CITY_NO, VILLAGE_NO) VALUES (311318202000001, '한샘동물병원', null, null, null, null, null, null, 6110000, 3180000);
INSERT INTO NEWSOULMATE.SHELTER (SHELTER_NO, SHELTER_NAME, SHELTER_EMAIL, SHELTER_ADDRESS, SHELTER_TEL, SHELTER_LANDLINE, COMPANY_NUM, TRANSFER_NO, CITY_NO, VILLAGE_NO) VALUES (311302201000003, '21세기동물병원', null, '서울특별시 용산구 보광동 259-1', null, '02-2199-8054', null, null, 6110000, 3020000);
INSERT INTO NEWSOULMATE.SHELTER (SHELTER_NO, SHELTER_NAME, SHELTER_EMAIL, SHELTER_ADDRESS, SHELTER_TEL, SHELTER_LANDLINE, COMPANY_NUM, TRANSFER_NO, CITY_NO, VILLAGE_NO) VALUES (311302201000005, '이태원동물병원', null, '서울특별시 용산구 이태원동 531', null, '02-2199-8054', null, null, 6110000, 3020000);
INSERT INTO NEWSOULMATE.SHELTER (SHELTER_NO, SHELTER_NAME, SHELTER_EMAIL, SHELTER_ADDRESS, SHELTER_TEL, SHELTER_LANDLINE, COMPANY_NUM, TRANSFER_NO, CITY_NO, VILLAGE_NO) VALUES (311302201000006, '열린동물병원', null, '서울특별시 용산구 원효로2가 84-10', null, '02-2199-8054', null, null, 6110000, 3020000);
INSERT INTO NEWSOULMATE.SHELTER (SHELTER_NO, SHELTER_NAME, SHELTER_EMAIL, SHELTER_ADDRESS, SHELTER_TEL, SHELTER_LANDLINE, COMPANY_NUM, TRANSFER_NO, CITY_NO, VILLAGE_NO) VALUES (311302201000007, '보광동물병원', null, null, null, null, null, null, 6110000, 3020000);
INSERT INTO NEWSOULMATE.SHELTER (SHELTER_NO, SHELTER_NAME, SHELTER_EMAIL, SHELTER_ADDRESS, SHELTER_TEL, SHELTER_LANDLINE, COMPANY_NUM, TRANSFER_NO, CITY_NO, VILLAGE_NO) VALUES (311302201000013, '차오름동물병원', null, null, null, null, null, null, 6110000, 3020000);
INSERT INTO NEWSOULMATE.SHELTER (SHELTER_NO, SHELTER_NAME, SHELTER_EMAIL, SHELTER_ADDRESS, SHELTER_TEL, SHELTER_LANDLINE, COMPANY_NUM, TRANSFER_NO, CITY_NO, VILLAGE_NO) VALUES (311302201000020, '남산동물병원', null, '서울특별시 용산구 후암동 244-60', null, '02-2199-8054', null, null, 6110000, 3020000);
INSERT INTO NEWSOULMATE.SHELTER (SHELTER_NO, SHELTER_NAME, SHELTER_EMAIL, SHELTER_ADDRESS, SHELTER_TEL, SHELTER_LANDLINE, COMPANY_NUM, TRANSFER_NO, CITY_NO, VILLAGE_NO) VALUES (311302201000019, '금강동물병원', null, null, null, null, null, null, 6110000, 3020000);
INSERT INTO NEWSOULMATE.SHELTER (SHELTER_NO, SHELTER_NAME, SHELTER_EMAIL, SHELTER_ADDRESS, SHELTER_TEL, SHELTER_LANDLINE, COMPANY_NUM, TRANSFER_NO, CITY_NO, VILLAGE_NO) VALUES (311302201000008, '원효동물병원', null, null, null, null, null, null, 6110000, 3020000);
INSERT INTO NEWSOULMATE.SHELTER (SHELTER_NO, SHELTER_NAME, SHELTER_EMAIL, SHELTER_ADDRESS, SHELTER_TEL, SHELTER_LANDLINE, COMPANY_NUM, TRANSFER_NO, CITY_NO, VILLAGE_NO) VALUES (311302201000014, '이상윤동물병원', null, null, null, null, null, null, 6110000, 3020000);
INSERT INTO NEWSOULMATE.SHELTER (SHELTER_NO, SHELTER_NAME, SHELTER_EMAIL, SHELTER_ADDRESS, SHELTER_TEL, SHELTER_LANDLINE, COMPANY_NUM, TRANSFER_NO, CITY_NO, VILLAGE_NO) VALUES (311302201000002, '효창동물병원', null, null, null, null, null, null, 6110000, 3020000);
INSERT INTO NEWSOULMATE.SHELTER (SHELTER_NO, SHELTER_NAME, SHELTER_EMAIL, SHELTER_ADDRESS, SHELTER_TEL, SHELTER_LANDLINE, COMPANY_NUM, TRANSFER_NO, CITY_NO, VILLAGE_NO) VALUES (311302201000011, '청화동물병원', null, null, null, null, null, null, 6110000, 3020000);
INSERT INTO NEWSOULMATE.SHELTER (SHELTER_NO, SHELTER_NAME, SHELTER_EMAIL, SHELTER_ADDRESS, SHELTER_TEL, SHELTER_LANDLINE, COMPANY_NUM, TRANSFER_NO, CITY_NO, VILLAGE_NO) VALUES (311302201000018, '라온동물병원', null, null, null, null, null, null, 6110000, 3020000);
INSERT INTO NEWSOULMATE.SHELTER (SHELTER_NO, SHELTER_NAME, SHELTER_EMAIL, SHELTER_ADDRESS, SHELTER_TEL, SHELTER_LANDLINE, COMPANY_NUM, TRANSFER_NO, CITY_NO, VILLAGE_NO) VALUES (311302201400001, '민트동물병원', null, null, null, null, null, null, 6110000, 3020000);
INSERT INTO NEWSOULMATE.SHELTER (SHELTER_NO, SHELTER_NAME, SHELTER_EMAIL, SHELTER_ADDRESS, SHELTER_TEL, SHELTER_LANDLINE, COMPANY_NUM, TRANSFER_NO, CITY_NO, VILLAGE_NO) VALUES (311302201000012, '펫토이동물병원', null, '서울특별시 용산구 한남동 653-26', null, '02-2199-8054', null, null, 6110000, 3020000);
INSERT INTO NEWSOULMATE.SHELTER (SHELTER_NO, SHELTER_NAME, SHELTER_EMAIL, SHELTER_ADDRESS, SHELTER_TEL, SHELTER_LANDLINE, COMPANY_NUM, TRANSFER_NO, CITY_NO, VILLAGE_NO) VALUES (311302201000004, '한남동물병원', null, null, null, null, null, null, 6110000, 3020000);
INSERT INTO NEWSOULMATE.SHELTER (SHELTER_NO, SHELTER_NAME, SHELTER_EMAIL, SHELTER_ADDRESS, SHELTER_TEL, SHELTER_LANDLINE, COMPANY_NUM, TRANSFER_NO, CITY_NO, VILLAGE_NO) VALUES (311311201100001, '한국동물구조관리협회', null, '경기도 양주시 남면 감악산로 63-48  ', null, '02-351-6842', null, null, 6110000, 3110000);
INSERT INTO NEWSOULMATE.SHELTER (SHELTER_NO, SHELTER_NAME, SHELTER_EMAIL, SHELTER_ADDRESS, SHELTER_TEL, SHELTER_LANDLINE, COMPANY_NUM, TRANSFER_NO, CITY_NO, VILLAGE_NO) VALUES (311311202000001, '우리동물병원생명사회', null, '서울특별시 마포구 월드컵북로12길 22 (성산동) 우리동물병원생명사회적협동조합', null, '02-351-6842', null, null, 6110000, 3110000);
INSERT INTO NEWSOULMATE.SHELTER (SHELTER_NO, SHELTER_NAME, SHELTER_EMAIL, SHELTER_ADDRESS, SHELTER_TEL, SHELTER_LANDLINE, COMPANY_NUM, TRANSFER_NO, CITY_NO, VILLAGE_NO) VALUES (311301201000001, '한국동물구조관리협회', null, '경기도 양주시 남면 감악산로 63-37 (남면) ', null, '02-3396-5073', null, null, 6110000, 3010000);
INSERT INTO NEWSOULMATE.SHELTER (SHELTER_NO, SHELTER_NAME, SHELTER_EMAIL, SHELTER_ADDRESS, SHELTER_TEL, SHELTER_LANDLINE, COMPANY_NUM, TRANSFER_NO, CITY_NO, VILLAGE_NO) VALUES (326336202000001, '부산동물보호센터', null, null, null, null, null, null, 6260000, 3360000);
INSERT INTO NEWSOULMATE.SHELTER (SHELTER_NO, SHELTER_NAME, SHELTER_EMAIL, SHELTER_ADDRESS, SHELTER_TEL, SHELTER_LANDLINE, COMPANY_NUM, TRANSFER_NO, CITY_NO, VILLAGE_NO) VALUES (326332201000001, '부산동물보호센터', null, '부산광역시 강서구 맥도강변길 752-15 (대저2동) ', null, '051-309-4651', null, null, 6260000, 3320000);
INSERT INTO NEWSOULMATE.SHELTER (SHELTER_NO, SHELTER_NAME, SHELTER_EMAIL, SHELTER_ADDRESS, SHELTER_TEL, SHELTER_LANDLINE, COMPANY_NUM, TRANSFER_NO, CITY_NO, VILLAGE_NO) VALUES (327344201600001, '대구유기동물보호협회', null, '대구광역시 동구 금강로 151-13 (금강동) ', null, '053-664-2644', null, null, 6270000, 3440000);
INSERT INTO NEWSOULMATE.SHELTER (SHELTER_NO, SHELTER_NAME, SHELTER_EMAIL, SHELTER_ADDRESS, SHELTER_TEL, SHELTER_LANDLINE, COMPANY_NUM, TRANSFER_NO, CITY_NO, VILLAGE_NO) VALUES (327347201400001, '대구유기동물보호협회', null, '대구광역시 동구 금강로 151-13 (금강동) ', null, '053-667-2692', null, null, 6270000, 3470000);
INSERT INTO NEWSOULMATE.SHELTER (SHELTER_NO, SHELTER_NAME, SHELTER_EMAIL, SHELTER_ADDRESS, SHELTER_TEL, SHELTER_LANDLINE, COMPANY_NUM, TRANSFER_NO, CITY_NO, VILLAGE_NO) VALUES (327347202100008, '세림종합동물병원', null, null, null, null, null, null, 6270000, 3470000);
INSERT INTO NEWSOULMATE.SHELTER (SHELTER_NO, SHELTER_NAME, SHELTER_EMAIL, SHELTER_ADDRESS, SHELTER_TEL, SHELTER_LANDLINE, COMPANY_NUM, TRANSFER_NO, CITY_NO, VILLAGE_NO) VALUES (327347202100009, '본리종합동물병원', null, null, null, null, null, null, 6270000, 3470000);
INSERT INTO NEWSOULMATE.SHELTER (SHELTER_NO, SHELTER_NAME, SHELTER_EMAIL, SHELTER_ADDRESS, SHELTER_TEL, SHELTER_LANDLINE, COMPANY_NUM, TRANSFER_NO, CITY_NO, VILLAGE_NO) VALUES (327347202100002, '온누리동물병원', null, null, null, null, null, null, 6270000, 3470000);
INSERT INTO NEWSOULMATE.SHELTER (SHELTER_NO, SHELTER_NAME, SHELTER_EMAIL, SHELTER_ADDRESS, SHELTER_TEL, SHELTER_LANDLINE, COMPANY_NUM, TRANSFER_NO, CITY_NO, VILLAGE_NO) VALUES (327347202100004, '초록동물병원', null, null, null, null, null, null, 6270000, 3470000);
INSERT INTO NEWSOULMATE.SHELTER (SHELTER_NO, SHELTER_NAME, SHELTER_EMAIL, SHELTER_ADDRESS, SHELTER_TEL, SHELTER_LANDLINE, COMPANY_NUM, TRANSFER_NO, CITY_NO, VILLAGE_NO) VALUES (327347202100006, '애플동물병원', null, null, null, null, null, null, 6270000, 3470000);
INSERT INTO NEWSOULMATE.SHELTER (SHELTER_NO, SHELTER_NAME, SHELTER_EMAIL, SHELTER_ADDRESS, SHELTER_TEL, SHELTER_LANDLINE, COMPANY_NUM, TRANSFER_NO, CITY_NO, VILLAGE_NO) VALUES (327347202100001, '대구광역시수의사회', null, null, null, null, null, null, 6270000, 3470000);
INSERT INTO NEWSOULMATE.SHELTER (SHELTER_NO, SHELTER_NAME, SHELTER_EMAIL, SHELTER_ADDRESS, SHELTER_TEL, SHELTER_LANDLINE, COMPANY_NUM, TRANSFER_NO, CITY_NO, VILLAGE_NO) VALUES (327347202100003, '두류동물병원', null, null, null, null, null, null, 6270000, 3470000);
INSERT INTO NEWSOULMATE.SHELTER (SHELTER_NO, SHELTER_NAME, SHELTER_EMAIL, SHELTER_ADDRESS, SHELTER_TEL, SHELTER_LANDLINE, COMPANY_NUM, TRANSFER_NO, CITY_NO, VILLAGE_NO) VALUES (327347202100005, '어진종합동물병원', null, null, null, null, null, null, 6270000, 3470000);
INSERT INTO NEWSOULMATE.SHELTER (SHELTER_NO, SHELTER_NAME, SHELTER_EMAIL, SHELTER_ADDRESS, SHELTER_TEL, SHELTER_LANDLINE, COMPANY_NUM, TRANSFER_NO, CITY_NO, VILLAGE_NO) VALUES (327348201300001, '대구수의사회(달성군)', null, null, null, null, null, null, 6270000, 3480000);
INSERT INTO NEWSOULMATE.SHELTER (SHELTER_NO, SHELTER_NAME, SHELTER_EMAIL, SHELTER_ADDRESS, SHELTER_TEL, SHELTER_LANDLINE, COMPANY_NUM, TRANSFER_NO, CITY_NO, VILLAGE_NO) VALUES (327348201500004, '화원연합동물병원', null, '대구광역시 달성군 화원읍 사문진로 447 (화원읍) 화원읍 관할', null, '053-668-3863', null, null, 6270000, 3480000);
INSERT INTO NEWSOULMATE.SHELTER (SHELTER_NO, SHELTER_NAME, SHELTER_EMAIL, SHELTER_ADDRESS, SHELTER_TEL, SHELTER_LANDLINE, COMPANY_NUM, TRANSFER_NO, CITY_NO, VILLAGE_NO) VALUES (327348201500001, '포산동물병원', null, '대구광역시 달성군 현풍면 비슬로 614-1 (현풍면) 논공읍 관할', null, '053-668-3863', null, null, 6270000, 3480000);
INSERT INTO NEWSOULMATE.SHELTER (SHELTER_NO, SHELTER_NAME, SHELTER_EMAIL, SHELTER_ADDRESS, SHELTER_TEL, SHELTER_LANDLINE, COMPANY_NUM, TRANSFER_NO, CITY_NO, VILLAGE_NO) VALUES (327348201500002, '현풍동물병원', null, '대구광역시 달성군 유가읍 테크노공원로 51 (유가읍) ', null, '053-668-3863', null, null, 6270000, 3480000);
INSERT INTO NEWSOULMATE.SHELTER (SHELTER_NO, SHELTER_NAME, SHELTER_EMAIL, SHELTER_ADDRESS, SHELTER_TEL, SHELTER_LANDLINE, COMPANY_NUM, TRANSFER_NO, CITY_NO, VILLAGE_NO) VALUES (327348201500003, '달성축산동물병원', null, '대구광역시 달성군 현풍면 원교길 6 (현풍면) ', null, '053-668-3863', null, null, 6270000, 3480000);
INSERT INTO NEWSOULMATE.SHELTER (SHELTER_NO, SHELTER_NAME, SHELTER_EMAIL, SHELTER_ADDRESS, SHELTER_TEL, SHELTER_LANDLINE, COMPANY_NUM, TRANSFER_NO, CITY_NO, VILLAGE_NO) VALUES (327348201700001, '동인동물병원', null, '대구광역시 중구 동인동4가 국채보상로 724 (동인동4가) 가창면 관할', null, '053-668-3863', null, null, 6270000, 3480000);
INSERT INTO NEWSOULMATE.SHELTER (SHELTER_NO, SHELTER_NAME, SHELTER_EMAIL, SHELTER_ADDRESS, SHELTER_TEL, SHELTER_LANDLINE, COMPANY_NUM, TRANSFER_NO, CITY_NO, VILLAGE_NO) VALUES (327348201700004, '명곡역동물병원', null, null, null, null, null, null, 6270000, 3480000);
INSERT INTO NEWSOULMATE.SHELTER (SHELTER_NO, SHELTER_NAME, SHELTER_EMAIL, SHELTER_ADDRESS, SHELTER_TEL, SHELTER_LANDLINE, COMPANY_NUM, TRANSFER_NO, CITY_NO, VILLAGE_NO) VALUES (327342201100001, '(재)한국동물보호협회', null, null, null, null, null, null, 6270000, 3420000);
INSERT INTO NEWSOULMATE.SHELTER (SHELTER_NO, SHELTER_NAME, SHELTER_EMAIL, SHELTER_ADDRESS, SHELTER_TEL, SHELTER_LANDLINE, COMPANY_NUM, TRANSFER_NO, CITY_NO, VILLAGE_NO) VALUES (327342201400001, '대구유기동물보호센터', null, '대구광역시 동구 금강로 151-13 (금강동) ', null, '053-662-2654', null, null, 6270000, 3420000);
INSERT INTO NEWSOULMATE.SHELTER (SHELTER_NO, SHELTER_NAME, SHELTER_EMAIL, SHELTER_ADDRESS, SHELTER_TEL, SHELTER_LANDLINE, COMPANY_NUM, TRANSFER_NO, CITY_NO, VILLAGE_NO) VALUES (327342202100001, '다사랑종합동물병원', null, null, null, null, null, null, 6270000, 3420000);
INSERT INTO NEWSOULMATE.SHELTER (SHELTER_NO, SHELTER_NAME, SHELTER_EMAIL, SHELTER_ADDRESS, SHELTER_TEL, SHELTER_LANDLINE, COMPANY_NUM, TRANSFER_NO, CITY_NO, VILLAGE_NO) VALUES (327342202100002, '율하동물병원', null, null, null, null, null, null, 6270000, 3420000);
INSERT INTO NEWSOULMATE.SHELTER (SHELTER_NO, SHELTER_NAME, SHELTER_EMAIL, SHELTER_ADDRESS, SHELTER_TEL, SHELTER_LANDLINE, COMPANY_NUM, TRANSFER_NO, CITY_NO, VILLAGE_NO) VALUES (327342202100004, '대구시수의사회', null, null, null, null, null, null, 6270000, 3420000);
INSERT INTO NEWSOULMATE.SHELTER (SHELTER_NO, SHELTER_NAME, SHELTER_EMAIL, SHELTER_ADDRESS, SHELTER_TEL, SHELTER_LANDLINE, COMPANY_NUM, TRANSFER_NO, CITY_NO, VILLAGE_NO) VALUES (327345201400001, '대구유기동물보호협회', null, '대구광역시 동구 금강로 151-13 (금강동) ', null, '053-665-3192', null, null, 6270000, 3450000);
INSERT INTO NEWSOULMATE.SHELTER (SHELTER_NO, SHELTER_NAME, SHELTER_EMAIL, SHELTER_ADDRESS, SHELTER_TEL, SHELTER_LANDLINE, COMPANY_NUM, TRANSFER_NO, CITY_NO, VILLAGE_NO) VALUES (327343201500001, '대구시수의사회(삼성)', null, '대구광역시 서구 서대구로 24 (내당동) ', null, '053-663-2644', null, null, 6270000, 3430000);
INSERT INTO NEWSOULMATE.SHELTER (SHELTER_NO, SHELTER_NAME, SHELTER_EMAIL, SHELTER_ADDRESS, SHELTER_TEL, SHELTER_LANDLINE, COMPANY_NUM, TRANSFER_NO, CITY_NO, VILLAGE_NO) VALUES (327343201500003, '대구시수의사회(보경)', null, '대구광역시 서구 달서로 165 (비산동) ', null, '053-663-2644', null, null, 6270000, 3430000);
INSERT INTO NEWSOULMATE.SHELTER (SHELTER_NO, SHELTER_NAME, SHELTER_EMAIL, SHELTER_ADDRESS, SHELTER_TEL, SHELTER_LANDLINE, COMPANY_NUM, TRANSFER_NO, CITY_NO, VILLAGE_NO) VALUES (327343201500005, '대구시수의사회(평리)', null, '대구광역시 서구 서대구로 189 (평리동) 2층', null, '053-663-2644', null, null, 6270000, 3430000);
INSERT INTO NEWSOULMATE.SHELTER (SHELTER_NO, SHELTER_NAME, SHELTER_EMAIL, SHELTER_ADDRESS, SHELTER_TEL, SHELTER_LANDLINE, COMPANY_NUM, TRANSFER_NO, CITY_NO, VILLAGE_NO) VALUES (327343201900001, '대구시수의사회(더펫)', null, '대구광역시 서구 서대구로 361 (비산동) 2층', null, '053-663-2644', null, null, 6270000, 3430000);
INSERT INTO NEWSOULMATE.SHELTER (SHELTER_NO, SHELTER_NAME, SHELTER_EMAIL, SHELTER_ADDRESS, SHELTER_TEL, SHELTER_LANDLINE, COMPANY_NUM, TRANSFER_NO, CITY_NO, VILLAGE_NO) VALUES (327346201500009, '제니스동물병원', null, '대구광역시 수성구 달구벌대로 2475 (범어동) ', null, '053-666-2651', null, null, 6270000, 3460000);
INSERT INTO NEWSOULMATE.SHELTER (SHELTER_NO, SHELTER_NAME, SHELTER_EMAIL, SHELTER_ADDRESS, SHELTER_TEL, SHELTER_LANDLINE, COMPANY_NUM, TRANSFER_NO, CITY_NO, VILLAGE_NO) VALUES (327346201500011, '신세계동물병원', null, '대구광역시 수성구 수성동1가 명덕로 393 (수성동1가) ', null, '053-666-2651', null, null, 6270000, 3460000);
INSERT INTO NEWSOULMATE.SHELTER (SHELTER_NO, SHELTER_NAME, SHELTER_EMAIL, SHELTER_ADDRESS, SHELTER_TEL, SHELTER_LANDLINE, COMPANY_NUM, TRANSFER_NO, CITY_NO, VILLAGE_NO) VALUES (327346201500001, '(사)대구수의사회', null, null, null, null, null, null, 6270000, 3460000);
INSERT INTO NEWSOULMATE.SHELTER (SHELTER_NO, SHELTER_NAME, SHELTER_EMAIL, SHELTER_ADDRESS, SHELTER_TEL, SHELTER_LANDLINE, COMPANY_NUM, TRANSFER_NO, CITY_NO, VILLAGE_NO) VALUES (327346201500015, '예스동물병원', null, '대구광역시 수성구 동대구로 207 (황금동) ', null, '053-666-2651', null, null, 6270000, 3460000);
INSERT INTO NEWSOULMATE.SHELTER (SHELTER_NO, SHELTER_NAME, SHELTER_EMAIL, SHELTER_ADDRESS, SHELTER_TEL, SHELTER_LANDLINE, COMPANY_NUM, TRANSFER_NO, CITY_NO, VILLAGE_NO) VALUES (327346201800001, '허동물병원', null, '대구광역시 수성구 수성동2가 명덕로 421 (수성동2가) 허동물병원', null, '053-666-2651', null, null, 6270000, 3460000);
INSERT INTO NEWSOULMATE.SHELTER (SHELTER_NO, SHELTER_NAME, SHELTER_EMAIL, SHELTER_ADDRESS, SHELTER_TEL, SHELTER_LANDLINE, COMPANY_NUM, TRANSFER_NO, CITY_NO, VILLAGE_NO) VALUES (327346201800002, '금강동물병원', null, '대구광역시 수성구 동원로 150 (만촌동) 금강동물병원', null, '053-666-2651', null, null, 6270000, 3460000);
INSERT INTO NEWSOULMATE.SHELTER (SHELTER_NO, SHELTER_NAME, SHELTER_EMAIL, SHELTER_ADDRESS, SHELTER_TEL, SHELTER_LANDLINE, COMPANY_NUM, TRANSFER_NO, CITY_NO, VILLAGE_NO) VALUES (327346201900001, '펫동물병원', null, '대구광역시 수성구 달구벌대로 3144 (노변동) 펫동물병원', null, '053-666-2651', null, null, 6270000, 3460000);
INSERT INTO NEWSOULMATE.SHELTER (SHELTER_NO, SHELTER_NAME, SHELTER_EMAIL, SHELTER_ADDRESS, SHELTER_TEL, SHELTER_LANDLINE, COMPANY_NUM, TRANSFER_NO, CITY_NO, VILLAGE_NO) VALUES (328357200900001, '베스트동물병원', null, '인천광역시 강화군 강화읍 강화대로 217 (강화읍, 린나이보일러) ', null, '032-930-4533', null, null, 6280000, 3570000);
INSERT INTO NEWSOULMATE.SHELTER (SHELTER_NO, SHELTER_NAME, SHELTER_EMAIL, SHELTER_ADDRESS, SHELTER_TEL, SHELTER_LANDLINE, COMPANY_NUM, TRANSFER_NO, CITY_NO, VILLAGE_NO) VALUES (328357201700001, '서울동물병원', null, null, null, null, null, null, 6280000, 3570000);
INSERT INTO NEWSOULMATE.SHELTER (SHELTER_NO, SHELTER_NAME, SHELTER_EMAIL, SHELTER_ADDRESS, SHELTER_TEL, SHELTER_LANDLINE, COMPANY_NUM, TRANSFER_NO, CITY_NO, VILLAGE_NO) VALUES (328357202200001, 'Dr.G동물병원', null, null, null, null, null, null, 6280000, 3570000);
INSERT INTO NEWSOULMATE.SHELTER (SHELTER_NO, SHELTER_NAME, SHELTER_EMAIL, SHELTER_ADDRESS, SHELTER_TEL, SHELTER_LANDLINE, COMPANY_NUM, TRANSFER_NO, CITY_NO, VILLAGE_NO) VALUES (328355200900001, '신영재동물병원', null, '인천광역시 계양구 장제로 923 (병방동) ', null, '032-450-6844', null, null, 6280000, 3550000);
INSERT INTO NEWSOULMATE.SHELTER (SHELTER_NO, SHELTER_NAME, SHELTER_EMAIL, SHELTER_ADDRESS, SHELTER_TEL, SHELTER_LANDLINE, COMPANY_NUM, TRANSFER_NO, CITY_NO, VILLAGE_NO) VALUES (328355202100004, '계산동물병원', null, null, null, null, null, null, 6280000, 3550000);
INSERT INTO NEWSOULMATE.SHELTER (SHELTER_NO, SHELTER_NAME, SHELTER_EMAIL, SHELTER_ADDRESS, SHELTER_TEL, SHELTER_LANDLINE, COMPANY_NUM, TRANSFER_NO, CITY_NO, VILLAGE_NO) VALUES (328355202100001, '다오동물병원', null, null, null, null, null, null, 6280000, 3550000);
INSERT INTO NEWSOULMATE.SHELTER (SHELTER_NO, SHELTER_NAME, SHELTER_EMAIL, SHELTER_ADDRESS, SHELTER_TEL, SHELTER_LANDLINE, COMPANY_NUM, TRANSFER_NO, CITY_NO, VILLAGE_NO) VALUES (328350202100002, '도그플러스동물병원', null, null, null, null, null, null, 6280000, 3500000);
INSERT INTO NEWSOULMATE.SHELTER (SHELTER_NO, SHELTER_NAME, SHELTER_EMAIL, SHELTER_ADDRESS, SHELTER_TEL, SHELTER_LANDLINE, COMPANY_NUM, TRANSFER_NO, CITY_NO, VILLAGE_NO) VALUES (328350202100001, '경동동물병원', null, '인천광역시 중구 개항로 68 (경동) 경동동물병원', null, '032-770-6382', null, null, 6280000, 3500000);
INSERT INTO NEWSOULMATE.SHELTER (SHELTER_NO, SHELTER_NAME, SHELTER_EMAIL, SHELTER_ADDRESS, SHELTER_TEL, SHELTER_LANDLINE, COMPANY_NUM, TRANSFER_NO, CITY_NO, VILLAGE_NO) VALUES (328351200900001, '인천광역시 수의사회', null, '인천광역시 계양구 다남로165번길 56 (다남동, 유기동물보호소) ', null, '032-880-4384', null, null, 6280000, 3510500);
INSERT INTO NEWSOULMATE.SHELTER (SHELTER_NO, SHELTER_NAME, SHELTER_EMAIL, SHELTER_ADDRESS, SHELTER_TEL, SHELTER_LANDLINE, COMPANY_NUM, TRANSFER_NO, CITY_NO, VILLAGE_NO) VALUES (328351201800002, '학익동물병원', null, null, null, null, null, null, 6280000, 3510500);
INSERT INTO NEWSOULMATE.SHELTER (SHELTER_NO, SHELTER_NAME, SHELTER_EMAIL, SHELTER_ADDRESS, SHELTER_TEL, SHELTER_LANDLINE, COMPANY_NUM, TRANSFER_NO, CITY_NO, VILLAGE_NO) VALUES (328351201900001, '펫홈종합동물병원', null, null, null, null, null, null, 6280000, 3510500);
INSERT INTO NEWSOULMATE.SHELTER (SHELTER_NO, SHELTER_NAME, SHELTER_EMAIL, SHELTER_ADDRESS, SHELTER_TEL, SHELTER_LANDLINE, COMPANY_NUM, TRANSFER_NO, CITY_NO, VILLAGE_NO) VALUES (328354201700002, '늘푸른동물병원', null, '인천광역시 부평구 후정동로 60 (삼산동) ', null, '032-509-6554', null, null, 6280000, 3540000);
INSERT INTO NEWSOULMATE.SHELTER (SHELTER_NO, SHELTER_NAME, SHELTER_EMAIL, SHELTER_ADDRESS, SHELTER_TEL, SHELTER_LANDLINE, COMPANY_NUM, TRANSFER_NO, CITY_NO, VILLAGE_NO) VALUES (328354201600001, '세림동물병원', null, '인천광역시 부평구 원적로 392 (산곡동) ', null, '032-509-6554', null, null, 6280000, 3540000);
INSERT INTO NEWSOULMATE.SHELTER (SHELTER_NO, SHELTER_NAME, SHELTER_EMAIL, SHELTER_ADDRESS, SHELTER_TEL, SHELTER_LANDLINE, COMPANY_NUM, TRANSFER_NO, CITY_NO, VILLAGE_NO) VALUES (328354201700003, '삼산종합동물병원', null, '인천광역시 부평구 체육관로 40 (삼산동) ', null, '032-509-6554', null, null, 6280000, 3540000);
INSERT INTO NEWSOULMATE.SHELTER (SHELTER_NO, SHELTER_NAME, SHELTER_EMAIL, SHELTER_ADDRESS, SHELTER_TEL, SHELTER_LANDLINE, COMPANY_NUM, TRANSFER_NO, CITY_NO, VILLAGE_NO) VALUES (328354201900001, '짱구네동물병원', null, '인천광역시 부평구 평천로 356 (갈산동) ', null, '032-509-6554', null, null, 6280000, 3540000);
INSERT INTO NEWSOULMATE.SHELTER (SHELTER_NO, SHELTER_NAME, SHELTER_EMAIL, SHELTER_ADDRESS, SHELTER_TEL, SHELTER_LANDLINE, COMPANY_NUM, TRANSFER_NO, CITY_NO, VILLAGE_NO) VALUES (328356201000001, '가정동물병원', null, '인천광역시 서구 가정로 346 (가정동) ', null, '032-560-1903', null, null, 6280000, 3560000);
INSERT INTO NEWSOULMATE.SHELTER (SHELTER_NO, SHELTER_NAME, SHELTER_EMAIL, SHELTER_ADDRESS, SHELTER_TEL, SHELTER_LANDLINE, COMPANY_NUM, TRANSFER_NO, CITY_NO, VILLAGE_NO) VALUES (328356201600002, '서구종합동물병원', null, null, null, null, null, null, 6280000, 3560000);
INSERT INTO NEWSOULMATE.SHELTER (SHELTER_NO, SHELTER_NAME, SHELTER_EMAIL, SHELTER_ADDRESS, SHELTER_TEL, SHELTER_LANDLINE, COMPANY_NUM, TRANSFER_NO, CITY_NO, VILLAGE_NO) VALUES (328356201600003, '예스동물병원', null, null, null, null, null, null, 6280000, 3560000);
INSERT INTO NEWSOULMATE.SHELTER (SHELTER_NO, SHELTER_NAME, SHELTER_EMAIL, SHELTER_ADDRESS, SHELTER_TEL, SHELTER_LANDLINE, COMPANY_NUM, TRANSFER_NO, CITY_NO, VILLAGE_NO) VALUES (328356201600005, '우리동물병원', null, '인천광역시 서구 서곶로 349 (연희동) 우리동물병원', null, '032-560-1903', null, null, 6280000, 3560000);
INSERT INTO NEWSOULMATE.SHELTER (SHELTER_NO, SHELTER_NAME, SHELTER_EMAIL, SHELTER_ADDRESS, SHELTER_TEL, SHELTER_LANDLINE, COMPANY_NUM, TRANSFER_NO, CITY_NO, VILLAGE_NO) VALUES (328356201800001, '동물에반하다동물병원', null, null, null, null, null, null, 6280000, 3560000);
INSERT INTO NEWSOULMATE.SHELTER (SHELTER_NO, SHELTER_NAME, SHELTER_EMAIL, SHELTER_ADDRESS, SHELTER_TEL, SHELTER_LANDLINE, COMPANY_NUM, TRANSFER_NO, CITY_NO, VILLAGE_NO) VALUES (328356202100001, '진현우동물병원', null, null, null, null, null, null, 6280000, 3560000);
INSERT INTO NEWSOULMATE.SHELTER (SHELTER_NO, SHELTER_NAME, SHELTER_EMAIL, SHELTER_ADDRESS, SHELTER_TEL, SHELTER_LANDLINE, COMPANY_NUM, TRANSFER_NO, CITY_NO, VILLAGE_NO) VALUES (328356202200002, '가온동물의료센터', null, null, null, null, null, null, 6280000, 3560000);
INSERT INTO NEWSOULMATE.SHELTER (SHELTER_NO, SHELTER_NAME, SHELTER_EMAIL, SHELTER_ADDRESS, SHELTER_TEL, SHELTER_LANDLINE, COMPANY_NUM, TRANSFER_NO, CITY_NO, VILLAGE_NO) VALUES (328352201400005, '노성남동물병원', null, null, null, null, null, null, 6280000, 3520000);
INSERT INTO NEWSOULMATE.SHELTER (SHELTER_NO, SHELTER_NAME, SHELTER_EMAIL, SHELTER_ADDRESS, SHELTER_TEL, SHELTER_LANDLINE, COMPANY_NUM, TRANSFER_NO, CITY_NO, VILLAGE_NO) VALUES (328352201400004, '신퍼피클럽동물병원', null, null, null, null, null, null, 6280000, 3520000);
INSERT INTO NEWSOULMATE.SHELTER (SHELTER_NO, SHELTER_NAME, SHELTER_EMAIL, SHELTER_ADDRESS, SHELTER_TEL, SHELTER_LANDLINE, COMPANY_NUM, TRANSFER_NO, CITY_NO, VILLAGE_NO) VALUES (328352201400001, '인천광역시수의사회', null, '인천광역시 계양구 다남로165번길 56 (다남동, 유기동물보호소) ', null, '032-749-7803', null, null, 6280000, 3520000);
INSERT INTO NEWSOULMATE.SHELTER (SHELTER_NO, SHELTER_NAME, SHELTER_EMAIL, SHELTER_ADDRESS, SHELTER_TEL, SHELTER_LANDLINE, COMPANY_NUM, TRANSFER_NO, CITY_NO, VILLAGE_NO) VALUES (328352201400002, '주주동물병원', null, null, null, null, null, null, 6280000, 3520000);
INSERT INTO NEWSOULMATE.SHELTER (SHELTER_NO, SHELTER_NAME, SHELTER_EMAIL, SHELTER_ADDRESS, SHELTER_TEL, SHELTER_LANDLINE, COMPANY_NUM, TRANSFER_NO, CITY_NO, VILLAGE_NO) VALUES (328352201600002, '웰니스클리닉 연수점', null, null, null, null, null, null, 6280000, 3520000);
INSERT INTO NEWSOULMATE.SHELTER (SHELTER_NO, SHELTER_NAME, SHELTER_EMAIL, SHELTER_ADDRESS, SHELTER_TEL, SHELTER_LANDLINE, COMPANY_NUM, TRANSFER_NO, CITY_NO, VILLAGE_NO) VALUES (328352201900001, '웰 동물병원 ', null, null, null, null, null, null, 6280000, 3520000);
INSERT INTO NEWSOULMATE.SHELTER (SHELTER_NO, SHELTER_NAME, SHELTER_EMAIL, SHELTER_ADDRESS, SHELTER_TEL, SHELTER_LANDLINE, COMPANY_NUM, TRANSFER_NO, CITY_NO, VILLAGE_NO) VALUES (328352201700002, '송도건국동물병원', null, null, null, null, null, null, 6280000, 3520000);
INSERT INTO NEWSOULMATE.SHELTER (SHELTER_NO, SHELTER_NAME, SHELTER_EMAIL, SHELTER_ADDRESS, SHELTER_TEL, SHELTER_LANDLINE, COMPANY_NUM, TRANSFER_NO, CITY_NO, VILLAGE_NO) VALUES (328352201800002, '연수동물병원', null, null, null, null, null, null, 6280000, 3520000);
INSERT INTO NEWSOULMATE.SHELTER (SHELTER_NO, SHELTER_NAME, SHELTER_EMAIL, SHELTER_ADDRESS, SHELTER_TEL, SHELTER_LANDLINE, COMPANY_NUM, TRANSFER_NO, CITY_NO, VILLAGE_NO) VALUES (328352201800003, '닥터비 동물병원', null, null, null, null, null, null, 6280000, 3520000);
INSERT INTO NEWSOULMATE.SHELTER (SHELTER_NO, SHELTER_NAME, SHELTER_EMAIL, SHELTER_ADDRESS, SHELTER_TEL, SHELTER_LANDLINE, COMPANY_NUM, TRANSFER_NO, CITY_NO, VILLAGE_NO) VALUES (328352201800004, '따뜻한 동물병원', null, null, null, null, null, null, 6280000, 3520000);
INSERT INTO NEWSOULMATE.SHELTER (SHELTER_NO, SHELTER_NAME, SHELTER_EMAIL, SHELTER_ADDRESS, SHELTER_TEL, SHELTER_LANDLINE, COMPANY_NUM, TRANSFER_NO, CITY_NO, VILLAGE_NO) VALUES (328352201800001, '베리떼 동물병원', null, null, null, null, null, null, 6280000, 3520000);
INSERT INTO NEWSOULMATE.SHELTER (SHELTER_NO, SHELTER_NAME, SHELTER_EMAIL, SHELTER_ADDRESS, SHELTER_TEL, SHELTER_LANDLINE, COMPANY_NUM, TRANSFER_NO, CITY_NO, VILLAGE_NO) VALUES (328352202000004, '아름다운 동물병원', null, null, null, null, null, null, 6280000, 3520000);
INSERT INTO NEWSOULMATE.SHELTER (SHELTER_NO, SHELTER_NAME, SHELTER_EMAIL, SHELTER_ADDRESS, SHELTER_TEL, SHELTER_LANDLINE, COMPANY_NUM, TRANSFER_NO, CITY_NO, VILLAGE_NO) VALUES (328352202000001, '포시즌 동물병원', null, null, null, null, null, null, 6280000, 3520000);
INSERT INTO NEWSOULMATE.SHELTER (SHELTER_NO, SHELTER_NAME, SHELTER_EMAIL, SHELTER_ADDRESS, SHELTER_TEL, SHELTER_LANDLINE, COMPANY_NUM, TRANSFER_NO, CITY_NO, VILLAGE_NO) VALUES (328352202000003, '라파엘 동물병원', null, null, null, null, null, null, 6280000, 3520000);
INSERT INTO NEWSOULMATE.SHELTER (SHELTER_NO, SHELTER_NAME, SHELTER_EMAIL, SHELTER_ADDRESS, SHELTER_TEL, SHELTER_LANDLINE, COMPANY_NUM, TRANSFER_NO, CITY_NO, VILLAGE_NO) VALUES (328358201000001, '인천수의사회유기동물', null, '인천광역시 계양구 다남동 35-8', null, '032-899-2982', null, null, 6280000, 3580000);
INSERT INTO NEWSOULMATE.SHELTER (SHELTER_NO, SHELTER_NAME, SHELTER_EMAIL, SHELTER_ADDRESS, SHELTER_TEL, SHELTER_LANDLINE, COMPANY_NUM, TRANSFER_NO, CITY_NO, VILLAGE_NO) VALUES (328358202100001, '현대종합동물병원', null, null, null, null, null, null, 6280000, 3580000);
INSERT INTO NEWSOULMATE.SHELTER (SHELTER_NO, SHELTER_NAME, SHELTER_EMAIL, SHELTER_ADDRESS, SHELTER_TEL, SHELTER_LANDLINE, COMPANY_NUM, TRANSFER_NO, CITY_NO, VILLAGE_NO) VALUES (328358202100002, '필종합동물병원', null, null, null, null, null, null, 6280000, 3580000);
INSERT INTO NEWSOULMATE.SHELTER (SHELTER_NO, SHELTER_NAME, SHELTER_EMAIL, SHELTER_ADDRESS, SHELTER_TEL, SHELTER_LANDLINE, COMPANY_NUM, TRANSFER_NO, CITY_NO, VILLAGE_NO) VALUES (328358202100003, '참동물병원', null, null, null, null, null, null, 6280000, 3580000);
INSERT INTO NEWSOULMATE.SHELTER (SHELTER_NO, SHELTER_NAME, SHELTER_EMAIL, SHELTER_ADDRESS, SHELTER_TEL, SHELTER_LANDLINE, COMPANY_NUM, TRANSFER_NO, CITY_NO, VILLAGE_NO) VALUES (328358202100005, '연수동물메디컬센터', null, null, null, null, null, null, 6280000, 3580000);
INSERT INTO NEWSOULMATE.SHELTER (SHELTER_NO, SHELTER_NAME, SHELTER_EMAIL, SHELTER_ADDRESS, SHELTER_TEL, SHELTER_LANDLINE, COMPANY_NUM, TRANSFER_NO, CITY_NO, VILLAGE_NO) VALUES (328358202100006, '시민동물병원', null, null, null, null, null, null, 6280000, 3580000);
INSERT INTO NEWSOULMATE.SHELTER (SHELTER_NO, SHELTER_NAME, SHELTER_EMAIL, SHELTER_ADDRESS, SHELTER_TEL, SHELTER_LANDLINE, COMPANY_NUM, TRANSFER_NO, CITY_NO, VILLAGE_NO) VALUES (328358202100008, '삼산종합동물병원', null, null, null, null, null, null, 6280000, 3580000);
INSERT INTO NEWSOULMATE.SHELTER (SHELTER_NO, SHELTER_NAME, SHELTER_EMAIL, SHELTER_ADDRESS, SHELTER_TEL, SHELTER_LANDLINE, COMPANY_NUM, TRANSFER_NO, CITY_NO, VILLAGE_NO) VALUES (328358202100004, '짱구네동물병원', null, null, null, null, null, null, 6280000, 3580000);
INSERT INTO NEWSOULMATE.SHELTER (SHELTER_NO, SHELTER_NAME, SHELTER_EMAIL, SHELTER_ADDRESS, SHELTER_TEL, SHELTER_LANDLINE, COMPANY_NUM, TRANSFER_NO, CITY_NO, VILLAGE_NO) VALUES (329363201300001, '광주 동물보호소', null, '광주광역시 북구 본촌마을길 27 (본촌동) 광주공역시 동물보호소', null, '062-571-2808', null, null, 6290000, 3630000);
INSERT INTO NEWSOULMATE.SHELTER (SHELTER_NO, SHELTER_NAME, SHELTER_EMAIL, SHELTER_ADDRESS, SHELTER_TEL, SHELTER_LANDLINE, COMPANY_NUM, TRANSFER_NO, CITY_NO, VILLAGE_NO) VALUES (329361201300001, '광주 동물보호소', null, '광주광역시 북구 본촌마을길 27 (본촌동) 광주광역시 동물보호소', null, '062-607-2754', null, null, 6290000, 3610000);
INSERT INTO NEWSOULMATE.SHELTER (SHELTER_NO, SHELTER_NAME, SHELTER_EMAIL, SHELTER_ADDRESS, SHELTER_TEL, SHELTER_LANDLINE, COMPANY_NUM, TRANSFER_NO, CITY_NO, VILLAGE_NO) VALUES (329359201300001, '광주 동물보호소', null, '광주광역시 북구 본촌마을길 27 (본촌동) 광주광역시 동물보호소', null, '062-608-2724', null, null, 6290000, 3590000);
INSERT INTO NEWSOULMATE.SHELTER (SHELTER_NO, SHELTER_NAME, SHELTER_EMAIL, SHELTER_ADDRESS, SHELTER_TEL, SHELTER_LANDLINE, COMPANY_NUM, TRANSFER_NO, CITY_NO, VILLAGE_NO) VALUES (329359201700001, '현동물병원', null, null, null, null, null, null, 6290000, 3590000);
INSERT INTO NEWSOULMATE.SHELTER (SHELTER_NO, SHELTER_NAME, SHELTER_EMAIL, SHELTER_ADDRESS, SHELTER_TEL, SHELTER_LANDLINE, COMPANY_NUM, TRANSFER_NO, CITY_NO, VILLAGE_NO) VALUES (329359201700004, '신세계동물병원', null, null, null, null, null, null, 6290000, 3590000);
INSERT INTO NEWSOULMATE.SHELTER (SHELTER_NO, SHELTER_NAME, SHELTER_EMAIL, SHELTER_ADDRESS, SHELTER_TEL, SHELTER_LANDLINE, COMPANY_NUM, TRANSFER_NO, CITY_NO, VILLAGE_NO) VALUES (329359201700005, '튼튼동물병원', null, null, null, null, null, null, 6290000, 3590000);
INSERT INTO NEWSOULMATE.SHELTER (SHELTER_NO, SHELTER_NAME, SHELTER_EMAIL, SHELTER_ADDRESS, SHELTER_TEL, SHELTER_LANDLINE, COMPANY_NUM, TRANSFER_NO, CITY_NO, VILLAGE_NO) VALUES (329359201700003, '두손너에게', null, null, null, null, null, null, 6290000, 3590000);
INSERT INTO NEWSOULMATE.SHELTER (SHELTER_NO, SHELTER_NAME, SHELTER_EMAIL, SHELTER_ADDRESS, SHELTER_TEL, SHELTER_LANDLINE, COMPANY_NUM, TRANSFER_NO, CITY_NO, VILLAGE_NO) VALUES (329362201300001, '광주 동물보호소', null, '광주광역시 북구 본촌마을길 27 (본촌동) 광주광역시 동물보호소', null, '062-410-6557', null, null, 6290000, 3620000);
INSERT INTO NEWSOULMATE.SHELTER (SHELTER_NO, SHELTER_NAME, SHELTER_EMAIL, SHELTER_ADDRESS, SHELTER_TEL, SHELTER_LANDLINE, COMPANY_NUM, TRANSFER_NO, CITY_NO, VILLAGE_NO) VALUES (331370200900003, '미래펫동물병원', null, '울산광역시 남구 중앙로 218-1 (신정동) ', null, '052-226-5264', null, null, 6310000, 3700000);
INSERT INTO NEWSOULMATE.SHELTER (SHELTER_NO, SHELTER_NAME, SHELTER_EMAIL, SHELTER_ADDRESS, SHELTER_TEL, SHELTER_LANDLINE, COMPANY_NUM, TRANSFER_NO, CITY_NO, VILLAGE_NO) VALUES (331370200900001, '사랑동물병원', null, '울산광역시 남구 중앙로 165-1 (신정동) ', null, '052-226-5264', null, null, 6310000, 3700000);
INSERT INTO NEWSOULMATE.SHELTER (SHELTER_NO, SHELTER_NAME, SHELTER_EMAIL, SHELTER_ADDRESS, SHELTER_TEL, SHELTER_LANDLINE, COMPANY_NUM, TRANSFER_NO, CITY_NO, VILLAGE_NO) VALUES (331370201200001, '스마일동물병원', null, '울산광역시 남구 대학로 112 (무거동) ', null, '052-226-5264', null, null, 6310000, 3700000);
INSERT INTO NEWSOULMATE.SHELTER (SHELTER_NO, SHELTER_NAME, SHELTER_EMAIL, SHELTER_ADDRESS, SHELTER_TEL, SHELTER_LANDLINE, COMPANY_NUM, TRANSFER_NO, CITY_NO, VILLAGE_NO) VALUES (331370201200003, '울산유기동물보호센터', null, '울산광역시 울주군 온양읍 화산발리로 543 (온양읍) ', null, '052-226-5264', null, null, 6310000, 3700000);
INSERT INTO NEWSOULMATE.SHELTER (SHELTER_NO, SHELTER_NAME, SHELTER_EMAIL, SHELTER_ADDRESS, SHELTER_TEL, SHELTER_LANDLINE, COMPANY_NUM, TRANSFER_NO, CITY_NO, VILLAGE_NO) VALUES (331370201600002, '리틀쥬동물의료원', null, null, null, null, null, null, 6310000, 3700000);
INSERT INTO NEWSOULMATE.SHELTER (SHELTER_NO, SHELTER_NAME, SHELTER_EMAIL, SHELTER_ADDRESS, SHELTER_TEL, SHELTER_LANDLINE, COMPANY_NUM, TRANSFER_NO, CITY_NO, VILLAGE_NO) VALUES (331370201800001, '강남동물병원', null, '울산광역시 남구 돋질로 232 (달동) 1층', null, '052-226-5264', null, null, 6310000, 3700000);
INSERT INTO NEWSOULMATE.SHELTER (SHELTER_NO, SHELTER_NAME, SHELTER_EMAIL, SHELTER_ADDRESS, SHELTER_TEL, SHELTER_LANDLINE, COMPANY_NUM, TRANSFER_NO, CITY_NO, VILLAGE_NO) VALUES (331371201000001, '일산동물의료센터', null, '울산광역시 동구 방어진순환도로 645 (일산동) ', null, '052-209-3538', null, null, 6310000, 3710000);
INSERT INTO NEWSOULMATE.SHELTER (SHELTER_NO, SHELTER_NAME, SHELTER_EMAIL, SHELTER_ADDRESS, SHELTER_TEL, SHELTER_LANDLINE, COMPANY_NUM, TRANSFER_NO, CITY_NO, VILLAGE_NO) VALUES (331372200900002, '이솝동물병원', null, null, null, null, null, null, 6310000, 3720000);
INSERT INTO NEWSOULMATE.SHELTER (SHELTER_NO, SHELTER_NAME, SHELTER_EMAIL, SHELTER_ADDRESS, SHELTER_TEL, SHELTER_LANDLINE, COMPANY_NUM, TRANSFER_NO, CITY_NO, VILLAGE_NO) VALUES (331372200900003, '쿨펫동물병원', null, null, null, null, null, null, 6310000, 3720000);
INSERT INTO NEWSOULMATE.SHELTER (SHELTER_NO, SHELTER_NAME, SHELTER_EMAIL, SHELTER_ADDRESS, SHELTER_TEL, SHELTER_LANDLINE, COMPANY_NUM, TRANSFER_NO, CITY_NO, VILLAGE_NO) VALUES (331372201200001, '울산유기동물보호센터', null, '울산광역시 울주군 온양읍 화산발리로 543  ', null, '052-241-8085', null, null, 6310000, 3720000);
INSERT INTO NEWSOULMATE.SHELTER (SHELTER_NO, SHELTER_NAME, SHELTER_EMAIL, SHELTER_ADDRESS, SHELTER_TEL, SHELTER_LANDLINE, COMPANY_NUM, TRANSFER_NO, CITY_NO, VILLAGE_NO) VALUES (331372202000002, '쿨펫 홈플러스 북구점', null, null, null, null, null, null, 6310000, 3720000);
INSERT INTO NEWSOULMATE.SHELTER (SHELTER_NO, SHELTER_NAME, SHELTER_EMAIL, SHELTER_ADDRESS, SHELTER_TEL, SHELTER_LANDLINE, COMPANY_NUM, TRANSFER_NO, CITY_NO, VILLAGE_NO) VALUES (331372202000001, '정철동물병원', null, '울산광역시 북구 진장17길 11 (진장동) 정철동물병원', null, '052-241-8085', null, null, 6310000, 3720000);
INSERT INTO NEWSOULMATE.SHELTER (SHELTER_NO, SHELTER_NAME, SHELTER_EMAIL, SHELTER_ADDRESS, SHELTER_TEL, SHELTER_LANDLINE, COMPANY_NUM, TRANSFER_NO, CITY_NO, VILLAGE_NO) VALUES (331372202200001, '호계동물병원', null, null, null, null, null, null, 6310000, 3720000);
INSERT INTO NEWSOULMATE.SHELTER (SHELTER_NO, SHELTER_NAME, SHELTER_EMAIL, SHELTER_ADDRESS, SHELTER_TEL, SHELTER_LANDLINE, COMPANY_NUM, TRANSFER_NO, CITY_NO, VILLAGE_NO) VALUES (331373201200002, '울산유기동물보호센터', null, '울산광역시 울주군 온양읍 발리 1144', null, '052-204-1635', null, null, 6310000, 3730000);
INSERT INTO NEWSOULMATE.SHELTER (SHELTER_NO, SHELTER_NAME, SHELTER_EMAIL, SHELTER_ADDRESS, SHELTER_TEL, SHELTER_LANDLINE, COMPANY_NUM, TRANSFER_NO, CITY_NO, VILLAGE_NO) VALUES (331373201200001, '와우동물병원', null, null, null, null, null, null, 6310000, 3730000);
INSERT INTO NEWSOULMATE.SHELTER (SHELTER_NO, SHELTER_NAME, SHELTER_EMAIL, SHELTER_ADDRESS, SHELTER_TEL, SHELTER_LANDLINE, COMPANY_NUM, TRANSFER_NO, CITY_NO, VILLAGE_NO) VALUES (331373201600003, '온양 발리동물병원', null, null, null, null, null, null, 6310000, 3730000);
INSERT INTO NEWSOULMATE.SHELTER (SHELTER_NO, SHELTER_NAME, SHELTER_EMAIL, SHELTER_ADDRESS, SHELTER_TEL, SHELTER_LANDLINE, COMPANY_NUM, TRANSFER_NO, CITY_NO, VILLAGE_NO) VALUES (331373201600001, '범서조은동물병원', null, null, null, null, null, null, 6310000, 3730000);
INSERT INTO NEWSOULMATE.SHELTER (SHELTER_NO, SHELTER_NAME, SHELTER_EMAIL, SHELTER_ADDRESS, SHELTER_TEL, SHELTER_LANDLINE, COMPANY_NUM, TRANSFER_NO, CITY_NO, VILLAGE_NO) VALUES (331373201600005, '와우동물병원', null, null, null, null, null, null, 6310000, 3730000);
INSERT INTO NEWSOULMATE.SHELTER (SHELTER_NO, SHELTER_NAME, SHELTER_EMAIL, SHELTER_ADDRESS, SHELTER_TEL, SHELTER_LANDLINE, COMPANY_NUM, TRANSFER_NO, CITY_NO, VILLAGE_NO) VALUES (331373201600002, '초록동물병원', null, null, null, null, null, null, 6310000, 3730000);
INSERT INTO NEWSOULMATE.SHELTER (SHELTER_NO, SHELTER_NAME, SHELTER_EMAIL, SHELTER_ADDRESS, SHELTER_TEL, SHELTER_LANDLINE, COMPANY_NUM, TRANSFER_NO, CITY_NO, VILLAGE_NO) VALUES (331373201600006, '남창미르동물병원', null, null, null, null, null, null, 6310000, 3730000);
INSERT INTO NEWSOULMATE.SHELTER (SHELTER_NO, SHELTER_NAME, SHELTER_EMAIL, SHELTER_ADDRESS, SHELTER_TEL, SHELTER_LANDLINE, COMPANY_NUM, TRANSFER_NO, CITY_NO, VILLAGE_NO) VALUES (331373201600007, 'BB동물병원', null, null, null, null, null, null, 6310000, 3730000);
INSERT INTO NEWSOULMATE.SHELTER (SHELTER_NO, SHELTER_NAME, SHELTER_EMAIL, SHELTER_ADDRESS, SHELTER_TEL, SHELTER_LANDLINE, COMPANY_NUM, TRANSFER_NO, CITY_NO, VILLAGE_NO) VALUES (341397202100002, '하은동물병원', null, null, null, null, null, null, 6410000, 3970000);
INSERT INTO NEWSOULMATE.SHELTER (SHELTER_NO, SHELTER_NAME, SHELTER_EMAIL, SHELTER_ADDRESS, SHELTER_TEL, SHELTER_LANDLINE, COMPANY_NUM, TRANSFER_NO, CITY_NO, VILLAGE_NO) VALUES (341390201300001, '한국야생동물보호협회', null, '경기도 안산시 상록구 청곡길 50 (부곡동) 한국야생동물보호협회', null, '02-2680-2329', null, null, 6410000, 3900000);
INSERT INTO NEWSOULMATE.SHELTER (SHELTER_NO, SHELTER_NAME, SHELTER_EMAIL, SHELTER_ADDRESS, SHELTER_TEL, SHELTER_LANDLINE, COMPANY_NUM, TRANSFER_NO, CITY_NO, VILLAGE_NO) VALUES (341390201900002, '한샘종합동물병원', null, null, null, null, null, null, 6410000, 3900000);
INSERT INTO NEWSOULMATE.SHELTER (SHELTER_NO, SHELTER_NAME, SHELTER_EMAIL, SHELTER_ADDRESS, SHELTER_TEL, SHELTER_LANDLINE, COMPANY_NUM, TRANSFER_NO, CITY_NO, VILLAGE_NO) VALUES (341390202100001, '해피동물병원', null, null, null, null, null, null, 6410000, 3900000);
INSERT INTO NEWSOULMATE.SHELTER (SHELTER_NO, SHELTER_NAME, SHELTER_EMAIL, SHELTER_ADDRESS, SHELTER_TEL, SHELTER_LANDLINE, COMPANY_NUM, TRANSFER_NO, CITY_NO, VILLAGE_NO) VALUES (341390202000001, '뉴광명동물메디컬센터', null, null, null, null, null, null, 6410000, 3900000);
INSERT INTO NEWSOULMATE.SHELTER (SHELTER_NO, SHELTER_NAME, SHELTER_EMAIL, SHELTER_ADDRESS, SHELTER_TEL, SHELTER_LANDLINE, COMPANY_NUM, TRANSFER_NO, CITY_NO, VILLAGE_NO) VALUES (341390202100002, '광명반함센터', null, '경기도 광명시 오리로854번길 10 (철산동) 지하1층', null, '02-2680-2329', null, null, 6410000, 3900000);
INSERT INTO NEWSOULMATE.SHELTER (SHELTER_NO, SHELTER_NAME, SHELTER_EMAIL, SHELTER_ADDRESS, SHELTER_TEL, SHELTER_LANDLINE, COMPANY_NUM, TRANSFER_NO, CITY_NO, VILLAGE_NO) VALUES (341390202200002, '마음동물병원', null, null, null, null, null, null, 6410000, 3900000);
INSERT INTO NEWSOULMATE.SHELTER (SHELTER_NO, SHELTER_NAME, SHELTER_EMAIL, SHELTER_ADDRESS, SHELTER_TEL, SHELTER_LANDLINE, COMPANY_NUM, TRANSFER_NO, CITY_NO, VILLAGE_NO) VALUES (341554201300008, '광주TNR동물병원송정', null, '경기도 광주시 경안천로 142 (송정동) 광주TNR동물병원', null, '031-760-4419', null, null, 6410000, 5540000);
INSERT INTO NEWSOULMATE.SHELTER (SHELTER_NO, SHELTER_NAME, SHELTER_EMAIL, SHELTER_ADDRESS, SHELTER_TEL, SHELTER_LANDLINE, COMPANY_NUM, TRANSFER_NO, CITY_NO, VILLAGE_NO) VALUES (341398200900001, '한국동물구조관리협회', null, '경기도 양주시 남면 감악산로 63-37  ', null, '031-550-2315', null, null, 6410000, 3980000);
INSERT INTO NEWSOULMATE.SHELTER (SHELTER_NO, SHELTER_NAME, SHELTER_EMAIL, SHELTER_ADDRESS, SHELTER_TEL, SHELTER_LANDLINE, COMPANY_NUM, TRANSFER_NO, CITY_NO, VILLAGE_NO) VALUES (341402201900002, '군포시청', null, null, null, null, null, null, 6410000, 4020000);
INSERT INTO NEWSOULMATE.SHELTER (SHELTER_NO, SHELTER_NAME, SHELTER_EMAIL, SHELTER_ADDRESS, SHELTER_TEL, SHELTER_LANDLINE, COMPANY_NUM, TRANSFER_NO, CITY_NO, VILLAGE_NO) VALUES (341402202000001, '한빛동물병원', null, null, null, null, null, null, 6410000, 4020000);
INSERT INTO NEWSOULMATE.SHELTER (SHELTER_NO, SHELTER_NAME, SHELTER_EMAIL, SHELTER_ADDRESS, SHELTER_TEL, SHELTER_LANDLINE, COMPANY_NUM, TRANSFER_NO, CITY_NO, VILLAGE_NO) VALUES (341399201500001, '남양주동물보호협회', null, '경기도 남양주시 금곡로 44 (금곡동, 성원빌딩) 1층', null, '031-590-3991', null, null, 6410000, 3990000);
INSERT INTO NEWSOULMATE.SHELTER (SHELTER_NO, SHELTER_NAME, SHELTER_EMAIL, SHELTER_ADDRESS, SHELTER_TEL, SHELTER_LANDLINE, COMPANY_NUM, TRANSFER_NO, CITY_NO, VILLAGE_NO) VALUES (341399201900001, '동인동물병원', null, null, null, null, null, null, 6410000, 3990000);
INSERT INTO NEWSOULMATE.SHELTER (SHELTER_NO, SHELTER_NAME, SHELTER_EMAIL, SHELTER_ADDRESS, SHELTER_TEL, SHELTER_LANDLINE, COMPANY_NUM, TRANSFER_NO, CITY_NO, VILLAGE_NO) VALUES (341399201900003, '장현동물병원', null, null, null, null, null, null, 6410000, 3990000);
INSERT INTO NEWSOULMATE.SHELTER (SHELTER_NO, SHELTER_NAME, SHELTER_EMAIL, SHELTER_ADDRESS, SHELTER_TEL, SHELTER_LANDLINE, COMPANY_NUM, TRANSFER_NO, CITY_NO, VILLAGE_NO) VALUES (341399202200001, '25시동물병원', null, null, null, null, null, null, 6410000, 3990000);
INSERT INTO NEWSOULMATE.SHELTER (SHELTER_NO, SHELTER_NAME, SHELTER_EMAIL, SHELTER_ADDRESS, SHELTER_TEL, SHELTER_LANDLINE, COMPANY_NUM, TRANSFER_NO, CITY_NO, VILLAGE_NO) VALUES (341392201300001, '한국동물구조관리협회', null, '경기도 양주시 남면 감악산로 63-37 ', null, '031-860-2322', null, null, 6410000, 3920000);
INSERT INTO NEWSOULMATE.SHELTER (SHELTER_NO, SHELTER_NAME, SHELTER_EMAIL, SHELTER_ADDRESS, SHELTER_TEL, SHELTER_LANDLINE, COMPANY_NUM, TRANSFER_NO, CITY_NO, VILLAGE_NO) VALUES (341392202000002, '러브펫동물병원', null, null, null, null, null, null, 6410000, 3920000);
INSERT INTO NEWSOULMATE.SHELTER (SHELTER_NO, SHELTER_NAME, SHELTER_EMAIL, SHELTER_ADDRESS, SHELTER_TEL, SHELTER_LANDLINE, COMPANY_NUM, TRANSFER_NO, CITY_NO, VILLAGE_NO) VALUES (341386200900001, '24시아이동물메디컬', null, '경기도 부천시 오정구 원종동 229-8', null, '032-625-2803', null, null, 6410000, 3860000);
INSERT INTO NEWSOULMATE.SHELTER (SHELTER_NO, SHELTER_NAME, SHELTER_EMAIL, SHELTER_ADDRESS, SHELTER_TEL, SHELTER_LANDLINE, COMPANY_NUM, TRANSFER_NO, CITY_NO, VILLAGE_NO) VALUES (341386201500001, '부천시수의사회', null, '경기도 부천시 길주로 660 (춘의동) ', null, '032-625-2803', null, null, 6410000, 3860000);
INSERT INTO NEWSOULMATE.SHELTER (SHELTER_NO, SHELTER_NAME, SHELTER_EMAIL, SHELTER_ADDRESS, SHELTER_TEL, SHELTER_LANDLINE, COMPANY_NUM, TRANSFER_NO, CITY_NO, VILLAGE_NO) VALUES (341386201800001, '가나동물병원', null, '경기도 부천시 경인로 72 (송내동) ', null, '032-625-2803', null, null, 6410000, 3860000);
INSERT INTO NEWSOULMATE.SHELTER (SHELTER_NO, SHELTER_NAME, SHELTER_EMAIL, SHELTER_ADDRESS, SHELTER_TEL, SHELTER_LANDLINE, COMPANY_NUM, TRANSFER_NO, CITY_NO, VILLAGE_NO) VALUES (341386201800004, 'cj동물병원', null, '경기도 부천시 소향로 246 (중동, 새롬프라자6차) ', null, '032-625-2803', null, null, 6410000, 3860000);
INSERT INTO NEWSOULMATE.SHELTER (SHELTER_NO, SHELTER_NAME, SHELTER_EMAIL, SHELTER_ADDRESS, SHELTER_TEL, SHELTER_LANDLINE, COMPANY_NUM, TRANSFER_NO, CITY_NO, VILLAGE_NO) VALUES (341378201300002, '펫앤쉘터동물병원', null, '경기도 성남시 분당구 불정로 266 (수내동, 유신제일조합) ', null, '031-729-3287', null, null, 6410000, 3780000);
INSERT INTO NEWSOULMATE.SHELTER (SHELTER_NO, SHELTER_NAME, SHELTER_EMAIL, SHELTER_ADDRESS, SHELTER_TEL, SHELTER_LANDLINE, COMPANY_NUM, TRANSFER_NO, CITY_NO, VILLAGE_NO) VALUES (341378201500001, '우리동물병원', null, null, null, null, null, null, 6410000, 3780000);
INSERT INTO NEWSOULMATE.SHELTER (SHELTER_NO, SHELTER_NAME, SHELTER_EMAIL, SHELTER_ADDRESS, SHELTER_TEL, SHELTER_LANDLINE, COMPANY_NUM, TRANSFER_NO, CITY_NO, VILLAGE_NO) VALUES (341401201300001, '한국야생동물보호협회', null, null, null, null, null, null, 6410000, 4010000);
INSERT INTO NEWSOULMATE.SHELTER (SHELTER_NO, SHELTER_NAME, SHELTER_EMAIL, SHELTER_ADDRESS, SHELTER_TEL, SHELTER_LANDLINE, COMPANY_NUM, TRANSFER_NO, CITY_NO, VILLAGE_NO) VALUES (341401201700001, '시흥시농업기술센터', null, null, null, null, null, null, 6410000, 4010000);
INSERT INTO NEWSOULMATE.SHELTER (SHELTER_NO, SHELTER_NAME, SHELTER_EMAIL, SHELTER_ADDRESS, SHELTER_TEL, SHELTER_LANDLINE, COMPANY_NUM, TRANSFER_NO, CITY_NO, VILLAGE_NO) VALUES (341401201900001, '호수동물병원', null, null, null, null, null, null, 6410000, 4010000);
INSERT INTO NEWSOULMATE.SHELTER (SHELTER_NO, SHELTER_NAME, SHELTER_EMAIL, SHELTER_ADDRESS, SHELTER_TEL, SHELTER_LANDLINE, COMPANY_NUM, TRANSFER_NO, CITY_NO, VILLAGE_NO) VALUES (341401202100001, '닥터원동물병원', null, null, null, null, null, null, 6410000, 4010000);
INSERT INTO NEWSOULMATE.SHELTER (SHELTER_NO, SHELTER_NAME, SHELTER_EMAIL, SHELTER_ADDRESS, SHELTER_TEL, SHELTER_LANDLINE, COMPANY_NUM, TRANSFER_NO, CITY_NO, VILLAGE_NO) VALUES (341401202000002, '목감동물병원', null, null, null, null, null, null, 6410000, 4010000);
INSERT INTO NEWSOULMATE.SHELTER (SHELTER_NO, SHELTER_NAME, SHELTER_EMAIL, SHELTER_ADDRESS, SHELTER_TEL, SHELTER_LANDLINE, COMPANY_NUM, TRANSFER_NO, CITY_NO, VILLAGE_NO) VALUES (341393200900001, '한국야생동물보호협회', null, '경기도 안산시 상록구 청곡길 50 (부곡동) 안산시 상록구 부곡동 231-5', null, '031-481-2494', null, null, 6410000, 3930000);
INSERT INTO NEWSOULMATE.SHELTER (SHELTER_NO, SHELTER_NAME, SHELTER_EMAIL, SHELTER_ADDRESS, SHELTER_TEL, SHELTER_LANDLINE, COMPANY_NUM, TRANSFER_NO, CITY_NO, VILLAGE_NO) VALUES (341393201900001, '스타캣츠', null, '경기도 안산시 단원구 한양대학로 208 (고잔동) 2층 스타캣츠', null, '031-481-2494', null, null, 6410000, 3930000);
INSERT INTO NEWSOULMATE.SHELTER (SHELTER_NO, SHELTER_NAME, SHELTER_EMAIL, SHELTER_ADDRESS, SHELTER_TEL, SHELTER_LANDLINE, COMPANY_NUM, TRANSFER_NO, CITY_NO, VILLAGE_NO) VALUES (341383201300001, '한국야생동물보호협회', null, '경기도 안산시 상록구 청곡길 50 (부곡동) ', null, '031-8045-2605', null, null, 6410000, 3830000);
INSERT INTO NEWSOULMATE.SHELTER (SHELTER_NO, SHELTER_NAME, SHELTER_EMAIL, SHELTER_ADDRESS, SHELTER_TEL, SHELTER_LANDLINE, COMPANY_NUM, TRANSFER_NO, CITY_NO, VILLAGE_NO) VALUES (341383201800001, '하은동물병원', null, null, null, null, null, null, 6410000, 3830000);
INSERT INTO NEWSOULMATE.SHELTER (SHELTER_NO, SHELTER_NAME, SHELTER_EMAIL, SHELTER_ADDRESS, SHELTER_TEL, SHELTER_LANDLINE, COMPANY_NUM, TRANSFER_NO, CITY_NO, VILLAGE_NO) VALUES (341400200900001, '오산 유기동물보호소', null, '경기도 오산시 성호대로 36 (오산동) ', null, '031-8036-7643', null, null, 6410000, 4000000);
INSERT INTO NEWSOULMATE.SHELTER (SHELTER_NO, SHELTER_NAME, SHELTER_EMAIL, SHELTER_ADDRESS, SHELTER_TEL, SHELTER_LANDLINE, COMPANY_NUM, TRANSFER_NO, CITY_NO, VILLAGE_NO) VALUES (341400201800001, '미소동물병원', null, null, null, null, null, null, 6410000, 4000000);
INSERT INTO NEWSOULMATE.SHELTER (SHELTER_NO, SHELTER_NAME, SHELTER_EMAIL, SHELTER_ADDRESS, SHELTER_TEL, SHELTER_LANDLINE, COMPANY_NUM, TRANSFER_NO, CITY_NO, VILLAGE_NO) VALUES (341400201900003, '우리동물병원', null, null, null, null, null, null, 6410000, 4000000);
INSERT INTO NEWSOULMATE.SHELTER (SHELTER_NO, SHELTER_NAME, SHELTER_EMAIL, SHELTER_ADDRESS, SHELTER_TEL, SHELTER_LANDLINE, COMPANY_NUM, TRANSFER_NO, CITY_NO, VILLAGE_NO) VALUES (341400201900001, '장수동물의료원', null, null, null, null, null, null, 6410000, 4000000);
INSERT INTO NEWSOULMATE.SHELTER (SHELTER_NO, SHELTER_NAME, SHELTER_EMAIL, SHELTER_ADDRESS, SHELTER_TEL, SHELTER_LANDLINE, COMPANY_NUM, TRANSFER_NO, CITY_NO, VILLAGE_NO) VALUES (341400201900002, '25시종합동물병원', null, null, null, null, null, null, 6410000, 4000000);
INSERT INTO NEWSOULMATE.SHELTER (SHELTER_NO, SHELTER_NAME, SHELTER_EMAIL, SHELTER_ADDRESS, SHELTER_TEL, SHELTER_LANDLINE, COMPANY_NUM, TRANSFER_NO, CITY_NO, VILLAGE_NO) VALUES (341400201900004, '원 동물병원', null, null, null, null, null, null, 6410000, 4000000);
INSERT INTO NEWSOULMATE.SHELTER (SHELTER_NO, SHELTER_NAME, SHELTER_EMAIL, SHELTER_ADDRESS, SHELTER_TEL, SHELTER_LANDLINE, COMPANY_NUM, TRANSFER_NO, CITY_NO, VILLAGE_NO) VALUES (341403202100001, '한국야생동물보호협회', null, '경기도 안산시 상록구 청곡길 50 (부곡동) ', null, '031-345-2383', null, null, 6410000, 4030000);
INSERT INTO NEWSOULMATE.SHELTER (SHELTER_NO, SHELTER_NAME, SHELTER_EMAIL, SHELTER_ADDRESS, SHELTER_TEL, SHELTER_LANDLINE, COMPANY_NUM, TRANSFER_NO, CITY_NO, VILLAGE_NO) VALUES (341403202000001, '의왕시청', null, null, null, null, null, null, 6410000, 4030000);
INSERT INTO NEWSOULMATE.SHELTER (SHELTER_NO, SHELTER_NAME, SHELTER_EMAIL, SHELTER_ADDRESS, SHELTER_TEL, SHELTER_LANDLINE, COMPANY_NUM, TRANSFER_NO, CITY_NO, VILLAGE_NO) VALUES (341403202200002, '청계종합동물병원', null, null, null, null, null, null, 6410000, 4030000);
INSERT INTO NEWSOULMATE.SHELTER (SHELTER_NO, SHELTER_NAME, SHELTER_EMAIL, SHELTER_ADDRESS, SHELTER_TEL, SHELTER_LANDLINE, COMPANY_NUM, TRANSFER_NO, CITY_NO, VILLAGE_NO) VALUES (341382200900001, '한국동물구조관리협회', null, '경기도 양주시 남면 감악산로 63-37 (남면) ', null, '031-828-4083', null, null, 6410000, 3820000);
INSERT INTO NEWSOULMATE.SHELTER (SHELTER_NO, SHELTER_NAME, SHELTER_EMAIL, SHELTER_ADDRESS, SHELTER_TEL, SHELTER_LANDLINE, COMPANY_NUM, TRANSFER_NO, CITY_NO, VILLAGE_NO) VALUES (341407201900001, '위더스 동물보호센터', null, '경기도 여주시 능서면 능서공원길 34 (능서면) ', null, '031-644-2612', null, null, 6410000, 4070000);
INSERT INTO NEWSOULMATE.SHELTER (SHELTER_NO, SHELTER_NAME, SHELTER_EMAIL, SHELTER_ADDRESS, SHELTER_TEL, SHELTER_LANDLINE, COMPANY_NUM, TRANSFER_NO, CITY_NO, VILLAGE_NO) VALUES (341406201300006, '행복한동물병원', null, null, null, null, null, null, 6410000, 4060000);
INSERT INTO NEWSOULMATE.SHELTER (SHELTER_NO, SHELTER_NAME, SHELTER_EMAIL, SHELTER_ADDRESS, SHELTER_TEL, SHELTER_LANDLINE, COMPANY_NUM, TRANSFER_NO, CITY_NO, VILLAGE_NO) VALUES (341406201300009, '나은동물병원', null, '경기도 파주시 새꽃로 207 (아동동) 나은동물병원', null, '031-940-4824', null, null, 6410000, 4060000);
INSERT INTO NEWSOULMATE.SHELTER (SHELTER_NO, SHELTER_NAME, SHELTER_EMAIL, SHELTER_ADDRESS, SHELTER_TEL, SHELTER_LANDLINE, COMPANY_NUM, TRANSFER_NO, CITY_NO, VILLAGE_NO) VALUES (341406201300005, '파주24시동물병원', null, '경기도 파주시 교하로 87 (목동동) 삼성프라자 201', null, '031-940-4824', null, null, 6410000, 4060000);
INSERT INTO NEWSOULMATE.SHELTER (SHELTER_NO, SHELTER_NAME, SHELTER_EMAIL, SHELTER_ADDRESS, SHELTER_TEL, SHELTER_LANDLINE, COMPANY_NUM, TRANSFER_NO, CITY_NO, VILLAGE_NO) VALUES (341406201300004, '버디종합동물병원', null, null, null, null, null, null, 6410000, 4060000);
INSERT INTO NEWSOULMATE.SHELTER (SHELTER_NO, SHELTER_NAME, SHELTER_EMAIL, SHELTER_ADDRESS, SHELTER_TEL, SHELTER_LANDLINE, COMPANY_NUM, TRANSFER_NO, CITY_NO, VILLAGE_NO) VALUES (341406201500002, '웰니스클리닉', null, '경기도 파주시 한울로 123 (동패동, 이마트운정점) 2층, 웰니스클리닉', null, '031-940-4824', null, null, 6410000, 4060000);
INSERT INTO NEWSOULMATE.SHELTER (SHELTER_NO, SHELTER_NAME, SHELTER_EMAIL, SHELTER_ADDRESS, SHELTER_TEL, SHELTER_LANDLINE, COMPANY_NUM, TRANSFER_NO, CITY_NO, VILLAGE_NO) VALUES (341406201700010, '야당동물병원', null, null, null, null, null, null, 6410000, 4060000);
INSERT INTO NEWSOULMATE.SHELTER (SHELTER_NO, SHELTER_NAME, SHELTER_EMAIL, SHELTER_ADDRESS, SHELTER_TEL, SHELTER_LANDLINE, COMPANY_NUM, TRANSFER_NO, CITY_NO, VILLAGE_NO) VALUES (341406201700002, '가온동물병원', null, null, null, null, null, null, 6410000, 4060000);
INSERT INTO NEWSOULMATE.SHELTER (SHELTER_NO, SHELTER_NAME, SHELTER_EMAIL, SHELTER_ADDRESS, SHELTER_TEL, SHELTER_LANDLINE, COMPANY_NUM, TRANSFER_NO, CITY_NO, VILLAGE_NO) VALUES (341406201700009, '로뎀동물병원', null, null, null, null, null, null, 6410000, 4060000);
INSERT INTO NEWSOULMATE.SHELTER (SHELTER_NO, SHELTER_NAME, SHELTER_EMAIL, SHELTER_ADDRESS, SHELTER_TEL, SHELTER_LANDLINE, COMPANY_NUM, TRANSFER_NO, CITY_NO, VILLAGE_NO) VALUES (341406201700001, '금릉동물병원', null, null, null, null, null, null, 6410000, 4060000);
INSERT INTO NEWSOULMATE.SHELTER (SHELTER_NO, SHELTER_NAME, SHELTER_EMAIL, SHELTER_ADDRESS, SHELTER_TEL, SHELTER_LANDLINE, COMPANY_NUM, TRANSFER_NO, CITY_NO, VILLAGE_NO) VALUES (341406201700003, '미엘동물병원', null, '경기도 파주시 청석로 264 (동패동) 2층 201호 거북목프라자', null, '031-940-4824', null, null, 6410000, 4060000);
INSERT INTO NEWSOULMATE.SHELTER (SHELTER_NO, SHELTER_NAME, SHELTER_EMAIL, SHELTER_ADDRESS, SHELTER_TEL, SHELTER_LANDLINE, COMPANY_NUM, TRANSFER_NO, CITY_NO, VILLAGE_NO) VALUES (341406201900001, '파주독 애견호텔', null, '경기도 파주시 탄현면 방촌로 732-96 (탄현면) ', null, '031-940-4824', null, null, 6410000, 4060000);
INSERT INTO NEWSOULMATE.SHELTER (SHELTER_NO, SHELTER_NAME, SHELTER_EMAIL, SHELTER_ADDRESS, SHELTER_TEL, SHELTER_LANDLINE, COMPANY_NUM, TRANSFER_NO, CITY_NO, VILLAGE_NO) VALUES (341406201300003, '문산동물병원', null, null, null, null, null, null, 6410000, 4060000);
INSERT INTO NEWSOULMATE.SHELTER (SHELTER_NO, SHELTER_NAME, SHELTER_EMAIL, SHELTER_ADDRESS, SHELTER_TEL, SHELTER_LANDLINE, COMPANY_NUM, TRANSFER_NO, CITY_NO, VILLAGE_NO) VALUES (341391200900001, '평택시유기동물보호소', null, '경기도 평택시 진위면 야막길 108-86 (진위면) ', null, '031-8024-3808', null, null, 6410000, 3910000);
INSERT INTO NEWSOULMATE.SHELTER (SHELTER_NO, SHELTER_NAME, SHELTER_EMAIL, SHELTER_ADDRESS, SHELTER_TEL, SHELTER_LANDLINE, COMPANY_NUM, TRANSFER_NO, CITY_NO, VILLAGE_NO) VALUES (341391201800002, '코리아 동물병원', null, null, null, null, null, null, 6410000, 3910000);
INSERT INTO NEWSOULMATE.SHELTER (SHELTER_NO, SHELTER_NAME, SHELTER_EMAIL, SHELTER_ADDRESS, SHELTER_TEL, SHELTER_LANDLINE, COMPANY_NUM, TRANSFER_NO, CITY_NO, VILLAGE_NO) VALUES (341391201800003, '필립 동물병원', null, null, null, null, null, null, 6410000, 3910000);
INSERT INTO NEWSOULMATE.SHELTER (SHELTER_NO, SHELTER_NAME, SHELTER_EMAIL, SHELTER_ADDRESS, SHELTER_TEL, SHELTER_LANDLINE, COMPANY_NUM, TRANSFER_NO, CITY_NO, VILLAGE_NO) VALUES (341391201900001, '강남동물병원', null, null, null, null, null, null, 6410000, 3910000);
INSERT INTO NEWSOULMATE.SHELTER (SHELTER_NO, SHELTER_NAME, SHELTER_EMAIL, SHELTER_ADDRESS, SHELTER_TEL, SHELTER_LANDLINE, COMPANY_NUM, TRANSFER_NO, CITY_NO, VILLAGE_NO) VALUES (341391201900002, 'two현동물병원', null, null, null, null, null, null, 6410000, 3910000);
INSERT INTO NEWSOULMATE.SHELTER (SHELTER_NO, SHELTER_NAME, SHELTER_EMAIL, SHELTER_ADDRESS, SHELTER_TEL, SHELTER_LANDLINE, COMPANY_NUM, TRANSFER_NO, CITY_NO, VILLAGE_NO) VALUES (341391201900004, '안중중앙동물병원', null, null, null, null, null, null, 6410000, 3910000);
INSERT INTO NEWSOULMATE.SHELTER (SHELTER_NO, SHELTER_NAME, SHELTER_EMAIL, SHELTER_ADDRESS, SHELTER_TEL, SHELTER_LANDLINE, COMPANY_NUM, TRANSFER_NO, CITY_NO, VILLAGE_NO) VALUES (341391201900005, 'PET25시 동물병원', null, null, null, null, null, null, 6410000, 3910000);
INSERT INTO NEWSOULMATE.SHELTER (SHELTER_NO, SHELTER_NAME, SHELTER_EMAIL, SHELTER_ADDRESS, SHELTER_TEL, SHELTER_LANDLINE, COMPANY_NUM, TRANSFER_NO, CITY_NO, VILLAGE_NO) VALUES (341391201900003, '펫필드동물병원', null, null, null, null, null, null, 6410000, 3910000);
INSERT INTO NEWSOULMATE.SHELTER (SHELTER_NO, SHELTER_NAME, SHELTER_EMAIL, SHELTER_ADDRESS, SHELTER_TEL, SHELTER_LANDLINE, COMPANY_NUM, TRANSFER_NO, CITY_NO, VILLAGE_NO) VALUES (341391202000002, '쿨펫동물병원', null, null, null, null, null, null, 6410000, 3910000);
INSERT INTO NEWSOULMATE.SHELTER (SHELTER_NO, SHELTER_NAME, SHELTER_EMAIL, SHELTER_ADDRESS, SHELTER_TEL, SHELTER_LANDLINE, COMPANY_NUM, TRANSFER_NO, CITY_NO, VILLAGE_NO) VALUES (341391202100001, '심재훈동물병원', null, null, null, null, null, null, 6410000, 3910000);
INSERT INTO NEWSOULMATE.SHELTER (SHELTER_NO, SHELTER_NAME, SHELTER_EMAIL, SHELTER_ADDRESS, SHELTER_TEL, SHELTER_LANDLINE, COMPANY_NUM, TRANSFER_NO, CITY_NO, VILLAGE_NO) VALUES (342424201900001, '삼척동물병원', null, null, null, null, null, null, 6420000, 4240000);
INSERT INTO NEWSOULMATE.SHELTER (SHELTER_NO, SHELTER_NAME, SHELTER_EMAIL, SHELTER_ADDRESS, SHELTER_TEL, SHELTER_LANDLINE, COMPANY_NUM, TRANSFER_NO, CITY_NO, VILLAGE_NO) VALUES (342424201800001, '두타동물병원', null, null, null, null, null, null, 6420000, 4240000);
INSERT INTO NEWSOULMATE.SHELTER (SHELTER_NO, SHELTER_NAME, SHELTER_EMAIL, SHELTER_ADDRESS, SHELTER_TEL, SHELTER_LANDLINE, COMPANY_NUM, TRANSFER_NO, CITY_NO, VILLAGE_NO) VALUES (342427201400001, '영월군위탁동물보호소', null, '강원도 영월군 영월읍 덕포우회길 329  ', null, '033-370-1613', null, null, 6420000, 4270000);
INSERT INTO NEWSOULMATE.SHELTER (SHELTER_NO, SHELTER_NAME, SHELTER_EMAIL, SHELTER_ADDRESS, SHELTER_TEL, SHELTER_LANDLINE, COMPANY_NUM, TRANSFER_NO, CITY_NO, VILLAGE_NO) VALUES (342427202000001, '수호동물병원', null, null, null, null, null, null, 6420000, 4270000);
INSERT INTO NEWSOULMATE.SHELTER (SHELTER_NO, SHELTER_NAME, SHELTER_EMAIL, SHELTER_ADDRESS, SHELTER_TEL, SHELTER_LANDLINE, COMPANY_NUM, TRANSFER_NO, CITY_NO, VILLAGE_NO) VALUES (342429201300002, '다나동물병원', null, '강원도 정선군 정선읍 비봉로 46  ', null, '033-560-2446', null, null, 6420000, 4290000);
INSERT INTO NEWSOULMATE.SHELTER (SHELTER_NO, SHELTER_NAME, SHELTER_EMAIL, SHELTER_ADDRESS, SHELTER_TEL, SHELTER_LANDLINE, COMPANY_NUM, TRANSFER_NO, CITY_NO, VILLAGE_NO) VALUES (342430200900001, '성일동물병원', null, null, null, null, null, null, 6420000, 4300000);
INSERT INTO NEWSOULMATE.SHELTER (SHELTER_NO, SHELTER_NAME, SHELTER_EMAIL, SHELTER_ADDRESS, SHELTER_TEL, SHELTER_LANDLINE, COMPANY_NUM, TRANSFER_NO, CITY_NO, VILLAGE_NO) VALUES (342418201300001, '춘천시 동물보호센터', null, '강원도 춘천시 신북읍 영서로 3282 (신북읍) (전)102보충대 주차장', null, '033-245-5785', null, null, 6420000, 4180000);
INSERT INTO NEWSOULMATE.SHELTER (SHELTER_NO, SHELTER_NAME, SHELTER_EMAIL, SHELTER_ADDRESS, SHELTER_TEL, SHELTER_LANDLINE, COMPANY_NUM, TRANSFER_NO, CITY_NO, VILLAGE_NO) VALUES (342418202200005, '고려동물병원', null, null, null, null, null, null, 6420000, 4180000);
INSERT INTO NEWSOULMATE.SHELTER (SHELTER_NO, SHELTER_NAME, SHELTER_EMAIL, SHELTER_ADDRESS, SHELTER_TEL, SHELTER_LANDLINE, COMPANY_NUM, TRANSFER_NO, CITY_NO, VILLAGE_NO) VALUES (342418202200003, '강남종합동물병원', null, null, null, null, null, null, 6420000, 4180000);
INSERT INTO NEWSOULMATE.SHELTER (SHELTER_NO, SHELTER_NAME, SHELTER_EMAIL, SHELTER_ADDRESS, SHELTER_TEL, SHELTER_LANDLINE, COMPANY_NUM, TRANSFER_NO, CITY_NO, VILLAGE_NO) VALUES (343442201300001, '최상오동물병원', null, '충청북도 보은군 보은읍 보은로 119-1 (보은읍) ', '010-7238-0046', '043-540-3643', null, null, 6430000, 4420000);
INSERT INTO NEWSOULMATE.SHELTER (SHELTER_NO, SHELTER_NAME, SHELTER_EMAIL, SHELTER_ADDRESS, SHELTER_TEL, SHELTER_LANDLINE, COMPANY_NUM, TRANSFER_NO, CITY_NO, VILLAGE_NO) VALUES (343445202200001, '괴산증평보호소', null, '충청북도 증평군 도안면 입장길 239  ', '010-3169-1151', '043-539-3562', null, null, 6430000, 4450000);
INSERT INTO NEWSOULMATE.SHELTER (SHELTER_NO, SHELTER_NAME, SHELTER_EMAIL, SHELTER_ADDRESS, SHELTER_TEL, SHELTER_LANDLINE, COMPANY_NUM, TRANSFER_NO, CITY_NO, VILLAGE_NO) VALUES (344558201300001, '계룡시유기동물보호소', null, '충청남도 계룡시 엄사면 천마로 12 ', '010-5408-8461', '042-840-2653', null, null, 6440000, 5580000);
INSERT INTO NEWSOULMATE.SHELTER (SHELTER_NO, SHELTER_NAME, SHELTER_EMAIL, SHELTER_ADDRESS, SHELTER_TEL, SHELTER_LANDLINE, COMPANY_NUM, TRANSFER_NO, CITY_NO, VILLAGE_NO) VALUES (344450201900001, '공주시 동물보호소', null, null, null, null, null, null, 6440000, 4500000);
INSERT INTO NEWSOULMATE.SHELTER (SHELTER_NO, SHELTER_NAME, SHELTER_EMAIL, SHELTER_ADDRESS, SHELTER_TEL, SHELTER_LANDLINE, COMPANY_NUM, TRANSFER_NO, CITY_NO, VILLAGE_NO) VALUES (344450201500001, '강북동물병원', null, null, null, null, null, null, 6440000, 4500000);
INSERT INTO NEWSOULMATE.SHELTER (SHELTER_NO, SHELTER_NAME, SHELTER_EMAIL, SHELTER_ADDRESS, SHELTER_TEL, SHELTER_LANDLINE, COMPANY_NUM, TRANSFER_NO, CITY_NO, VILLAGE_NO) VALUES (344455201800001, '우신동물병원', null, null, null, null, null, null, 6440000, 4550000);
INSERT INTO NEWSOULMATE.SHELTER (SHELTER_NO, SHELTER_NAME, SHELTER_EMAIL, SHELTER_ADDRESS, SHELTER_TEL, SHELTER_LANDLINE, COMPANY_NUM, TRANSFER_NO, CITY_NO, VILLAGE_NO) VALUES (344455202100001, '월드동물병원', null, '충청남도 금산군 금산읍 비단로 102  103호', null, '041-750-2584', null, null, 6440000, 4550000);
INSERT INTO NEWSOULMATE.SHELTER (SHELTER_NO, SHELTER_NAME, SHELTER_EMAIL, SHELTER_ADDRESS, SHELTER_TEL, SHELTER_LANDLINE, COMPANY_NUM, TRANSFER_NO, CITY_NO, VILLAGE_NO) VALUES (344455202100003, '중부야생동물병원', null, null, null, null, null, null, 6440000, 4550000);
INSERT INTO NEWSOULMATE.SHELTER (SHELTER_NO, SHELTER_NAME, SHELTER_EMAIL, SHELTER_ADDRESS, SHELTER_TEL, SHELTER_LANDLINE, COMPANY_NUM, TRANSFER_NO, CITY_NO, VILLAGE_NO) VALUES (344568201700001, '당진시동물보호소', null, '충청남도 당진시 고대면 연동로 30-6 (고대면) ', null, '041-350-4250', null, null, 6440000, 5680000);
INSERT INTO NEWSOULMATE.SHELTER (SHELTER_NO, SHELTER_NAME, SHELTER_EMAIL, SHELTER_ADDRESS, SHELTER_TEL, SHELTER_LANDLINE, COMPANY_NUM, TRANSFER_NO, CITY_NO, VILLAGE_NO) VALUES (344568202000002, '행담동물병원', null, null, null, null, null, null, 6440000, 5680000);
INSERT INTO NEWSOULMATE.SHELTER (SHELTER_NO, SHELTER_NAME, SHELTER_EMAIL, SHELTER_ADDRESS, SHELTER_TEL, SHELTER_LANDLINE, COMPANY_NUM, TRANSFER_NO, CITY_NO, VILLAGE_NO) VALUES (344568202000001, '현대동물병원', null, null, null, null, null, null, 6440000, 5680000);
INSERT INTO NEWSOULMATE.SHELTER (SHELTER_NO, SHELTER_NAME, SHELTER_EMAIL, SHELTER_ADDRESS, SHELTER_TEL, SHELTER_LANDLINE, COMPANY_NUM, TRANSFER_NO, CITY_NO, VILLAGE_NO) VALUES (344568202000003, '건국동물병원', null, null, null, null, null, null, 6440000, 5680000);
INSERT INTO NEWSOULMATE.SHELTER (SHELTER_NO, SHELTER_NAME, SHELTER_EMAIL, SHELTER_ADDRESS, SHELTER_TEL, SHELTER_LANDLINE, COMPANY_NUM, TRANSFER_NO, CITY_NO, VILLAGE_NO) VALUES (344451201300001, '보령시유기동물보호소', null, '충청남도 보령시 녹문3길 7 (내항동) ', '010-5427-7210', '041-930-7924', null, null, 6440000, 4510000);
INSERT INTO NEWSOULMATE.SHELTER (SHELTER_NO, SHELTER_NAME, SHELTER_EMAIL, SHELTER_ADDRESS, SHELTER_TEL, SHELTER_LANDLINE, COMPANY_NUM, TRANSFER_NO, CITY_NO, VILLAGE_NO) VALUES (344453202100003, '서산시 동물보호센터', null, '충청남도 서산시 인지면 무학재1길 99  ', null, '041-660-2392', null, null, 6440000, 4530000);
INSERT INTO NEWSOULMATE.SHELTER (SHELTER_NO, SHELTER_NAME, SHELTER_EMAIL, SHELTER_ADDRESS, SHELTER_TEL, SHELTER_LANDLINE, COMPANY_NUM, TRANSFER_NO, CITY_NO, VILLAGE_NO) VALUES (344458201300001, '서천군유기동물보호소', null, '충청남도 서천군 마산면 한마로 1189-19 ', null, '041-950-4388', null, null, 6440000, 4580000);
INSERT INTO NEWSOULMATE.SHELTER (SHELTER_NO, SHELTER_NAME, SHELTER_EMAIL, SHELTER_ADDRESS, SHELTER_TEL, SHELTER_LANDLINE, COMPANY_NUM, TRANSFER_NO, CITY_NO, VILLAGE_NO) VALUES (344458202100002, '서해동물병원', null, null, null, null, null, null, 6440000, 4580000);
INSERT INTO NEWSOULMATE.SHELTER (SHELTER_NO, SHELTER_NAME, SHELTER_EMAIL, SHELTER_ADDRESS, SHELTER_TEL, SHELTER_LANDLINE, COMPANY_NUM, TRANSFER_NO, CITY_NO, VILLAGE_NO) VALUES (344449201200001, '천안시유기동물보호소', null, null, null, null, null, null, 6440000, 4490000);
INSERT INTO NEWSOULMATE.SHELTER (SHELTER_NO, SHELTER_NAME, SHELTER_EMAIL, SHELTER_ADDRESS, SHELTER_TEL, SHELTER_LANDLINE, COMPANY_NUM, TRANSFER_NO, CITY_NO, VILLAGE_NO) VALUES (344449201900001, '중앙동물병원', null, null, null, null, null, null, 6440000, 4490000);
INSERT INTO NEWSOULMATE.SHELTER (SHELTER_NO, SHELTER_NAME, SHELTER_EMAIL, SHELTER_ADDRESS, SHELTER_TEL, SHELTER_LANDLINE, COMPANY_NUM, TRANSFER_NO, CITY_NO, VILLAGE_NO) VALUES (344449201900005, '닥터전동물병원', null, null, null, null, null, null, 6440000, 4490000);
INSERT INTO NEWSOULMATE.SHELTER (SHELTER_NO, SHELTER_NAME, SHELTER_EMAIL, SHELTER_ADDRESS, SHELTER_TEL, SHELTER_LANDLINE, COMPANY_NUM, TRANSFER_NO, CITY_NO, VILLAGE_NO) VALUES (344449202000003, '디어마이프렌즈', null, null, null, null, null, null, 6440000, 4490000);
INSERT INTO NEWSOULMATE.SHELTER (SHELTER_NO, SHELTER_NAME, SHELTER_EMAIL, SHELTER_ADDRESS, SHELTER_TEL, SHELTER_LANDLINE, COMPANY_NUM, TRANSFER_NO, CITY_NO, VILLAGE_NO) VALUES (344449202100001, '유실유기동물보호소', null, '충청남도 천안시 동남구 충절로 437 (삼룡동) ', '010-5913-5119', '041-521-5735', null, null, 6440000, 4490000);
INSERT INTO NEWSOULMATE.SHELTER (SHELTER_NO, SHELTER_NAME, SHELTER_EMAIL, SHELTER_ADDRESS, SHELTER_TEL, SHELTER_LANDLINE, COMPANY_NUM, TRANSFER_NO, CITY_NO, VILLAGE_NO) VALUES (344449202100002, '중부벳동물병원', null, null, null, null, null, null, 6440000, 4490000);
INSERT INTO NEWSOULMATE.SHELTER (SHELTER_NO, SHELTER_NAME, SHELTER_EMAIL, SHELTER_ADDRESS, SHELTER_TEL, SHELTER_LANDLINE, COMPANY_NUM, TRANSFER_NO, CITY_NO, VILLAGE_NO) VALUES (344459202000001, '청양보호소', null, '충청남도 청양군 대치면 청산로 446-17 (대치면) ', null, '041-940-2972', null, null, 6440000, 4590000);
INSERT INTO NEWSOULMATE.SHELTER (SHELTER_NO, SHELTER_NAME, SHELTER_EMAIL, SHELTER_ADDRESS, SHELTER_TEL, SHELTER_LANDLINE, COMPANY_NUM, TRANSFER_NO, CITY_NO, VILLAGE_NO) VALUES (344462200900001, '최동물병원', null, '충청남도 태안군 태안읍 남문리 504-6', null, '041-670-2827', null, null, 6440000, 4620000);
INSERT INTO NEWSOULMATE.SHELTER (SHELTER_NO, SHELTER_NAME, SHELTER_EMAIL, SHELTER_ADDRESS, SHELTER_TEL, SHELTER_LANDLINE, COMPANY_NUM, TRANSFER_NO, CITY_NO, VILLAGE_NO) VALUES (344462202100002, '태안동물병원', null, null, null, null, null, null, 6440000, 4620000);
INSERT INTO NEWSOULMATE.SHELTER (SHELTER_NO, SHELTER_NAME, SHELTER_EMAIL, SHELTER_ADDRESS, SHELTER_TEL, SHELTER_LANDLINE, COMPANY_NUM, TRANSFER_NO, CITY_NO, VILLAGE_NO) VALUES (345467201000001, '군산유기동물보호센터', null, '전라북도 군산시 대야면 보덕안정길 108-20  ', null, '063-454-5913', null, null, 6450000, 4670000);
INSERT INTO NEWSOULMATE.SHELTER (SHELTER_NO, SHELTER_NAME, SHELTER_EMAIL, SHELTER_ADDRESS, SHELTER_TEL, SHELTER_LANDLINE, COMPANY_NUM, TRANSFER_NO, CITY_NO, VILLAGE_NO) VALUES (345470200900001, '청원동물병원', null, '전라북도 남원시 죽항동 278번지', null, '063-620-6420', null, null, 6450000, 4700000);
INSERT INTO NEWSOULMATE.SHELTER (SHELTER_NO, SHELTER_NAME, SHELTER_EMAIL, SHELTER_ADDRESS, SHELTER_TEL, SHELTER_LANDLINE, COMPANY_NUM, TRANSFER_NO, CITY_NO, VILLAGE_NO) VALUES (345470201300002, '하나동물병원', null, '전라북도 남원시 왕정동 67 ', null, '063-620-6420', null, null, 6450000, 4700000);
INSERT INTO NEWSOULMATE.SHELTER (SHELTER_NO, SHELTER_NAME, SHELTER_EMAIL, SHELTER_ADDRESS, SHELTER_TEL, SHELTER_LANDLINE, COMPANY_NUM, TRANSFER_NO, CITY_NO, VILLAGE_NO) VALUES (345479201600002, '연합동물병원', null, '전라북도 부안군 부안읍 번영로 185 (부안읍, 르노삼성자동차) 연합동물병원', null, '063-580-4499', null, null, 6450000, 4790000);
INSERT INTO NEWSOULMATE.SHELTER (SHELTER_NO, SHELTER_NAME, SHELTER_EMAIL, SHELTER_ADDRESS, SHELTER_TEL, SHELTER_LANDLINE, COMPANY_NUM, TRANSFER_NO, CITY_NO, VILLAGE_NO) VALUES (345479202100001, '부안군 동물보호센터', null, '전라북도 부안군 주산면 주산로 369  부안군 동물보호센터', null, '063-580-4499', null, null, 6450000, 4790000);
INSERT INTO NEWSOULMATE.SHELTER (SHELTER_NO, SHELTER_NAME, SHELTER_EMAIL, SHELTER_ADDRESS, SHELTER_TEL, SHELTER_LANDLINE, COMPANY_NUM, TRANSFER_NO, CITY_NO, VILLAGE_NO) VALUES (345479202200002, '미래동물병원', null, null, null, null, null, null, 6450000, 4790000);
INSERT INTO NEWSOULMATE.SHELTER (SHELTER_NO, SHELTER_NAME, SHELTER_EMAIL, SHELTER_ADDRESS, SHELTER_TEL, SHELTER_LANDLINE, COMPANY_NUM, TRANSFER_NO, CITY_NO, VILLAGE_NO) VALUES (345476201300001, '오수동물병원', null, null, null, null, null, null, 6450000, 4760000);
INSERT INTO NEWSOULMATE.SHELTER (SHELTER_NO, SHELTER_NAME, SHELTER_EMAIL, SHELTER_ADDRESS, SHELTER_TEL, SHELTER_LANDLINE, COMPANY_NUM, TRANSFER_NO, CITY_NO, VILLAGE_NO) VALUES (345476202000001, '임실 임시보호소', null, null, null, null, null, null, 6450000, 4760000);
INSERT INTO NEWSOULMATE.SHELTER (SHELTER_NO, SHELTER_NAME, SHELTER_EMAIL, SHELTER_ADDRESS, SHELTER_TEL, SHELTER_LANDLINE, COMPANY_NUM, TRANSFER_NO, CITY_NO, VILLAGE_NO) VALUES (345476202000002, '박영재동물병원', null, null, null, null, null, null, 6450000, 4760000);
INSERT INTO NEWSOULMATE.SHELTER (SHELTER_NO, SHELTER_NAME, SHELTER_EMAIL, SHELTER_ADDRESS, SHELTER_TEL, SHELTER_LANDLINE, COMPANY_NUM, TRANSFER_NO, CITY_NO, VILLAGE_NO) VALUES (345476202200001, '하루동물병원', null, null, null, null, null, null, 6450000, 4760000);
INSERT INTO NEWSOULMATE.SHELTER (SHELTER_NO, SHELTER_NAME, SHELTER_EMAIL, SHELTER_ADDRESS, SHELTER_TEL, SHELTER_LANDLINE, COMPANY_NUM, TRANSFER_NO, CITY_NO, VILLAGE_NO) VALUES (345475202100001, '제이준동물병원', null, null, null, null, null, null, 6450000, 4750000);
INSERT INTO NEWSOULMATE.SHELTER (SHELTER_NO, SHELTER_NAME, SHELTER_EMAIL, SHELTER_ADDRESS, SHELTER_TEL, SHELTER_LANDLINE, COMPANY_NUM, TRANSFER_NO, CITY_NO, VILLAGE_NO) VALUES (345475202200001, '제이준동물병원', null, null, null, null, null, null, 6450000, 4750000);
INSERT INTO NEWSOULMATE.SHELTER (SHELTER_NO, SHELTER_NAME, SHELTER_EMAIL, SHELTER_ADDRESS, SHELTER_TEL, SHELTER_LANDLINE, COMPANY_NUM, TRANSFER_NO, CITY_NO, VILLAGE_NO) VALUES (345475202200002, '도담', null, null, null, null, null, null, 6450000, 4750000);
INSERT INTO NEWSOULMATE.SHELTER (SHELTER_NO, SHELTER_NAME, SHELTER_EMAIL, SHELTER_ADDRESS, SHELTER_TEL, SHELTER_LANDLINE, COMPANY_NUM, TRANSFER_NO, CITY_NO, VILLAGE_NO) VALUES (345464200900001, '프렌즈동물병원', null, '전라북도 전주시 완산구 삼천동1가 592-1', null, '063-281-5277', null, null, 6450000, 4640000);
INSERT INTO NEWSOULMATE.SHELTER (SHELTER_NO, SHELTER_NAME, SHELTER_EMAIL, SHELTER_ADDRESS, SHELTER_TEL, SHELTER_LANDLINE, COMPANY_NUM, TRANSFER_NO, CITY_NO, VILLAGE_NO) VALUES (345464201100008, '수동물병원', null, null, null, null, null, null, 6450000, 4640000);
INSERT INTO NEWSOULMATE.SHELTER (SHELTER_NO, SHELTER_NAME, SHELTER_EMAIL, SHELTER_ADDRESS, SHELTER_TEL, SHELTER_LANDLINE, COMPANY_NUM, TRANSFER_NO, CITY_NO, VILLAGE_NO) VALUES (345464201100009, '21세기동물병원', null, '전라북도 전주시 덕진구 송천동1가 626-42', null, '063-281-5277', null, null, 6450000, 4640000);
INSERT INTO NEWSOULMATE.SHELTER (SHELTER_NO, SHELTER_NAME, SHELTER_EMAIL, SHELTER_ADDRESS, SHELTER_TEL, SHELTER_LANDLINE, COMPANY_NUM, TRANSFER_NO, CITY_NO, VILLAGE_NO) VALUES (345464201200001, '행복한동물병원', null, '전라북도 전주시 덕진구 인후동1가 806-6', null, '063-281-5277', null, null, 6450000, 4640000);
INSERT INTO NEWSOULMATE.SHELTER (SHELTER_NO, SHELTER_NAME, SHELTER_EMAIL, SHELTER_ADDRESS, SHELTER_TEL, SHELTER_LANDLINE, COMPANY_NUM, TRANSFER_NO, CITY_NO, VILLAGE_NO) VALUES (345464201100001, '박영재동물병원', null, '전라북도 전주시 완산구 전주천서로 111 (서서학동) ', null, '063-281-5277', null, null, 6450000, 4640000);
INSERT INTO NEWSOULMATE.SHELTER (SHELTER_NO, SHELTER_NAME, SHELTER_EMAIL, SHELTER_ADDRESS, SHELTER_TEL, SHELTER_LANDLINE, COMPANY_NUM, TRANSFER_NO, CITY_NO, VILLAGE_NO) VALUES (345464201100011, '아프리카동물병원', null, '전라북도 전주시 덕진구 인후동1가 928-1', null, '063-281-5277', null, null, 6450000, 4640000);
INSERT INTO NEWSOULMATE.SHELTER (SHELTER_NO, SHELTER_NAME, SHELTER_EMAIL, SHELTER_ADDRESS, SHELTER_TEL, SHELTER_LANDLINE, COMPANY_NUM, TRANSFER_NO, CITY_NO, VILLAGE_NO) VALUES (345464201100003, '서신동물병원', null, '전라북도 전주시 완산구 서신동 831-4', null, '063-281-5277', null, null, 6450000, 4640000);
INSERT INTO NEWSOULMATE.SHELTER (SHELTER_NO, SHELTER_NAME, SHELTER_EMAIL, SHELTER_ADDRESS, SHELTER_TEL, SHELTER_LANDLINE, COMPANY_NUM, TRANSFER_NO, CITY_NO, VILLAGE_NO) VALUES (345464201100004, '동부동물병원', null, '전라북도 전주시 완산구 경원동1가 3-10', null, '063-281-5277', null, null, 6450000, 4640000);
INSERT INTO NEWSOULMATE.SHELTER (SHELTER_NO, SHELTER_NAME, SHELTER_EMAIL, SHELTER_ADDRESS, SHELTER_TEL, SHELTER_LANDLINE, COMPANY_NUM, TRANSFER_NO, CITY_NO, VILLAGE_NO) VALUES (345464201300003, '하나동물병원', null, '전라북도 전주시 덕진구 덕진동2가 송천중앙로 17 (덕진동2가) ', null, '063-281-5277', null, null, 6450000, 4640000);
INSERT INTO NEWSOULMATE.SHELTER (SHELTER_NO, SHELTER_NAME, SHELTER_EMAIL, SHELTER_ADDRESS, SHELTER_TEL, SHELTER_LANDLINE, COMPANY_NUM, TRANSFER_NO, CITY_NO, VILLAGE_NO) VALUES (345464201700001, '늘푸른동물병원', null, '전라북도 전주시 완산구 다가동3가 충경로 11 (다가동3가, 늘푸른동물병원) ', null, '063-281-5277', null, null, 6450000, 4640000);
INSERT INTO NEWSOULMATE.SHELTER (SHELTER_NO, SHELTER_NAME, SHELTER_EMAIL, SHELTER_ADDRESS, SHELTER_TEL, SHELTER_LANDLINE, COMPANY_NUM, TRANSFER_NO, CITY_NO, VILLAGE_NO) VALUES (346482201400002, '대한동물사랑협회', null, '전라남도 순천시 상사면 민속마을길 978 (상사면) .', null, '061-749-3094', null, null, 6460000, 4820000);
INSERT INTO NEWSOULMATE.SHELTER (SHELTER_NO, SHELTER_NAME, SHELTER_EMAIL, SHELTER_ADDRESS, SHELTER_TEL, SHELTER_LANDLINE, COMPANY_NUM, TRANSFER_NO, CITY_NO, VILLAGE_NO) VALUES (346498202000001, '장성군동물보호센터', null, '전라남도 장성군 삼서면 대중길 29-27  ', '010-6484-2949', '061-390-8425', null, null, 6460000, 4980000);
INSERT INTO NEWSOULMATE.SHELTER (SHELTER_NO, SHELTER_NAME, SHELTER_EMAIL, SHELTER_ADDRESS, SHELTER_TEL, SHELTER_LANDLINE, COMPANY_NUM, TRANSFER_NO, CITY_NO, VILLAGE_NO) VALUES (347508202000001, '구미시 동물보호센터', null, '경상북도 구미시 해평면 낙동대로 2206  ', null, '054-480-5842', null, null, 6470000, 5080000);
INSERT INTO NEWSOULMATE.SHELTER (SHELTER_NO, SHELTER_NAME, SHELTER_EMAIL, SHELTER_ADDRESS, SHELTER_TEL, SHELTER_LANDLINE, COMPANY_NUM, TRANSFER_NO, CITY_NO, VILLAGE_NO) VALUES (347508202200006, '인동동물병원', null, null, null, null, null, null, 6470000, 5080000);
INSERT INTO NEWSOULMATE.SHELTER (SHELTER_NO, SHELTER_NAME, SHELTER_EMAIL, SHELTER_ADDRESS, SHELTER_TEL, SHELTER_LANDLINE, COMPANY_NUM, TRANSFER_NO, CITY_NO, VILLAGE_NO) VALUES (347508202200008, '쿨펫동물병원', null, null, null, null, null, null, 6470000, 5080000);
INSERT INTO NEWSOULMATE.SHELTER (SHELTER_NO, SHELTER_NAME, SHELTER_EMAIL, SHELTER_ADDRESS, SHELTER_TEL, SHELTER_LANDLINE, COMPANY_NUM, TRANSFER_NO, CITY_NO, VILLAGE_NO) VALUES (347508202200002, '강남동물병원', null, null, null, null, null, null, 6470000, 5080000);
INSERT INTO NEWSOULMATE.SHELTER (SHELTER_NO, SHELTER_NAME, SHELTER_EMAIL, SHELTER_ADDRESS, SHELTER_TEL, SHELTER_LANDLINE, COMPANY_NUM, TRANSFER_NO, CITY_NO, VILLAGE_NO) VALUES (347508202200003, '금오동물병원', null, null, null, null, null, null, 6470000, 5080000);
INSERT INTO NEWSOULMATE.SHELTER (SHELTER_NO, SHELTER_NAME, SHELTER_EMAIL, SHELTER_ADDRESS, SHELTER_TEL, SHELTER_LANDLINE, COMPANY_NUM, TRANSFER_NO, CITY_NO, VILLAGE_NO) VALUES (347508202200007, '정다운동물병원', null, null, null, null, null, null, 6470000, 5080000);
INSERT INTO NEWSOULMATE.SHELTER (SHELTER_NO, SHELTER_NAME, SHELTER_EMAIL, SHELTER_ADDRESS, SHELTER_TEL, SHELTER_LANDLINE, COMPANY_NUM, TRANSFER_NO, CITY_NO, VILLAGE_NO) VALUES (347508202200001, '가나동물병원', null, null, null, null, null, null, 6470000, 5080000);
INSERT INTO NEWSOULMATE.SHELTER (SHELTER_NO, SHELTER_NAME, SHELTER_EMAIL, SHELTER_ADDRESS, SHELTER_TEL, SHELTER_LANDLINE, COMPANY_NUM, TRANSFER_NO, CITY_NO, VILLAGE_NO) VALUES (347508202200004, '봉곡동물병원', null, null, null, null, null, null, 6470000, 5080000);
INSERT INTO NEWSOULMATE.SHELTER (SHELTER_NO, SHELTER_NAME, SHELTER_EMAIL, SHELTER_ADDRESS, SHELTER_TEL, SHELTER_LANDLINE, COMPANY_NUM, TRANSFER_NO, CITY_NO, VILLAGE_NO) VALUES (347511202000001, '상주시 동물보호센터', null, '경상북도 상주시 청리면 남상주로 1205-59  ', '010-9270-1191', '054-537-7471', null, null, 6470000, 5110000);
INSERT INTO NEWSOULMATE.SHELTER (SHELTER_NO, SHELTER_NAME, SHELTER_EMAIL, SHELTER_ADDRESS, SHELTER_TEL, SHELTER_LANDLINE, COMPANY_NUM, TRANSFER_NO, CITY_NO, VILLAGE_NO) VALUES (347511202200001, '가람동물병원', null, null, null, null, null, null, 6470000, 5110000);
INSERT INTO NEWSOULMATE.SHELTER (SHELTER_NO, SHELTER_NAME, SHELTER_EMAIL, SHELTER_ADDRESS, SHELTER_TEL, SHELTER_LANDLINE, COMPANY_NUM, TRANSFER_NO, CITY_NO, VILLAGE_NO) VALUES (347521201900002, '성주유기동물보호센터', null, '경상북도 성주군 선남면 선노로 522 (선남면) ', '010-2949-6699', '054-930-6684', null, null, 6470000, 5210000);
INSERT INTO NEWSOULMATE.SHELTER (SHELTER_NO, SHELTER_NAME, SHELTER_EMAIL, SHELTER_ADDRESS, SHELTER_TEL, SHELTER_LANDLINE, COMPANY_NUM, TRANSFER_NO, CITY_NO, VILLAGE_NO) VALUES (347518201000001, '영덕유기동물보호센터', null, '경상북도 영덕군 영덕읍 구미2길 14-1 (영덕읍) 영덕군유기동물보호센터', null, '054-730-6286', null, null, 6470000, 5180000);
INSERT INTO NEWSOULMATE.SHELTER (SHELTER_NO, SHELTER_NAME, SHELTER_EMAIL, SHELTER_ADDRESS, SHELTER_TEL, SHELTER_LANDLINE, COMPANY_NUM, TRANSFER_NO, CITY_NO, VILLAGE_NO) VALUES (347518202000001, '영덕종합동물병원', null, null, null, null, null, null, 6470000, 5180000);
INSERT INTO NEWSOULMATE.SHELTER (SHELTER_NO, SHELTER_NAME, SHELTER_EMAIL, SHELTER_ADDRESS, SHELTER_TEL, SHELTER_LANDLINE, COMPANY_NUM, TRANSFER_NO, CITY_NO, VILLAGE_NO) VALUES (348547202000002, '우리동물병원(TNR)', null, '경상남도 거창군 거창읍 거함대로5길 71 (거창읍) ', null, '055-940-8140', null, null, 6480000, 5470000);
INSERT INTO NEWSOULMATE.SHELTER (SHELTER_NO, SHELTER_NAME, SHELTER_EMAIL, SHELTER_ADDRESS, SHELTER_TEL, SHELTER_LANDLINE, COMPANY_NUM, TRANSFER_NO, CITY_NO, VILLAGE_NO) VALUES (348547202200002, '나래동물병원(TNR)', null, null, null, null, null, null, 6480000, 5470000);
INSERT INTO NEWSOULMATE.SHELTER (SHELTER_NO, SHELTER_NAME, SHELTER_EMAIL, SHELTER_ADDRESS, SHELTER_TEL, SHELTER_LANDLINE, COMPANY_NUM, TRANSFER_NO, CITY_NO, VILLAGE_NO) VALUES (348542202000002, '고성군유기동물보호소', null, '경상남도 고성군 고성읍 남해안대로 2829-60  고성군농업기술센터 동물보호센터', null, '055-670-4316', null, null, 6480000, 5420000);
INSERT INTO NEWSOULMATE.SHELTER (SHELTER_NO, SHELTER_NAME, SHELTER_EMAIL, SHELTER_ADDRESS, SHELTER_TEL, SHELTER_LANDLINE, COMPANY_NUM, TRANSFER_NO, CITY_NO, VILLAGE_NO) VALUES (348542202200002, '제일가축병원', null, null, null, null, null, null, 6480000, 5420000);
INSERT INTO NEWSOULMATE.SHELTER (SHELTER_NO, SHELTER_NAME, SHELTER_EMAIL, SHELTER_ADDRESS, SHELTER_TEL, SHELTER_LANDLINE, COMPANY_NUM, TRANSFER_NO, CITY_NO, VILLAGE_NO) VALUES (348542202200003, '송하동물병원', null, null, null, null, null, null, 6480000, 5420000);
INSERT INTO NEWSOULMATE.SHELTER (SHELTER_NO, SHELTER_NAME, SHELTER_EMAIL, SHELTER_ADDRESS, SHELTER_TEL, SHELTER_LANDLINE, COMPANY_NUM, TRANSFER_NO, CITY_NO, VILLAGE_NO) VALUES (348542202200004, '대성동물병원', null, null, null, null, null, null, 6480000, 5420000);
INSERT INTO NEWSOULMATE.SHELTER (SHELTER_NO, SHELTER_NAME, SHELTER_EMAIL, SHELTER_ADDRESS, SHELTER_TEL, SHELTER_LANDLINE, COMPANY_NUM, TRANSFER_NO, CITY_NO, VILLAGE_NO) VALUES (348535201200001, '유기동물및관리협회', null, null, null, null, null, null, 6480000, 5350000);
INSERT INTO NEWSOULMATE.SHELTER (SHELTER_NO, SHELTER_NAME, SHELTER_EMAIL, SHELTER_ADDRESS, SHELTER_TEL, SHELTER_LANDLINE, COMPANY_NUM, TRANSFER_NO, CITY_NO, VILLAGE_NO) VALUES (348535201800001, '(사)부산동물구조협회', null, null, null, null, null, null, 6480000, 5350000);
INSERT INTO NEWSOULMATE.SHELTER (SHELTER_NO, SHELTER_NAME, SHELTER_EMAIL, SHELTER_ADDRESS, SHELTER_TEL, SHELTER_LANDLINE, COMPANY_NUM, TRANSFER_NO, CITY_NO, VILLAGE_NO) VALUES (348535202100001, '누리동물병원', null, null, null, null, null, null, 6480000, 5350000);
INSERT INTO NEWSOULMATE.SHELTER (SHELTER_NO, SHELTER_NAME, SHELTER_EMAIL, SHELTER_ADDRESS, SHELTER_TEL, SHELTER_LANDLINE, COMPANY_NUM, TRANSFER_NO, CITY_NO, VILLAGE_NO) VALUES (348533202200002, '도천동물병원', null, null, null, null, null, null, 6480000, 5330000);
INSERT INTO NEWSOULMATE.SHELTER (SHELTER_NO, SHELTER_NAME, SHELTER_EMAIL, SHELTER_ADDRESS, SHELTER_TEL, SHELTER_LANDLINE, COMPANY_NUM, TRANSFER_NO, CITY_NO, VILLAGE_NO) VALUES (348533202200003, '사랑애완동물병원', null, null, null, null, null, null, 6480000, 5330000);
INSERT INTO NEWSOULMATE.SHELTER (SHELTER_NO, SHELTER_NAME, SHELTER_EMAIL, SHELTER_ADDRESS, SHELTER_TEL, SHELTER_LANDLINE, COMPANY_NUM, TRANSFER_NO, CITY_NO, VILLAGE_NO) VALUES (348533202200004, '센텀동물병원', null, null, null, null, null, null, 6480000, 5330000);
INSERT INTO NEWSOULMATE.SHELTER (SHELTER_NO, SHELTER_NAME, SHELTER_EMAIL, SHELTER_ADDRESS, SHELTER_TEL, SHELTER_LANDLINE, COMPANY_NUM, TRANSFER_NO, CITY_NO, VILLAGE_NO) VALUES (348533202200007, '통영동물병원', null, null, null, null, null, null, 6480000, 5330000);
INSERT INTO NEWSOULMATE.SHELTER (SHELTER_NO, SHELTER_NAME, SHELTER_EMAIL, SHELTER_ADDRESS, SHELTER_TEL, SHELTER_LANDLINE, COMPANY_NUM, TRANSFER_NO, CITY_NO, VILLAGE_NO) VALUES (348533202200005, '쿨펫동물병원', null, null, null, null, null, null, 6480000, 5330000);
INSERT INTO NEWSOULMATE.SHELTER (SHELTER_NO, SHELTER_NAME, SHELTER_EMAIL, SHELTER_ADDRESS, SHELTER_TEL, SHELTER_LANDLINE, COMPANY_NUM, TRANSFER_NO, CITY_NO, VILLAGE_NO) VALUES (348533202200006, '탑동물병원', null, null, null, null, null, null, 6480000, 5330000);
INSERT INTO NEWSOULMATE.SHELTER (SHELTER_NO, SHELTER_NAME, SHELTER_EMAIL, SHELTER_ADDRESS, SHELTER_TEL, SHELTER_LANDLINE, COMPANY_NUM, TRANSFER_NO, CITY_NO, VILLAGE_NO) VALUES (350652200900001, '제주동물보호센터', null, null, null, null, null, null, 6500000, 6520000);
INSERT INTO NEWSOULMATE.SHELTER (SHELTER_NO, SHELTER_NAME, SHELTER_EMAIL, SHELTER_ADDRESS, SHELTER_TEL, SHELTER_LANDLINE, COMPANY_NUM, TRANSFER_NO, CITY_NO, VILLAGE_NO) VALUES (350652202200002, '한림동물병원', null, null, null, null, null, null, 6500000, 6520000);
INSERT INTO NEWSOULMATE.SHELTER (SHELTER_NO, SHELTER_NAME, SHELTER_EMAIL, SHELTER_ADDRESS, SHELTER_TEL, SHELTER_LANDLINE, COMPANY_NUM, TRANSFER_NO, CITY_NO, VILLAGE_NO) VALUES (350652202200003, '캣츠앤독스', null, null, null, null, null, null, 6500000, 6520000);
INSERT INTO NEWSOULMATE.SHELTER (SHELTER_NO, SHELTER_NAME, SHELTER_EMAIL, SHELTER_ADDRESS, SHELTER_TEL, SHELTER_LANDLINE, COMPANY_NUM, TRANSFER_NO, CITY_NO, VILLAGE_NO) VALUES (350652202200004, '현클리닉', null, null, null, null, null, null, 6500000, 6520000);
INSERT INTO NEWSOULMATE.SHELTER (SHELTER_NO, SHELTER_NAME, SHELTER_EMAIL, SHELTER_ADDRESS, SHELTER_TEL, SHELTER_LANDLINE, COMPANY_NUM, TRANSFER_NO, CITY_NO, VILLAGE_NO) VALUES (350652202200005, '표선동물병원', null, null, null, null, null, null, 6500000, 6520000);
INSERT INTO NEWSOULMATE.SHELTER (SHELTER_NO, SHELTER_NAME, SHELTER_EMAIL, SHELTER_ADDRESS, SHELTER_TEL, SHELTER_LANDLINE, COMPANY_NUM, TRANSFER_NO, CITY_NO, VILLAGE_NO) VALUES (350651201100001, '제주동물보호센터', null, null, null, null, null, null, 6500000, 6510000);
INSERT INTO NEWSOULMATE.SHELTER (SHELTER_NO, SHELTER_NAME, SHELTER_EMAIL, SHELTER_ADDRESS, SHELTER_TEL, SHELTER_LANDLINE, COMPANY_NUM, TRANSFER_NO, CITY_NO, VILLAGE_NO) VALUES (350651201800002, '해맑은동물병원', null, null, null, null, null, null, 6500000, 6510000);
INSERT INTO NEWSOULMATE.SHELTER (SHELTER_NO, SHELTER_NAME, SHELTER_EMAIL, SHELTER_ADDRESS, SHELTER_TEL, SHELTER_LANDLINE, COMPANY_NUM, TRANSFER_NO, CITY_NO, VILLAGE_NO) VALUES (350651201800003, '해밀동물병원', null, null, null, null, null, null, 6500000, 6510000);
INSERT INTO NEWSOULMATE.SHELTER (SHELTER_NO, SHELTER_NAME, SHELTER_EMAIL, SHELTER_ADDRESS, SHELTER_TEL, SHELTER_LANDLINE, COMPANY_NUM, TRANSFER_NO, CITY_NO, VILLAGE_NO) VALUES (350651201900001, '리더스동물병원', null, null, null, null, null, null, 6500000, 6510000);
INSERT INTO NEWSOULMATE.SHELTER (SHELTER_NO, SHELTER_NAME, SHELTER_EMAIL, SHELTER_ADDRESS, SHELTER_TEL, SHELTER_LANDLINE, COMPANY_NUM, TRANSFER_NO, CITY_NO, VILLAGE_NO) VALUES (350651202000001, '노형동물병원', null, null, null, null, null, null, 6500000, 6510000);
INSERT INTO NEWSOULMATE.SHELTER (SHELTER_NO, SHELTER_NAME, SHELTER_EMAIL, SHELTER_ADDRESS, SHELTER_TEL, SHELTER_LANDLINE, COMPANY_NUM, TRANSFER_NO, CITY_NO, VILLAGE_NO) VALUES (350651202100001, '삼화훈동물병원', null, null, null, null, null, null, 6500000, 6510000);
INSERT INTO NEWSOULMATE.SHELTER (SHELTER_NO, SHELTER_NAME, SHELTER_EMAIL, SHELTER_ADDRESS, SHELTER_TEL, SHELTER_LANDLINE, COMPANY_NUM, TRANSFER_NO, CITY_NO, VILLAGE_NO) VALUES (350651202100002, '서사라동물병원', null, null, null, null, null, null, 6500000, 6510000);
INSERT INTO NEWSOULMATE.SHELTER (SHELTER_NO, SHELTER_NAME, SHELTER_EMAIL, SHELTER_ADDRESS, SHELTER_TEL, SHELTER_LANDLINE, COMPANY_NUM, TRANSFER_NO, CITY_NO, VILLAGE_NO) VALUES (350651202100003, '푸른동물병원', null, null, null, null, null, null, 6500000, 6510000);
INSERT INTO NEWSOULMATE.SHELTER (SHELTER_NO, SHELTER_NAME, SHELTER_EMAIL, SHELTER_ADDRESS, SHELTER_TEL, SHELTER_LANDLINE, COMPANY_NUM, TRANSFER_NO, CITY_NO, VILLAGE_NO) VALUES (350651202100004, '예서동물병원', null, null, null, null, null, null, 6500000, 6510000);
INSERT INTO NEWSOULMATE.SHELTER (SHELTER_NO, SHELTER_NAME, SHELTER_EMAIL, SHELTER_ADDRESS, SHELTER_TEL, SHELTER_LANDLINE, COMPANY_NUM, TRANSFER_NO, CITY_NO, VILLAGE_NO) VALUES (350651202100005, '제주애견학교', null, null, null, null, null, null, 6500000, 6510000);
INSERT INTO NEWSOULMATE.SHELTER (SHELTER_NO, SHELTER_NAME, SHELTER_EMAIL, SHELTER_ADDRESS, SHELTER_TEL, SHELTER_LANDLINE, COMPANY_NUM, TRANSFER_NO, CITY_NO, VILLAGE_NO) VALUES (350651202200001, '노형꿈동물병원', null, null, null, null, null, null, 6500000, 6510000);
INSERT INTO NEWSOULMATE.SHELTER (SHELTER_NO, SHELTER_NAME, SHELTER_EMAIL, SHELTER_ADDRESS, SHELTER_TEL, SHELTER_LANDLINE, COMPANY_NUM, TRANSFER_NO, CITY_NO, VILLAGE_NO) VALUES (350651202200002, '남문동물병원', null, null, null, null, null, null, 6500000, 6510000);
INSERT INTO NEWSOULMATE.SHELTER (SHELTER_NO, SHELTER_NAME, SHELTER_EMAIL, SHELTER_ADDRESS, SHELTER_TEL, SHELTER_LANDLINE, COMPANY_NUM, TRANSFER_NO, CITY_NO, VILLAGE_NO) VALUES (350651202200003, '제주온동물병원', null, null, null, null, null, null, 6500000, 6510000);
INSERT INTO NEWSOULMATE.SHELTER (SHELTER_NO, SHELTER_NAME, SHELTER_EMAIL, SHELTER_ADDRESS, SHELTER_TEL, SHELTER_LANDLINE, COMPANY_NUM, TRANSFER_NO, CITY_NO, VILLAGE_NO) VALUES (350651202200004, '한림동물병원', null, null, null, null, null, null, 6500000, 6510000);
INSERT INTO NEWSOULMATE.SHELTER (SHELTER_NO, SHELTER_NAME, SHELTER_EMAIL, SHELTER_ADDRESS, SHELTER_TEL, SHELTER_LANDLINE, COMPANY_NUM, TRANSFER_NO, CITY_NO, VILLAGE_NO) VALUES (444444444444444, 'KH동물병원', 'newsoulmatemaster@gmail.com', '서울특별시 강남구 테헤란로14길 6 남도빌딩', '010-3388-6526', '010-3388-6526', '293-2838-4828', null, 6110000, 3220000);
INSERT INTO NEWSOULMATE.SHELTER (SHELTER_NO, SHELTER_NAME, SHELTER_EMAIL, SHELTER_ADDRESS, SHELTER_TEL, SHELTER_LANDLINE, COMPANY_NUM, TRANSFER_NO, CITY_NO, VILLAGE_NO) VALUES (0, '없음', '없음', null, null, null, null, null, null, null);


INSERT INTO NEWSOULMATE.GRADE_UP (GRADE_NO, MEMBER_NO, SHELTER_NO, FILE_NO, SHELTER_TEL, SHELTER_LANDLINE, SHELTER_COMP_NO, GRADE_STATUS, SHELTER_ADDRESS) VALUES (10004, 5, 348535202100001, 10005, '01056558792', '0517017599', '1728018274', 'Y', '부산광역시 해운대구 송정2로13번길 46 (송정동)');


INSERT INTO NEWSOULMATE.SUBSCRIPTION(SUB_NO, MEMBER_NO, SHELTER_NO, ANIMAL_NO, TEL_NUM, NAME, GENDER, ADOPT_REASON, FAMILY_AGREEMENT, WHEN_SICK, BIG_DUTY, WISH_DATE, SUB_READ,SUB_DATE) VALUES (SQ_SUBSCRIPTION_PK.nextval,2,311322202100003,1111,01011111111,'염서학','M','그냥','그냥','그냥','그냥','2022-12-12','N',SYSDATE);

-- INSERT INTO NEWSOULMATE.ANIMAL ("desertionNo", "filename", "happenDt", "happenPlace", "kindCd", "colorCd", "age", "weight", "noticeNo", "noticeSdt", "noticeEdt", "popfile", "processState", "sexCd", "neuterYn", "specialMark", "careNm", "careTel", "careAddr", "orgNm", "chargeNm", "officetel") VALUES ('441382202200974', 'http://www.animal.go.kr/files/shelter/2022/11/202211101311522_s.jpg', TO_DATE('2022-11-09', 'YYYY-MM-DD HH24:MI:SS'), '녹양동 108-1 정화사 일대', '[개] 믹스견', null, '2022(년생)', '2.5(Kg)', '경기-의정부-2022-00305', TO_DATE('2022-11-10', 'YYYY-MM-DD HH24:MI:SS'), TO_DATE('2022-11-21', 'YYYY-MM-DD HH24:MI:SS'), 'http://www.animal.go.kr/files/shelter/2022/11/202211101311522.jpg', '보호중', 'M', 'N', '남색+빨간시보리 옷. 귀반쯤 접힘. 코검정. 얌전/사람잘따름. 꼬리단미안됨/위로 말림. 털상태 양호.', '한국동물구조관리협회', '031-867-9119', '경기도 양주시 남면 감악산로 63-37 (남면) ', '경기도 의정부시', '이인애', '031-828-4083');
-- INSERT INTO NEWSOULMATE.ANIMAL ("desertionNo", "filename", "happenDt", "happenPlace", "kindCd", "colorCd", "age", "weight", "noticeNo", "noticeSdt", "noticeEdt", "popfile", "processState", "sexCd", "neuterYn", "specialMark", "careNm", "careTel", "careAddr", "orgNm", "chargeNm", "officetel") VALUES ('430367202200614', 'http://www.animal.go.kr/files/shelter/2022/11/202211100911154_s.jpg', TO_DATE('2022-11-09', 'YYYY-MM-DD HH24:MI:SS'), '유성구 탑립동 876번지 현대자동차 주변', '[고양이] 한국 고양이', null, '2022(60일미만)(년생)', '0.45(Kg)', '대전-유성-2022-00316', TO_DATE('2022-11-10', 'YYYY-MM-DD HH24:MI:SS'), TO_DATE('2022-11-21', 'YYYY-MM-DD HH24:MI:SS'), 'http://www.animal.go.kr/files/shelter/2022/11/202211100911154.jpg', '보호중', 'F', 'U', '교통사고(새끼)', '대전동물보호센터', '042-825-1118', '대전광역시 유성구 금남구즉로 1234 (금고동) 대전광역시 동물보호센터', '대전광역시 유성구', '박대호', '042-611-2785');
-- INSERT INTO NEWSOULMATE.ANIMAL ("desertionNo", "filename", "happenDt", "happenPlace", "kindCd", "colorCd", "age", "weight", "noticeNo", "noticeSdt", "noticeEdt", "popfile", "processState", "sexCd", "neuterYn", "specialMark", "careNm", "careTel", "careAddr", "orgNm", "chargeNm", "officetel") VALUES ('430366202200369', 'http://www.animal.go.kr/files/shelter/2022/11/202211100911696_s.jpg', TO_DATE('2022-11-09', 'YYYY-MM-DD HH24:MI:SS'), '내동32-23부근', '[개] 믹스견', null, '2016(년생)', '5(Kg)', '대전-서구-2022-00361', TO_DATE('2022-11-10', 'YYYY-MM-DD HH24:MI:SS'), TO_DATE('2022-11-21', 'YYYY-MM-DD HH24:MI:SS'), 'http://www.animal.go.kr/files/shelter/2022/11/202211100911696.png', '종료(반환)', 'M', 'U', '없음', '대전동물보호센터', '042-825-1118', '대전광역시 유성구 금남구즉로 1234 (금고동) 대전광역시 동물보호센터', '대전광역시 서구', '서구', '042-288-2485');
-- INSERT INTO NEWSOULMATE.ANIMAL ("desertionNo", "filename", "happenDt", "happenPlace", "kindCd", "colorCd", "age", "weight", "noticeNo", "noticeSdt", "noticeEdt", "popfile", "processState", "sexCd", "neuterYn", "specialMark", "careNm", "careTel", "careAddr", "orgNm", "chargeNm", "officetel") VALUES ('430366202200368', 'http://www.animal.go.kr/files/shelter/2022/11/20221110091164_s.jpg', TO_DATE('2022-11-09', 'YYYY-MM-DD HH24:MI:SS'), '정림서로 168-18 부근', '[개] 믹스견', null, '2015(년생)', '4(Kg)', '대전-서구-2022-00360', TO_DATE('2022-11-10', 'YYYY-MM-DD HH24:MI:SS'), TO_DATE('2022-11-21', 'YYYY-MM-DD HH24:MI:SS'), 'http://www.animal.go.kr/files/shelter/2022/11/20221110091164.png', '보호중', 'F', 'U', '없음', '대전동물보호센터', '042-825-1118', '대전광역시 유성구 금남구즉로 1234 (금고동) 대전광역시 동물보호센터', '대전광역시 서구', '서구', '042-288-2485');
-- INSERT INTO NEWSOULMATE.ANIMAL ("desertionNo", "filename", "happenDt", "happenPlace", "kindCd", "colorCd", "age", "weight", "noticeNo", "noticeSdt", "noticeEdt", "popfile", "processState", "sexCd", "neuterYn", "specialMark", "careNm", "careTel", "careAddr", "orgNm", "chargeNm", "officetel") VALUES ('430365202200649', 'http://www.animal.go.kr/files/shelter/2022/11/202211101311906_s.jpg', TO_DATE('2022-11-09', 'YYYY-MM-DD HH24:MI:SS'), '대전광역시 중구 오류동 합동카인테리어 주변', '[개] 믹스견', null, '2022(년생)', '2.00(Kg)', '대전-중구-2022-00343', TO_DATE('2022-11-10', 'YYYY-MM-DD HH24:MI:SS'), TO_DATE('2022-11-21', 'YYYY-MM-DD HH24:MI:SS'), 'http://www.animal.go.kr/files/shelter/2022/11/202211101311906.jpg', '보호중', 'F', 'U', '.', '대전동물보호센터', '042-825-1118', '대전광역시 유성구 금남구즉로 1234 (금고동) 대전광역시 동물보호센터', '대전광역시 중구', '양진현', '042-606-7266');
-- INSERT INTO NEWSOULMATE.ANIMAL ("desertionNo", "filename", "happenDt", "happenPlace", "kindCd", "colorCd", "age", "weight", "noticeNo", "noticeSdt", "noticeEdt", "popfile", "processState", "sexCd", "neuterYn", "specialMark", "careNm", "careTel", "careAddr", "orgNm", "chargeNm", "officetel") VALUES ('430365202200648', 'http://www.animal.go.kr/files/shelter/2022/11/202211101311371_s.jpg', TO_DATE('2022-11-09', 'YYYY-MM-DD HH24:MI:SS'), '대전광역시 중구 산성로 31-23 번길 신원주택 ', '[개] 시츄', null, '2019(년생)', '4.00(Kg)', '대전-중구-2022-00342', TO_DATE('2022-11-10', 'YYYY-MM-DD HH24:MI:SS'), TO_DATE('2022-11-21', 'YYYY-MM-DD HH24:MI:SS'), 'http://www.animal.go.kr/files/shelter/2022/11/202211101311371.jpg', '보호중', 'F', 'U', '.', '대전동물보호센터', '042-825-1118', '대전광역시 유성구 금남구즉로 1234 (금고동) 대전광역시 동물보호센터', '대전광역시 중구', '양진현', '042-606-7266');
-- INSERT INTO NEWSOULMATE.ANIMAL ("desertionNo", "filename", "happenDt", "happenPlace", "kindCd", "colorCd", "age", "weight", "noticeNo", "noticeSdt", "noticeEdt", "popfile", "processState", "sexCd", "neuterYn", "specialMark", "careNm", "careTel", "careAddr", "orgNm", "chargeNm", "officetel") VALUES ('430364202200308', 'http://www.animal.go.kr/files/shelter/2022/11/202211101911628_s.jpg', TO_DATE('2022-11-09', 'YYYY-MM-DD HH24:MI:SS'), '대동 401-21 인근', '[개] 웰시 코기 카디건', null, '2016(년생)', '10(Kg)', '대전-동구-2022-00304', TO_DATE('2022-11-10', 'YYYY-MM-DD HH24:MI:SS'), TO_DATE('2022-11-21', 'YYYY-MM-DD HH24:MI:SS'), 'http://www.animal.go.kr/files/shelter/2022/11/202211101911628.jpg', '보호중', 'M', 'U', '주인반환(410100008035001)', '대전동물보호센터', '042-825-1118', '대전광역시 유성구 금남구즉로 1234 (금고동) 대전광역시 동물보호센터', '대전광역시 동구', '황서영', '042-251-4647');
-- INSERT INTO NEWSOULMATE.ANIMAL ("desertionNo", "filename", "happenDt", "happenPlace", "kindCd", "colorCd", "age", "weight", "noticeNo", "noticeSdt", "noticeEdt", "popfile", "processState", "sexCd", "neuterYn", "specialMark", "careNm", "careTel", "careAddr", "orgNm", "chargeNm", "officetel") VALUES ('430364202200307', 'http://www.animal.go.kr/files/shelter/2022/11/202211101911470_s.jpg', TO_DATE('2022-11-09', 'YYYY-MM-DD HH24:MI:SS'), '삼성타운 A 인근', '[개] 믹스견', null, '2019(년생)', '6(Kg)', '대전-동구-2022-00303', TO_DATE('2022-11-10', 'YYYY-MM-DD HH24:MI:SS'), TO_DATE('2022-11-21', 'YYYY-MM-DD HH24:MI:SS'), 'http://www.animal.go.kr/files/shelter/2022/11/202211101911470.jpg', '보호중', 'M', 'U', '하네스 착용', '대전동물보호센터', '042-825-1118', '대전광역시 유성구 금남구즉로 1234 (금고동) 대전광역시 동물보호센터', '대전광역시 동구', '황서영', '042-251-4647');
-- INSERT INTO NEWSOULMATE.ANIMAL ("desertionNo", "filename", "happenDt", "happenPlace", "kindCd", "colorCd", "age", "weight", "noticeNo", "noticeSdt", "noticeEdt", "popfile", "processState", "sexCd", "neuterYn", "specialMark", "careNm", "careTel", "careAddr", "orgNm", "chargeNm", "officetel") VALUES ('428351202201012', 'http://www.animal.go.kr/files/shelter/2022/11/202211091311936_s.jpg', TO_DATE('2022-11-09', 'YYYY-MM-DD HH24:MI:SS'), '미추홀구 미추홀대로 697번길22', '[개] 프렌치 불독', null, '2022(년생)', '10(Kg)', '인천-미추홀-2022-00526', TO_DATE('2022-11-10', 'YYYY-MM-DD HH24:MI:SS'), TO_DATE('2022-11-21', 'YYYY-MM-DD HH24:MI:SS'), 'http://www.animal.go.kr/files/shelter/2022/11/202211091311936.jpg', '종료(반환)', 'Q', 'U', '주인반환', '인천광역시 수의사회', '032-515-7567', '인천광역시 계양구 다남로165번길 56 (다남동, 유기동물보호소) ', '인천광역시 미추홀구', '미추홀구', '032-880-4384');
-- INSERT INTO NEWSOULMATE.ANIMAL ("desertionNo", "filename", "happenDt", "happenPlace", "kindCd", "colorCd", "age", "weight", "noticeNo", "noticeSdt", "noticeEdt", "popfile", "processState", "sexCd", "neuterYn", "specialMark", "careNm", "careTel", "careAddr", "orgNm", "chargeNm", "officetel") VALUES ('427345202200792', 'http://www.animal.go.kr/files/shelter/2022/11/202211100911402_s.jpg', TO_DATE('2022-11-09', 'YYYY-MM-DD HH24:MI:SS'), '동천 119', '[개] 진도견', null, '2018(년생)', '21(Kg)', '대구-북구-2022-00415', TO_DATE('2022-11-10', 'YYYY-MM-DD HH24:MI:SS'), TO_DATE('2022-11-21', 'YYYY-MM-DD HH24:MI:SS'), 'http://www.animal.go.kr/files/shelter/2022/11/202211100911402.jpg', '보호중', 'M', 'N', '교통사고, 기력 없고 영양상태 불량', '대구유기동물보호협회', '053-964-6258', '대구광역시 동구 금강로 151-13 (금강동) ', '대구광역시 북구', '도유경', '053-665-3192');
-- INSERT INTO NEWSOULMATE.ANIMAL ("desertionNo", "filename", "happenDt", "happenPlace", "kindCd", "colorCd", "age", "weight", "noticeNo", "noticeSdt", "noticeEdt", "popfile", "processState", "sexCd", "neuterYn", "specialMark", "careNm", "careTel", "careAddr", "orgNm", "chargeNm", "officetel") VALUES ('426336202200611', 'http://www.animal.go.kr/files/shelter/2022/11/202211100811997_s.jpg', TO_DATE('2022-11-09', 'YYYY-MM-DD HH24:MI:SS'), '강서119', '[개] 믹스견', null, '2020(년생)', '20(Kg)', '부산-강서-2022-00458', TO_DATE('2022-11-10', 'YYYY-MM-DD HH24:MI:SS'), TO_DATE('2022-11-21', 'YYYY-MM-DD HH24:MI:SS'), 'http://www.animal.go.kr/files/shelter/2022/11/202211100811997.jpg', '보호중', 'M', 'N', '뾰족한 귀', '(사)하얀비둘기', '051-293-9779', '부산광역시 강서구 제도로 726 (강동동) ', '부산광역시 강서구', '박혜리', '051-970-4814');
-- INSERT INTO NEWSOULMATE.ANIMAL ("desertionNo", "filename", "happenDt", "happenPlace", "kindCd", "colorCd", "age", "weight", "noticeNo", "noticeSdt", "noticeEdt", "popfile", "processState", "sexCd", "neuterYn", "specialMark", "careNm", "careTel", "careAddr", "orgNm", "chargeNm", "officetel") VALUES ('426335202200751', 'http://www.animal.go.kr/files/shelter/2022/11/202211101011742_s.jpg', TO_DATE('2022-11-09', 'YYYY-MM-DD HH24:MI:SS'), '구서롯데캐슬 605동 1~2라인 지하주차장 ', '[고양이] 믹스묘', null, '2018(년생)', '3.40(Kg)', '부산-금정-2022-00354', TO_DATE('2022-11-10', 'YYYY-MM-DD HH24:MI:SS'), TO_DATE('2022-11-21', 'YYYY-MM-DD HH24:MI:SS'), 'http://www.animal.go.kr/files/shelter/2022/11/202211101011742.jpg', '보호중', 'M', 'N', '보행이상, 안질환, 콧물, 기력매우 저하', '누리동물병원', '051-701-7599', '부산광역시 해운대구 송정2로13번길 46 (송정동) ', '부산광역시 금정구', '이주향', '051-519-4476');
-- INSERT INTO NEWSOULMATE.ANIMAL ("desertionNo", "filename", "happenDt", "happenPlace", "kindCd", "colorCd", "age", "weight", "noticeNo", "noticeSdt", "noticeEdt", "popfile", "processState", "sexCd", "neuterYn", "specialMark", "careNm", "careTel", "careAddr", "orgNm", "chargeNm", "officetel") VALUES ('426333202200898', 'http://www.animal.go.kr/files/shelter/2022/11/202211101611148_s.jpg', TO_DATE('2022-11-09', 'YYYY-MM-DD HH24:MI:SS'), '재송1로 74 옥상가는 계단', '[고양이] 믹스묘', null, '2021(년생)', '2(Kg)', '부산-해운대-2022-00414', TO_DATE('2022-11-10', 'YYYY-MM-DD HH24:MI:SS'), TO_DATE('2022-11-21', 'YYYY-MM-DD HH24:MI:SS'), 'http://www.animal.go.kr/files/shelter/2022/11/202211101611148.jpg', '보호중', 'F', 'U', '순함, 갈색+검정색', '누리동물병원', '051-701-7599', '부산광역시 해운대구 송정2로13번길 46 (송정동) ', '부산광역시 해운대구', '김동혁', '051-749-5681');
-- INSERT INTO NEWSOULMATE.ANIMAL ("desertionNo", "filename", "happenDt", "happenPlace", "kindCd", "colorCd", "age", "weight", "noticeNo", "noticeSdt", "noticeEdt", "popfile", "processState", "sexCd", "neuterYn", "specialMark", "careNm", "careTel", "careAddr", "orgNm", "chargeNm", "officetel") VALUES ('426333202200897', 'http://www.animal.go.kr/files/shelter/2022/11/202211101611949_s.jpg', TO_DATE('2022-11-09', 'YYYY-MM-DD HH24:MI:SS'), '해운대 강변아파트 상가동', '[고양이] 믹스묘', null, '2022(60일미만)(년생)', '0.5(Kg)', '부산-해운대-2022-00413', TO_DATE('2022-11-10', 'YYYY-MM-DD HH24:MI:SS'), TO_DATE('2022-11-21', 'YYYY-MM-DD HH24:MI:SS'), 'http://www.animal.go.kr/files/shelter/2022/11/202211101611949.jpg', '보호중', 'F', 'U', '3개월미만 추정, 영양상태 불량, 기력저하, 안질환, 갈색+검정색', '누리동물병원', '051-701-7599', '부산광역시 해운대구 송정2로13번길 46 (송정동) ', '부산광역시 해운대구', '김동혁', '051-749-5681');
-- INSERT INTO NEWSOULMATE.ANIMAL ("desertionNo", "filename", "happenDt", "happenPlace", "kindCd", "colorCd", "age", "weight", "noticeNo", "noticeSdt", "noticeEdt", "popfile", "processState", "sexCd", "neuterYn", "specialMark", "careNm", "careTel", "careAddr", "orgNm", "chargeNm", "officetel") VALUES ('426333202200896', 'http://www.animal.go.kr/files/shelter/2022/11/20221110161121_s.jpg', TO_DATE('2022-11-09', 'YYYY-MM-DD HH24:MI:SS'), '반여농산물시장', '[고양이] 페르시안', null, '2019(년생)', '3.6(Kg)', '부산-해운대-2022-00412', TO_DATE('2022-11-10', 'YYYY-MM-DD HH24:MI:SS'), TO_DATE('2022-11-21', 'YYYY-MM-DD HH24:MI:SS'), 'http://www.animal.go.kr/files/shelter/2022/11/20221110161121.jpg', '보호중', 'F', 'U', '털엉킴, 순함, 흰색', '누리동물병원', '051-701-7599', '부산광역시 해운대구 송정2로13번길 46 (송정동) ', '부산광역시 해운대구', '김동혁', '051-749-5681');
-- INSERT INTO NEWSOULMATE.ANIMAL ("desertionNo", "filename", "happenDt", "happenPlace", "kindCd", "colorCd", "age", "weight", "noticeNo", "noticeSdt", "noticeEdt", "popfile", "processState", "sexCd", "neuterYn", "specialMark", "careNm", "careTel", "careAddr", "orgNm", "chargeNm", "officetel") VALUES ('426333202200895', 'http://www.animal.go.kr/files/shelter/2022/11/202211101611775_s.jpg', TO_DATE('2022-11-09', 'YYYY-MM-DD HH24:MI:SS'), '해운대 수목원 사무실에서 쭉 위로', '[개] 믹스견', null, '2022(60일미만)(년생)', '1(Kg)', '부산-해운대-2022-00411', TO_DATE('2022-11-10', 'YYYY-MM-DD HH24:MI:SS'), TO_DATE('2022-11-21', 'YYYY-MM-DD HH24:MI:SS'), 'http://www.animal.go.kr/files/shelter/2022/11/202211101611775.jpg', '보호중', 'F', 'U', '기력저하, 흰색', '누리동물병원', '051-701-7599', '부산광역시 해운대구 송정2로13번길 46 (송정동) ', '부산광역시 해운대구', '김동혁', '051-749-5681');
-- INSERT INTO NEWSOULMATE.ANIMAL ("desertionNo", "filename", "happenDt", "happenPlace", "kindCd", "colorCd", "age", "weight", "noticeNo", "noticeSdt", "noticeEdt", "popfile", "processState", "sexCd", "neuterYn", "specialMark", "careNm", "careTel", "careAddr", "orgNm", "chargeNm", "officetel") VALUES ('426332202200652', 'http://www.animal.go.kr/files/shelter/2022/11/202211101711644_s.jpg', TO_DATE('2022-11-09', 'YYYY-MM-DD HH24:MI:SS'), '화명대교 1차선 가드레일', '[고양이] 한국 고양이', null, '2021(년생)', '1.5(Kg)', '부산-북구-2022-00518', TO_DATE('2022-11-10', 'YYYY-MM-DD HH24:MI:SS'), TO_DATE('2022-11-21', 'YYYY-MM-DD HH24:MI:SS'), 'http://www.animal.go.kr/files/shelter/2022/11/202211101711644.jpeg', '보호중', 'M', 'N', '하지마비,공격성과경계심이강함,북구2-285호', '부산동물보호센터', '051-832-7119', '부산광역시 강서구 맥도강변길 752-15 (대저2동) ', '부산광역시 북구', '하정무', '051-309-4651');
-- INSERT INTO NEWSOULMATE.ANIMAL ("desertionNo", "filename", "happenDt", "happenPlace", "kindCd", "colorCd", "age", "weight", "noticeNo", "noticeSdt", "noticeEdt", "popfile", "processState", "sexCd", "neuterYn", "specialMark", "careNm", "careTel", "careAddr", "orgNm", "chargeNm", "officetel") VALUES ('426332202200651', 'http://www.animal.go.kr/files/shelter/2022/11/202211101711364_s.jpg', TO_DATE('2022-11-09', 'YYYY-MM-DD HH24:MI:SS'), '만덕2로 23-1, 육뚝배기 국밥집', '[고양이] 한국 고양이', null, '2022(60일미만)(년생)', '0.45(Kg)', '부산-북구-2022-00517', TO_DATE('2022-11-10', 'YYYY-MM-DD HH24:MI:SS'), TO_DATE('2022-11-21', 'YYYY-MM-DD HH24:MI:SS'), 'http://www.animal.go.kr/files/shelter/2022/11/202211101711364.jpeg', '보호중', 'Q', 'N', '어미없이혼자버려짐,안질환,기력없음,영양상태부족,북구2-284호', '부산동물보호센터', '051-832-7119', '부산광역시 강서구 맥도강변길 752-15 (대저2동) ', '부산광역시 북구', '하정무', '051-309-4651');
-- INSERT INTO NEWSOULMATE.ANIMAL ("desertionNo", "filename", "happenDt", "happenPlace", "kindCd", "colorCd", "age", "weight", "noticeNo", "noticeSdt", "noticeEdt", "popfile", "processState", "sexCd", "neuterYn", "specialMark", "careNm", "careTel", "careAddr", "orgNm", "chargeNm", "officetel") VALUES ('426332202200650', 'http://www.animal.go.kr/files/shelter/2022/11/202211101711569_s.jpg', TO_DATE('2022-11-09', 'YYYY-MM-DD HH24:MI:SS'), '만덕동 870-1', '[고양이] 한국 고양이', null, '2018(년생)', '2.5(Kg)', '부산-북구-2022-00516', TO_DATE('2022-11-10', 'YYYY-MM-DD HH24:MI:SS'), TO_DATE('2022-11-21', 'YYYY-MM-DD HH24:MI:SS'), 'http://www.animal.go.kr/files/shelter/2022/11/202211101711569.jpeg', '보호중', 'F', 'N', '뇌수막염의심,몸을제대로못가눔,발작증세가있음,북구2-283호', '부산동물보호센터', '051-832-7119', '부산광역시 강서구 맥도강변길 752-15 (대저2동) ', '부산광역시 북구', '하정무', '051-309-4651');
-- INSERT INTO NEWSOULMATE.ANIMAL ("desertionNo", "filename", "happenDt", "happenPlace", "kindCd", "colorCd", "age", "weight", "noticeNo", "noticeSdt", "noticeEdt", "popfile", "processState", "sexCd", "neuterYn", "specialMark", "careNm", "careTel", "careAddr", "orgNm", "chargeNm", "officetel") VALUES ('426332202200649', 'http://www.animal.go.kr/files/shelter/2022/11/202211101711583_s.jpg', TO_DATE('2022-11-09', 'YYYY-MM-DD HH24:MI:SS'), '시랑로 94', '[고양이] 한국 고양이', null, '2022(60일미만)(년생)', '0.5(Kg)', '부산-북구-2022-00515', TO_DATE('2022-11-10', 'YYYY-MM-DD HH24:MI:SS'), TO_DATE('2022-11-21', 'YYYY-MM-DD HH24:MI:SS'), 'http://www.animal.go.kr/files/shelter/2022/11/202211101711583.jpeg', '보호중', 'Q', 'N', '안질환과콧물,기력없음,구충도포,경계심이강함,북구2-282호', '부산동물보호센터', '051-832-7119', '부산광역시 강서구 맥도강변길 752-15 (대저2동) ', '부산광역시 북구', '하정무', '051-309-4651');
-- INSERT INTO NEWSOULMATE.ANIMAL ("desertionNo", "filename", "happenDt", "happenPlace", "kindCd", "colorCd", "age", "weight", "noticeNo", "noticeSdt", "noticeEdt", "popfile", "processState", "sexCd", "neuterYn", "specialMark", "careNm", "careTel", "careAddr", "orgNm", "chargeNm", "officetel") VALUES ('426332202200648', 'http://www.animal.go.kr/files/shelter/2022/11/202211101711508_s.jpg', TO_DATE('2022-11-09', 'YYYY-MM-DD HH24:MI:SS'), '화명스타벅스DT점 뒤 ', '[고양이] 한국 고양이', null, '2022(60일미만)(년생)', '0.45(Kg)', '부산-북구-2022-00514', TO_DATE('2022-11-10', 'YYYY-MM-DD HH24:MI:SS'), TO_DATE('2022-11-21', 'YYYY-MM-DD HH24:MI:SS'), 'http://www.animal.go.kr/files/shelter/2022/11/202211101711508.jpeg', '보호중', 'Q', 'N', '안질환과콧물,기력없음,어미없이혼자버려짐,북구2-281호', '부산동물보호센터', '051-832-7119', '부산광역시 강서구 맥도강변길 752-15 (대저2동) ', '부산광역시 북구', '하정무', '051-309-4651');
-- INSERT INTO NEWSOULMATE.ANIMAL ("desertionNo", "filename", "happenDt", "happenPlace", "kindCd", "colorCd", "age", "weight", "noticeNo", "noticeSdt", "noticeEdt", "popfile", "processState", "sexCd", "neuterYn", "specialMark", "careNm", "careTel", "careAddr", "orgNm", "chargeNm", "officetel") VALUES ('426325202200428', 'http://www.animal.go.kr/files/shelter/2022/11/202211101011735_s.jpg', TO_DATE('2022-11-09', 'YYYY-MM-DD HH24:MI:SS'), '대청북길 44, 대청행복탕 인근', '[고양이] 한국 고양이', null, '2022(년생)', '0.45(Kg)', '부산-중구-2022-00249', TO_DATE('2022-11-10', 'YYYY-MM-DD HH24:MI:SS'), TO_DATE('2022-11-21', 'YYYY-MM-DD HH24:MI:SS'), 'http://www.animal.go.kr/files/shelter/2022/11/202211101011735.jpeg', '보호중', 'Q', 'N', '어미없이혼자버려짐,기력없음,벼룩도포,중구2-151호 ', '부산동물보호센터', '051-832-7119', '부산광역시 강서구 맥도강변길 752-15 (대저2동) ', '부산광역시 중구', '중구청', '051-600-4484');
-- INSERT INTO NEWSOULMATE.ANIMAL ("desertionNo", "filename", "happenDt", "happenPlace", "kindCd", "colorCd", "age", "weight", "noticeNo", "noticeSdt", "noticeEdt", "popfile", "processState", "sexCd", "neuterYn", "specialMark", "careNm", "careTel", "careAddr", "orgNm", "chargeNm", "officetel") VALUES ('411318202200639', 'http://www.animal.go.kr/files/shelter/2022/11/202211101311985_s.jpg', TO_DATE('2022-11-09', 'YYYY-MM-DD HH24:MI:SS'), '양평로 47 지하1층', '[고양이] 한국 고양이', null, '2020(년생)', '2(Kg)', '서울-영등포-2022-00134', TO_DATE('2022-11-10', 'YYYY-MM-DD HH24:MI:SS'), TO_DATE('2022-11-21', 'YYYY-MM-DD HH24:MI:SS'), 'http://www.animal.go.kr/files/shelter/2022/11/202211101311985.jpg', '보호중', 'M', 'N', '코분홍. 경계심강함/사람피함. 눈곱. 털때탐.', '한국동물구조관리협회', '031-867-9119', '경기도 양주시 남면 감악산로 63-37 ', '서울특별시 영등포구', '홍승우', '02-2670-3417');
-- INSERT INTO NEWSOULMATE.ANIMAL ("desertionNo", "filename", "happenDt", "happenPlace", "kindCd", "colorCd", "age", "weight", "noticeNo", "noticeSdt", "noticeEdt", "popfile", "processState", "sexCd", "neuterYn", "specialMark", "careNm", "careTel", "careAddr", "orgNm", "chargeNm", "officetel") VALUES ('411317202200473', 'http://www.animal.go.kr/files/shelter/2022/11/202211101311883_s.jpg', TO_DATE('2022-11-09', 'YYYY-MM-DD HH24:MI:SS'), '시흥2동 234 호암사 일대', '[개] 믹스견', null, '2021(년생)', '20(Kg)', '서울-금천-2022-00121', TO_DATE('2022-11-10', 'YYYY-MM-DD HH24:MI:SS'), TO_DATE('2022-11-21', 'YYYY-MM-DD HH24:MI:SS'), 'http://www.animal.go.kr/files/shelter/2022/11/202211101311883.jpg', '보호중', 'F', 'U', '귀쫑긋. 코검정. 안충. 입질. 꼬리단미안됨. 털상태 양호.', '한국동물구조관리협회', '031-867-9119', '경기도 양주시 남면 감악산로 63-37 (남면) ', '서울특별시 금천구', '생활유통팀', '02-2627-1313');
-- INSERT INTO NEWSOULMATE.ANIMAL ("desertionNo", "filename", "happenDt", "happenPlace", "kindCd", "colorCd", "age", "weight", "noticeNo", "noticeSdt", "noticeEdt", "popfile", "processState", "sexCd", "neuterYn", "specialMark", "careNm", "careTel", "careAddr", "orgNm", "chargeNm", "officetel") VALUES ('411312202200614', 'http://www.animal.go.kr/files/shelter/2022/11/20221110131105_s.jpg', TO_DATE('2022-11-09', 'YYYY-MM-DD HH24:MI:SS'), '북한산 자락길 인근', '[개] 믹스견', null, '2022(년생)', '2.3(Kg)', '서울-서대문-2022-00103', TO_DATE('2022-11-10', 'YYYY-MM-DD HH24:MI:SS'), TO_DATE('2022-11-21', 'YYYY-MM-DD HH24:MI:SS'), 'http://www.animal.go.kr/files/shelter/2022/11/20221110131105.jpg', '보호중', 'M', 'N', '귀접힘. 코주변검정. 겁많음. 꼬리단미안됨. 털상태양호.', '한국동물구조관리협회', '031-867-9119', '경기도 양주시 남면 감악산로 63-37  ', '서울특별시 서대문구', '오제원', '02-330-4373');
-- INSERT INTO NEWSOULMATE.ANIMAL ("desertionNo", "filename", "happenDt", "happenPlace", "kindCd", "colorCd", "age", "weight", "noticeNo", "noticeSdt", "noticeEdt", "popfile", "processState", "sexCd", "neuterYn", "specialMark", "careNm", "careTel", "careAddr", "orgNm", "chargeNm", "officetel") VALUES ('411312202200613', 'http://www.animal.go.kr/files/shelter/2022/11/202211101311558[1]_s.jpg', TO_DATE('2022-11-09', 'YYYY-MM-DD HH24:MI:SS'), '북한산 자락길 인근', '[개] 믹스견', null, '2022(년생)', '2.1(Kg)', '서울-서대문-2022-00102', TO_DATE('2022-11-10', 'YYYY-MM-DD HH24:MI:SS'), TO_DATE('2022-11-21', 'YYYY-MM-DD HH24:MI:SS'), 'http://www.animal.go.kr/files/shelter/2022/11/202211101311558[1].jpg', '보호중', 'M', 'N', '귀접힘. 코검정. 겁약간/얌전. 꼬리단미안됨. 털상태양호.', '한국동물구조관리협회', '031-867-9119', '경기도 양주시 남면 감악산로 63-37  ', '서울특별시 서대문구', '오제원', '02-330-4373');
-- INSERT INTO NEWSOULMATE.ANIMAL ("desertionNo", "filename", "happenDt", "happenPlace", "kindCd", "colorCd", "age", "weight", "noticeNo", "noticeSdt", "noticeEdt", "popfile", "processState", "sexCd", "neuterYn", "specialMark", "careNm", "careTel", "careAddr", "orgNm", "chargeNm", "officetel") VALUES ('411312202200612', 'http://www.animal.go.kr/files/shelter/2022/11/202211101311141_s.jpg', TO_DATE('2022-11-09', 'YYYY-MM-DD HH24:MI:SS'), '북한산 자락길 인근', '[개] 믹스견', null, '2022(년생)', '1.9(Kg)', '서울-서대문-2022-00101', TO_DATE('2022-11-10', 'YYYY-MM-DD HH24:MI:SS'), TO_DATE('2022-11-21', 'YYYY-MM-DD HH24:MI:SS'), 'http://www.animal.go.kr/files/shelter/2022/11/202211101311141.jpg', '보호중', 'M', 'N', '귀접힘. 코검정. 얌전. 꼬리단미안됨. 털상태양호.', '한국동물구조관리협회', '031-867-9119', '경기도 양주시 남면 감악산로 63-37  ', '서울특별시 서대문구', '오제원', '02-330-4373');
-- INSERT INTO NEWSOULMATE.ANIMAL ("desertionNo", "filename", "happenDt", "happenPlace", "kindCd", "colorCd", "age", "weight", "noticeNo", "noticeSdt", "noticeEdt", "popfile", "processState", "sexCd", "neuterYn", "specialMark", "careNm", "careTel", "careAddr", "orgNm", "chargeNm", "officetel") VALUES ('411310202200619', 'http://www.animal.go.kr/files/shelter/2022/11/202211101311614_s.jpg', TO_DATE('2022-11-09', 'YYYY-MM-DD HH24:MI:SS'), '덕릉로 662 중계3단지주공아파트 단지 내', '[기타축종] 앵무새', null, '2021(년생)', '0.1(Kg)', '서울-노원-2022-00164', TO_DATE('2022-11-10', 'YYYY-MM-DD HH24:MI:SS'), TO_DATE('2022-11-21', 'YYYY-MM-DD HH24:MI:SS'), 'http://www.animal.go.kr/files/shelter/2022/11/202211101311614.jpg', '보호중', 'Q', 'U', '이마탈모. 볼부근하늘색. 사람손탐. 털상태양호. 연령/성별추정어려움.', '한국동물구조관리협회', '031-868-2851', '경기도 양주시 남면 감악산로 63-37 (남면) ', '서울특별시 노원구', '배형섭', '02-2116-4268');
-- INSERT INTO NEWSOULMATE.ANIMAL ("desertionNo", "filename", "happenDt", "happenPlace", "kindCd", "colorCd", "age", "weight", "noticeNo", "noticeSdt", "noticeEdt", "popfile", "processState", "sexCd", "neuterYn", "specialMark", "careNm", "careTel", "careAddr", "orgNm", "chargeNm", "officetel") VALUES ('411307202200481', 'http://www.animal.go.kr/files/shelter/2022/11/202211101311967_s.jpg', TO_DATE('2022-11-09', 'YYYY-MM-DD HH24:MI:SS'), '보국문로 215 북한산국립공원 정릉분소 인근', '[개] 믹스견', null, '2022(년생)', '4.6(Kg)', '서울-성북-2022-00142', TO_DATE('2022-11-10', 'YYYY-MM-DD HH24:MI:SS'), TO_DATE('2022-11-21', 'YYYY-MM-DD HH24:MI:SS'), 'http://www.animal.go.kr/files/shelter/2022/11/202211101311967.jpg', '보호중', 'F', 'U', '귀접힘. 코검정. 진드기. 겁많음. 꼬리단미안됨. 털때탐.', '한국동물구조관리협회', '031-867-9119', '경기도 양주시 남면 감악산로 63-37 (남면) ', '서울특별시 성북구', '조은정', '02-2241-3932');
-- INSERT INTO NEWSOULMATE.ANIMAL ("desertionNo", "filename", "happenDt", "happenPlace", "kindCd", "colorCd", "age", "weight", "noticeNo", "noticeSdt", "noticeEdt", "popfile", "processState", "sexCd", "neuterYn", "specialMark", "careNm", "careTel", "careAddr", "orgNm", "chargeNm", "officetel") VALUES ('411306202200735', 'http://www.animal.go.kr/files/shelter/2022/11/202211101311268_s.jpg', TO_DATE('2022-11-09', 'YYYY-MM-DD HH24:MI:SS'), '봉우재로58길 39 혜원여자고등학교 인근', '[개] 말티즈', null, '2014(년생)', '3.9(Kg)', '서울-중랑-2022-00172', TO_DATE('2022-11-10', 'YYYY-MM-DD HH24:MI:SS'), TO_DATE('2022-11-30', 'YYYY-MM-DD HH24:MI:SS'), 'http://www.animal.go.kr/files/shelter/2022/11/202211101311268.jpg', '보호중', 'M', 'N', '코팥죽색.눈곱.양눈약간혼탁.전신미용흔적/꼬리끝털더긺.얌전/사람잘따름.꼬리단미안됨.털상태양호.', '한국동물구조관리협회', '031-867-9119', '경기도 양주시 남면 감악산로 63-37 ', '서울특별시 중랑구', '김가희', '02-2094-0753');
-- INSERT INTO NEWSOULMATE.ANIMAL ("desertionNo", "filename", "happenDt", "happenPlace", "kindCd", "colorCd", "age", "weight", "noticeNo", "noticeSdt", "noticeEdt", "popfile", "processState", "sexCd", "neuterYn", "specialMark", "careNm", "careTel", "careAddr", "orgNm", "chargeNm", "officetel") VALUES ('411304202200754', 'http://www.animal.go.kr/files/shelter/2022/11/202211101311684_s.jpg', TO_DATE('2022-11-09', 'YYYY-MM-DD HH24:MI:SS'), '중곡동 220-2 인근', '[고양이] 한국 고양이', null, '2016(년생)', '5.6(Kg)', '서울-광진-2022-00139', TO_DATE('2022-11-10', 'YYYY-MM-DD HH24:MI:SS'), TO_DATE('2022-11-21', 'YYYY-MM-DD HH24:MI:SS'), 'http://www.animal.go.kr/files/shelter/2022/11/202211101311684.jpg', '보호중', 'F', 'U', '앞발피부질환. 치아일부분없음/구강질환의심. 경계심있음. 털때탐.', '한국동물구조관리협회', '031-867-9119', '경기도 양주시 남면 감악산로 63-37 (남면) ', '서울특별시 광진구', '최승민', '02-450-7379');
-- INSERT INTO NEWSOULMATE.ANIMAL ("desertionNo", "filename", "happenDt", "happenPlace", "kindCd", "colorCd", "age", "weight", "noticeNo", "noticeSdt", "noticeEdt", "popfile", "processState", "sexCd", "neuterYn", "specialMark", "careNm", "careTel", "careAddr", "orgNm", "chargeNm", "officetel") VALUES ('411302202200714', 'http://www.animal.go.kr/files/shelter/2022/11/202211091711847_s.jpg', TO_DATE('2022-11-09', 'YYYY-MM-DD HH24:MI:SS'), '후암동 244-32 주변', '[개] 믹스견', null, '2022(년생)', '2.5(Kg)', '서울-용산-2022-00198', TO_DATE('2022-11-10', 'YYYY-MM-DD HH24:MI:SS'), TO_DATE('2022-11-21', 'YYYY-MM-DD HH24:MI:SS'), 'http://www.animal.go.kr/files/shelter/2022/11/202211091711847.jpg', '보호중', 'M', 'N', '유기되어져 옴. 상태 양호함,', '남산동물병원', '02-778-7582', '서울특별시 용산구 후암동 244-60', '서울특별시 용산구', '하정아', '02-2199-8054');
-- INSERT INTO NEWSOULMATE.ANIMAL ("desertionNo", "filename", "happenDt", "happenPlace", "kindCd", "colorCd", "age", "weight", "noticeNo", "noticeSdt", "noticeEdt", "popfile", "processState", "sexCd", "neuterYn", "specialMark", "careNm", "careTel", "careAddr", "orgNm", "chargeNm", "officetel") VALUES ('411302202200713', 'http://www.animal.go.kr/files/shelter/2022/11/202211091711640[1]_s.jpg', TO_DATE('2022-11-09', 'YYYY-MM-DD HH24:MI:SS'), '갈월동 사회복지센터 부근', '[고양이] 한국 고양이', null, '2022(60일미만)(년생)', '1(Kg)', '서울-용산-2022-00199', TO_DATE('2022-11-10', 'YYYY-MM-DD HH24:MI:SS'), TO_DATE('2022-11-21', 'YYYY-MM-DD HH24:MI:SS'), 'http://www.animal.go.kr/files/shelter/2022/11/202211091711640[1].jpg', '보호중', 'M', 'N', '높은곳에서 낙상하여 전지를 사용할 수 없슴, 예후불가.', '남산동물병원', '02-778-7582', '서울특별시 용산구 후암동 244-60', '서울특별시 용산구', '하정아', '02-2199-8054');
-- INSERT INTO NEWSOULMATE.ANIMAL ("desertionNo", "filename", "happenDt", "happenPlace", "kindCd", "colorCd", "age", "weight", "noticeNo", "noticeSdt", "noticeEdt", "popfile", "processState", "sexCd", "neuterYn", "specialMark", "careNm", "careTel", "careAddr", "orgNm", "chargeNm", "officetel") VALUES ('448546202200689', 'http://www.animal.go.kr/files/shelter/2022/11/202211091711994_s.jpg', TO_DATE('2022-11-09', 'YYYY-MM-DD HH24:MI:SS'), '안의면 당본마을', '[개] 믹스견', null, '2021(년생)', '5(Kg)', '경남-함양-2022-00232', TO_DATE('2022-11-09', 'YYYY-MM-DD HH24:MI:SS'), TO_DATE('2022-11-21', 'YYYY-MM-DD HH24:MI:SS'), 'http://www.animal.go.kr/files/shelter/2022/11/202211091711994.jpeg', '보호중', 'M', 'N', '믹스견, 흰색에 오른쪽 귀에 검은색 특징, 약 1살정도, 약 5kg 정도, 온순함', '함양군위탁보호소', '055-960-8143', '경상남도 함양군 함양읍 함양남서로 996-76 (함양읍, 농업기술센터) ', '경상남도 함양군', null, '055-960-8140');
-- INSERT INTO NEWSOULMATE.ANIMAL ("desertionNo", "filename", "happenDt", "happenPlace", "kindCd", "colorCd", "age", "weight", "noticeNo", "noticeSdt", "noticeEdt", "popfile", "processState", "sexCd", "neuterYn", "specialMark", "careNm", "careTel", "careAddr", "orgNm", "chargeNm", "officetel") VALUES ('448537202201408', 'http://www.animal.go.kr/files/shelter/2022/11/202211091311716_s.jpg', TO_DATE('2022-11-09', 'YYYY-MM-DD HH24:MI:SS'), '죽전길154-42', '[개] 믹스견', null, '2022(년생)', '8(Kg)', '경남-거제-2022-01164', TO_DATE('2022-11-09', 'YYYY-MM-DD HH24:MI:SS'), TO_DATE('2022-11-16', 'YYYY-MM-DD HH24:MI:SS'), 'http://www.animal.go.kr/files/shelter/2022/11/202211091311716.jpg', '보호중', 'F', 'N', '순하고 사람 좋아함', '거제시유기동물보호소', '055-639-6368', '경상남도 거제시 사등면 두동로1길 109 (사등면, 한국자원재생공사폐비닐적재장) 거제시유기동물보호소', '경상남도 거제시', '김부근', '055-639-6366');
-- INSERT INTO NEWSOULMATE.ANIMAL ("desertionNo", "filename", "happenDt", "happenPlace", "kindCd", "colorCd", "age", "weight", "noticeNo", "noticeSdt", "noticeEdt", "popfile", "processState", "sexCd", "neuterYn", "specialMark", "careNm", "careTel", "careAddr", "orgNm", "chargeNm", "officetel") VALUES ('448536202202081', 'http://www.animal.go.kr/files/shelter/2022/11/20221109231130_s.jpg', TO_DATE('2022-11-09', 'YYYY-MM-DD HH24:MI:SS'), '삼문동', '[개] 믹스견', null, '2020(년생)', '7(Kg)', '경남-밀양-2022-01716', TO_DATE('2022-11-09', 'YYYY-MM-DD HH24:MI:SS'), TO_DATE('2022-11-21', 'YYYY-MM-DD HH24:MI:SS'), 'http://www.animal.go.kr/files/shelter/2022/11/20221109231130.jpg', '보호중', 'F', 'N', '두마리 함께  구조/ 영리하게 생긴아이', '밀양시동물보호센터', '010-5656-6665', '경상남도 밀양시 삼랑진읍 천태로 472 (삼랑진읍) ', '경상남도 밀양시', '밀양시', '055-359-7185');
-- INSERT INTO NEWSOULMATE.ANIMAL ("desertionNo", "filename", "happenDt", "happenPlace", "kindCd", "colorCd", "age", "weight", "noticeNo", "noticeSdt", "noticeEdt", "popfile", "processState", "sexCd", "neuterYn", "specialMark", "careNm", "careTel", "careAddr", "orgNm", "chargeNm", "officetel") VALUES ('448536202202080', 'http://www.animal.go.kr/files/shelter/2022/11/202211092311789_s.jpg', TO_DATE('2022-11-09', 'YYYY-MM-DD HH24:MI:SS'), '삼문동', '[개] 믹스견', null, '2020(년생)', '6(Kg)', '경남-밀양-2022-01715', TO_DATE('2022-11-09', 'YYYY-MM-DD HH24:MI:SS'), TO_DATE('2022-11-21', 'YYYY-MM-DD HH24:MI:SS'), 'http://www.animal.go.kr/files/shelter/2022/11/202211092311789.jpg', '보호중', 'F', 'N', '두마리 함께  구조/ 눈이 선하고 예쁜 아이', '밀양시동물보호센터', '010-5656-6665', '경상남도 밀양시 삼랑진읍 천태로 472 (삼랑진읍) ', '경상남도 밀양시', '밀양시', '055-359-7185');
-- INSERT INTO NEWSOULMATE.ANIMAL ("desertionNo", "filename", "happenDt", "happenPlace", "kindCd", "colorCd", "age", "weight", "noticeNo", "noticeSdt", "noticeEdt", "popfile", "processState", "sexCd", "neuterYn", "specialMark", "careNm", "careTel", "careAddr", "orgNm", "chargeNm", "officetel") VALUES ('448536202202079', 'http://www.animal.go.kr/files/shelter/2022/11/202211092311372_s.jpg', TO_DATE('2022-11-09', 'YYYY-MM-DD HH24:MI:SS'), '상남', '[개] 시바', null, '2019(년생)', '8(Kg)', '경남-밀양-2022-01714', TO_DATE('2022-11-09', 'YYYY-MM-DD HH24:MI:SS'), TO_DATE('2022-11-21', 'YYYY-MM-DD HH24:MI:SS'), 'http://www.animal.go.kr/files/shelter/2022/11/202211092311372.jpg', '보호중', 'F', 'N', '몸줄 착용/ 꼬리가 짧음', '밀양시동물보호센터', '010-5656-6665', '경상남도 밀양시 삼랑진읍 천태로 472 (삼랑진읍) ', '경상남도 밀양시', '밀양시', '055-359-7185');
-- INSERT INTO NEWSOULMATE.ANIMAL ("desertionNo", "filename", "happenDt", "happenPlace", "kindCd", "colorCd", "age", "weight", "noticeNo", "noticeSdt", "noticeEdt", "popfile", "processState", "sexCd", "neuterYn", "specialMark", "careNm", "careTel", "careAddr", "orgNm", "chargeNm", "officetel") VALUES ('448536202202078', 'http://www.animal.go.kr/files/shelter/2022/11/202211092311935[1]_s.jpg', TO_DATE('2022-11-09', 'YYYY-MM-DD HH24:MI:SS'), '부북', '[개] 믹스견', null, '2020(년생)', '7(Kg)', '경남-밀양-2022-01713', TO_DATE('2022-11-09', 'YYYY-MM-DD HH24:MI:SS'), TO_DATE('2022-11-21', 'YYYY-MM-DD HH24:MI:SS'), 'http://www.animal.go.kr/files/shelter/2022/11/202211092311935[1].jpg', '보호중', 'M', 'N', '모색이 예쁜아이', '밀양시동물보호센터', '010-5656-6665', '경상남도 밀양시 삼랑진읍 천태로 472 (삼랑진읍) ', '경상남도 밀양시', '밀양시', '055-359-7185');
-- INSERT INTO NEWSOULMATE.ANIMAL ("desertionNo", "filename", "happenDt", "happenPlace", "kindCd", "colorCd", "age", "weight", "noticeNo", "noticeSdt", "noticeEdt", "popfile", "processState", "sexCd", "neuterYn", "specialMark", "careNm", "careTel", "careAddr", "orgNm", "chargeNm", "officetel") VALUES ('448536202202077', 'http://www.animal.go.kr/files/shelter/2022/11/202211092311175_s.jpg', TO_DATE('2022-11-09', 'YYYY-MM-DD HH24:MI:SS'), '상남', '[개] 믹스견', null, '2022(60일미만)(년생)', '2(Kg)', '경남-밀양-2022-01712', TO_DATE('2022-11-09', 'YYYY-MM-DD HH24:MI:SS'), TO_DATE('2022-11-21', 'YYYY-MM-DD HH24:MI:SS'), 'http://www.animal.go.kr/files/shelter/2022/11/202211092311175.jpg', '보호중', 'F', 'N', '쳐진 눈매가 귀여운 강아지', '밀양시동물보호센터', '010-5656-6665', '경상남도 밀양시 삼랑진읍 천태로 472 (삼랑진읍) ', '경상남도 밀양시', '밀양시', '055-359-7185');
-- INSERT INTO NEWSOULMATE.ANIMAL ("desertionNo", "filename", "happenDt", "happenPlace", "kindCd", "colorCd", "age", "weight", "noticeNo", "noticeSdt", "noticeEdt", "popfile", "processState", "sexCd", "neuterYn", "specialMark", "careNm", "careTel", "careAddr", "orgNm", "chargeNm", "officetel") VALUES ('448536202202076', 'http://www.animal.go.kr/files/shelter/2022/11/202211092311159_s.jpg', TO_DATE('2022-11-09', 'YYYY-MM-DD HH24:MI:SS'), '부북', '[개] 믹스견', null, '2021(년생)', '5(Kg)', '경남-밀양-2022-01711', TO_DATE('2022-11-09', 'YYYY-MM-DD HH24:MI:SS'), TO_DATE('2022-11-21', 'YYYY-MM-DD HH24:MI:SS'), 'http://www.animal.go.kr/files/shelter/2022/11/202211092311159.jpg', '보호중', 'M', 'N', '2마리 함께 구조/ 영리하게 생긴아이들', '밀양시동물보호센터', '010-5656-6665', '경상남도 밀양시 삼랑진읍 천태로 472 (삼랑진읍) ', '경상남도 밀양시', '밀양시', '055-359-7185');
-- INSERT INTO NEWSOULMATE.ANIMAL ("desertionNo", "filename", "happenDt", "happenPlace", "kindCd", "colorCd", "age", "weight", "noticeNo", "noticeSdt", "noticeEdt", "popfile", "processState", "sexCd", "neuterYn", "specialMark", "careNm", "careTel", "careAddr", "orgNm", "chargeNm", "officetel") VALUES ('448536202202075', 'http://www.animal.go.kr/files/shelter/2022/11/20221109231193_s.jpg', TO_DATE('2022-11-09', 'YYYY-MM-DD HH24:MI:SS'), '부북', '[개] 믹스견', null, '2020(년생)', '7(Kg)', '경남-밀양-2022-01710', TO_DATE('2022-11-09', 'YYYY-MM-DD HH24:MI:SS'), TO_DATE('2022-11-21', 'YYYY-MM-DD HH24:MI:SS'), 'http://www.animal.go.kr/files/shelter/2022/11/20221109231193.jpg', '보호중', 'M', 'N', '2마리 함께 구조/ 영리하게 생긴아이들', '밀양시동물보호센터', '010-5656-6665', '경상남도 밀양시 삼랑진읍 천태로 472 (삼랑진읍) ', '경상남도 밀양시', '밀양시', '055-359-7185');
-- INSERT INTO NEWSOULMATE.ANIMAL ("desertionNo", "filename", "happenDt", "happenPlace", "kindCd", "colorCd", "age", "weight", "noticeNo", "noticeSdt", "noticeEdt", "popfile", "processState", "sexCd", "neuterYn", "specialMark", "careNm", "careTel", "careAddr", "orgNm", "chargeNm", "officetel") VALUES ('448534202200662', 'http://www.animal.go.kr/files/shelter/2022/11/202211091311281_s.jpg', TO_DATE('2022-11-09', 'YYYY-MM-DD HH24:MI:SS'), '삼천포 망산공원 인', '[개] 믹스견', null, '2020(년생)', '10(Kg)', '경남-사천-2022-00446', TO_DATE('2022-11-09', 'YYYY-MM-DD HH24:MI:SS'), TO_DATE('2022-11-21', 'YYYY-MM-DD HH24:MI:SS'), 'http://www.animal.go.kr/files/shelter/2022/11/202211091311281.jpg', '보호중', 'M', 'N', '털이 엉망인 상태이며, 순하고 겁이 많음.미용이후가 궁굼한 유기견 ', '사천시 동물보호센터', '055-831-3768', '경상남도 사천시 용현면 진삼로 902  사천시농업기술센터', '경상남도 사천시', '강환희', '055-831-3768');
-- INSERT INTO NEWSOULMATE.ANIMAL ("desertionNo", "filename", "happenDt", "happenPlace", "kindCd", "colorCd", "age", "weight", "noticeNo", "noticeSdt", "noticeEdt", "popfile", "processState", "sexCd", "neuterYn", "specialMark", "careNm", "careTel", "careAddr", "orgNm", "chargeNm", "officetel") VALUES ('448534202200661', 'http://www.animal.go.kr/files/shelter/2022/11/202211091311143_s.jpg', TO_DATE('2022-11-09', 'YYYY-MM-DD HH24:MI:SS'), '삼천포 해변아파트인근', '[개] 믹스견', null, '2019(년생)', '4(Kg)', '경남-사천-2022-00445', TO_DATE('2022-11-09', 'YYYY-MM-DD HH24:MI:SS'), TO_DATE('2022-11-21', 'YYYY-MM-DD HH24:MI:SS'), 'http://www.animal.go.kr/files/shelter/2022/11/202211091311143.jpg', '보호중', 'F', 'N', '구조당시 청록색 옷을 입고있었음. 사람을 좋아하고 잘따름.', '사천시 동물보호센터', '055-831-3768', '경상남도 사천시 용현면 진삼로 902  사천시농업기술센터', '경상남도 사천시', '강환희', '055-831-3768');
-- INSERT INTO NEWSOULMATE.ANIMAL ("desertionNo", "filename", "happenDt", "happenPlace", "kindCd", "colorCd", "age", "weight", "noticeNo", "noticeSdt", "noticeEdt", "popfile", "processState", "sexCd", "neuterYn", "specialMark", "careNm", "careTel", "careAddr", "orgNm", "chargeNm", "officetel") VALUES ('448534202200660', 'http://www.animal.go.kr/files/shelter/2022/11/202211091311807_s.jpg', TO_DATE('2022-11-09', 'YYYY-MM-DD HH24:MI:SS'), '구미2길 32', '[고양이] 한국 고양이', null, '2022(60일미만)(년생)', '0.32(Kg)', '경남-사천-2022-00444', TO_DATE('2022-11-09', 'YYYY-MM-DD HH24:MI:SS'), TO_DATE('2022-11-21', 'YYYY-MM-DD HH24:MI:SS'), 'http://www.animal.go.kr/files/shelter/2022/11/202211091311807.jpg', '보호중', 'F', 'N', '머리부터 꼬리까지 노란털인 치즈냥~사람을 좋아하며 잘따름.', '사천시 동물보호센터', '055-831-3768', '경상남도 사천시 용현면 진삼로 902  사천시농업기술센터', '경상남도 사천시', '강환희', '055-831-3768');
-- INSERT INTO NEWSOULMATE.ANIMAL ("desertionNo", "filename", "happenDt", "happenPlace", "kindCd", "colorCd", "age", "weight", "noticeNo", "noticeSdt", "noticeEdt", "popfile", "processState", "sexCd", "neuterYn", "specialMark", "careNm", "careTel", "careAddr", "orgNm", "chargeNm", "officetel") VALUES ('448534202200659', 'http://www.animal.go.kr/files/shelter/2022/11/202211091211304_s.jpg', TO_DATE('2022-11-09', 'YYYY-MM-DD HH24:MI:SS'), '구미2길 32', '[고양이] 한국 고양이', null, '2022(60일미만)(년생)', '0.35(Kg)', '경남-사천-2022-00443', TO_DATE('2022-11-09', 'YYYY-MM-DD HH24:MI:SS'), TO_DATE('2022-11-21', 'YYYY-MM-DD HH24:MI:SS'), 'http://www.animal.go.kr/files/shelter/2022/11/202211091211304.jpg', '보호중', 'F', 'N', '시크,도도한 털색을 뽐내는 삼색아기야옹이!!!순하며 사람을 잘 따름 ', '사천시 동물보호센터', '055-831-3768', '경상남도 사천시 용현면 진삼로 902  사천시농업기술센터', '경상남도 사천시', '강환희', '055-831-3768');
-- INSERT INTO NEWSOULMATE.ANIMAL ("desertionNo", "filename", "happenDt", "happenPlace", "kindCd", "colorCd", "age", "weight", "noticeNo", "noticeSdt", "noticeEdt", "popfile", "processState", "sexCd", "neuterYn", "specialMark", "careNm", "careTel", "careAddr", "orgNm", "chargeNm", "officetel") VALUES ('448528202201145', 'http://www.animal.go.kr/files/shelter/2022/11/202211091511101_s.jpg', TO_DATE('2022-11-09', 'YYYY-MM-DD HH24:MI:SS'), '마산합포구 산호남 12길 13 (또래어린이집)', '[개] 믹스견', null, '2021(년생)', '20(Kg)', '경남-창원2-2022-00304', TO_DATE('2022-11-09', 'YYYY-MM-DD HH24:MI:SS'), TO_DATE('2022-11-21', 'YYYY-MM-DD HH24:MI:SS'), 'http://www.animal.go.kr/files/shelter/2022/11/202211091511101.jpg', '종료(반환)', 'M', 'N', '노란목줄착용, 순하고 얌전함, 털이 중모임, 이쁘게 생겼음', '마산유기동물보호소', '055-225-5701', '경상남도 창원시 마산합포구 진북면 지산2길 139-112 226-19', '경상남도 창원시 마산합포회원구', '창원시마산합포회원구', '055-225-5701');
-- INSERT INTO NEWSOULMATE.ANIMAL ("desertionNo", "filename", "happenDt", "happenPlace", "kindCd", "colorCd", "age", "weight", "noticeNo", "noticeSdt", "noticeEdt", "popfile", "processState", "sexCd", "neuterYn", "specialMark", "careNm", "careTel", "careAddr", "orgNm", "chargeNm", "officetel") VALUES ('447523202200618', 'http://www.animal.go.kr/files/shelter/2022/11/202211091611216_s.jpg', TO_DATE('2022-11-09', 'YYYY-MM-DD HH24:MI:SS'), '예천읍 우계리', '[개] 믹스견', null, '2022(년생)', '4(Kg)', '경북-예천-2022-00410', TO_DATE('2022-11-09', 'YYYY-MM-DD HH24:MI:SS'), TO_DATE('2022-11-21', 'YYYY-MM-DD HH24:MI:SS'), 'http://www.animal.go.kr/files/shelter/2022/11/202211091611216.jpg', '보호중', 'M', 'N', '찬밥취급 받으며 산 너의 몇개월 남짓한 생, 고생많았어. 죽어서야 나가는 곳이 아닌 꼭 살아 나가길..', '예천군유기동물보호소', '054-650-8167', '경상북도 예천군 예천읍 충효로 632-84 (예천읍, 유기동물보호소) ', '경상북도 예천군', '예천군', '054-650-8167');
-- INSERT INTO NEWSOULMATE.ANIMAL ("desertionNo", "filename", "happenDt", "happenPlace", "kindCd", "colorCd", "age", "weight", "noticeNo", "noticeSdt", "noticeEdt", "popfile", "processState", "sexCd", "neuterYn", "specialMark", "careNm", "careTel", "careAddr", "orgNm", "chargeNm", "officetel") VALUES ('447523202200617', 'http://www.animal.go.kr/files/shelter/2022/11/202211091611752_s.jpg', TO_DATE('2022-11-09', 'YYYY-MM-DD HH24:MI:SS'), '보문면 탑마을길', '[개] 보더 콜리', null, '2016(년생)', '28(Kg)', '경북-예천-2022-00409', TO_DATE('2022-11-09', 'YYYY-MM-DD HH24:MI:SS'), TO_DATE('2022-11-21', 'YYYY-MM-DD HH24:MI:SS'), 'http://www.animal.go.kr/files/shelter/2022/11/202211091611752.jpg', '보호중', 'M', 'U', '보더콜리, 아프간하운드 믹스추정, 좋은 주인이 아니면 더 좋은 곳에 입양가게 차라리 나타나지 말길', '예천군유기동물보호소', '054-650-8167', '경상북도 예천군 예천읍 충효로 632-84 (예천읍, 유기동물보호소) ', '경상북도 예천군', '예천군', '054-650-8167');
-- INSERT INTO NEWSOULMATE.ANIMAL ("desertionNo", "filename", "happenDt", "happenPlace", "kindCd", "colorCd", "age", "weight", "noticeNo", "noticeSdt", "noticeEdt", "popfile", "processState", "sexCd", "neuterYn", "specialMark", "careNm", "careTel", "careAddr", "orgNm", "chargeNm", "officetel") VALUES ('447522202200394', 'http://www.animal.go.kr/files/shelter/2022/11/202211091611179_s.jpg', TO_DATE('2022-11-09', 'YYYY-MM-DD HH24:MI:SS'), '북삼읍어로리', '[개] 믹스견', null, '2020(년생)', '11(Kg)', '경북-칠곡-2022-00313', TO_DATE('2022-11-09', 'YYYY-MM-DD HH24:MI:SS'), TO_DATE('2022-11-17', 'YYYY-MM-DD HH24:MI:SS'), 'http://www.animal.go.kr/files/shelter/2022/11/202211091611179.jpg', '보호중', 'M', 'N', '공장주변을오래돌아다님', '칠곡유기동물보호센터', '054-973-5710', '경상북도 칠곡군 석적읍 포망로 341 (석적읍) ', '경상북도 칠곡군', '동물보호담당', '054-979-6493');
-- INSERT INTO NEWSOULMATE.ANIMAL ("desertionNo", "filename", "happenDt", "happenPlace", "kindCd", "colorCd", "age", "weight", "noticeNo", "noticeSdt", "noticeEdt", "popfile", "processState", "sexCd", "neuterYn", "specialMark", "careNm", "careTel", "careAddr", "orgNm", "chargeNm", "officetel") VALUES ('447522202200393', 'http://www.animal.go.kr/files/shelter/2022/11/202211091611865_s.jpg', TO_DATE('2022-11-09', 'YYYY-MM-DD HH24:MI:SS'), '북삼읍인평리강진마을', '[개] 믹스견', null, '2020(년생)', '11(Kg)', '경북-칠곡-2022-00312', TO_DATE('2022-11-09', 'YYYY-MM-DD HH24:MI:SS'), TO_DATE('2022-11-17', 'YYYY-MM-DD HH24:MI:SS'), 'http://www.animal.go.kr/files/shelter/2022/11/202211091611865.jpg', '보호중', 'M', 'N', '흰색갈색얼룩 꼬리털이풍성하고 겁이많은아이', '칠곡유기동물보호센터', '054-973-5710', '경상북도 칠곡군 석적읍 포망로 341 (석적읍) ', '경상북도 칠곡군', '동물보호담당', '054-979-6493');
-- INSERT INTO NEWSOULMATE.ANIMAL ("desertionNo", "filename", "happenDt", "happenPlace", "kindCd", "colorCd", "age", "weight", "noticeNo", "noticeSdt", "noticeEdt", "popfile", "processState", "sexCd", "neuterYn", "specialMark", "careNm", "careTel", "careAddr", "orgNm", "chargeNm", "officetel") VALUES ('447520202200343', 'http://www.animal.go.kr/files/shelter/2022/11/202211091511518_s.jpg', TO_DATE('2022-11-09', 'YYYY-MM-DD HH24:MI:SS'), '다산면  벌지로236', '[개] 믹스견', null, '2021(년생)', '7.00(Kg)', '경북-고령-2022-00203', TO_DATE('2022-11-09', 'YYYY-MM-DD HH24:MI:SS'), TO_DATE('2022-11-21', 'YYYY-MM-DD HH24:MI:SS'), 'http://www.animal.go.kr/files/shelter/2022/11/202211091511518.jpg', '보호중', 'M', 'N', '가슴쪽 하얀색 무늬', '고령군 임시보호소', '010-8589-9575', '경상북도 고령군 운수면 하법길 37 (운수면) ', '경상북도 고령군', '고령군', '054-950-7472');
-- INSERT INTO NEWSOULMATE.ANIMAL ("desertionNo", "filename", "happenDt", "happenPlace", "kindCd", "colorCd", "age", "weight", "noticeNo", "noticeSdt", "noticeEdt", "popfile", "processState", "sexCd", "neuterYn", "specialMark", "careNm", "careTel", "careAddr", "orgNm", "chargeNm", "officetel") VALUES ('447520202200342', 'http://www.animal.go.kr/files/shelter/2022/11/202211091511914_s.jpg', TO_DATE('2022-11-09', 'YYYY-MM-DD HH24:MI:SS'), '고령소방서 구조대', '[개] 믹스견', null, '2020(년생)', '6.00(Kg)', '경북-고령-2022-00202', TO_DATE('2022-11-09', 'YYYY-MM-DD HH24:MI:SS'), TO_DATE('2022-11-21', 'YYYY-MM-DD HH24:MI:SS'), 'http://www.animal.go.kr/files/shelter/2022/11/202211091511914.jpg', '보호중', 'F', 'N', '녹색목줄,금속 리드줄 착용', '고령군 임시보호소', '010-8589-9575', '경상북도 고령군 운수면 하법길 37 (운수면) ', '경상북도 고령군', '고령군', '054-950-7472');
-- INSERT INTO NEWSOULMATE.ANIMAL ("desertionNo", "filename", "happenDt", "happenPlace", "kindCd", "colorCd", "age", "weight", "noticeNo", "noticeSdt", "noticeEdt", "popfile", "processState", "sexCd", "neuterYn", "specialMark", "careNm", "careTel", "careAddr", "orgNm", "chargeNm", "officetel") VALUES ('447520202200341', 'http://www.animal.go.kr/files/shelter/2022/11/202211091411822[1]_s.jpg', TO_DATE('2022-11-09', 'YYYY-MM-DD HH24:MI:SS'), '다산면 벌지로236', '[개] 믹스견', null, '2021(년생)', '7.00(Kg)', '경북-고령-2022-00201', TO_DATE('2022-11-09', 'YYYY-MM-DD HH24:MI:SS'), TO_DATE('2022-11-21', 'YYYY-MM-DD HH24:MI:SS'), 'http://www.animal.go.kr/files/shelter/2022/11/202211091411822[1].jpg', '보호중', 'F', 'N', '암수 한쌍 포획', '고령군 임시보호소', '010-8589-9575', '경상북도 고령군 운수면 하법길 37 (운수면) ', '경상북도 고령군', '고령군', '054-950-7472');
-- INSERT INTO NEWSOULMATE.ANIMAL ("desertionNo", "filename", "happenDt", "happenPlace", "kindCd", "colorCd", "age", "weight", "noticeNo", "noticeSdt", "noticeEdt", "popfile", "processState", "sexCd", "neuterYn", "specialMark", "careNm", "careTel", "careAddr", "orgNm", "chargeNm", "officetel") VALUES ('447520202200340', 'http://www.animal.go.kr/files/shelter/2022/11/202211091411196_s.jpg', TO_DATE('2022-11-09', 'YYYY-MM-DD HH24:MI:SS'), '다산면  벌지로236', '[개] 믹스견', null, '2021(년생)', '7.00(Kg)', '경북-고령-2022-00200', TO_DATE('2022-11-09', 'YYYY-MM-DD HH24:MI:SS'), TO_DATE('2022-11-21', 'YYYY-MM-DD HH24:MI:SS'), 'http://www.animal.go.kr/files/shelter/2022/11/202211091411196.jpg', '보호중', 'M', 'N', '암수 한쌍 포획', '고령군 임시보호소', '010-8589-9575', '경상북도 고령군 운수면 하법길 37 (운수면) ', '경상북도 고령군', '고령군', '054-950-7472');
-- INSERT INTO NEWSOULMATE.ANIMAL ("desertionNo", "filename", "happenDt", "happenPlace", "kindCd", "colorCd", "age", "weight", "noticeNo", "noticeSdt", "noticeEdt", "popfile", "processState", "sexCd", "neuterYn", "specialMark", "careNm", "careTel", "careAddr", "orgNm", "chargeNm", "officetel") VALUES ('447514202200130', 'http://www.animal.go.kr/files/shelter/2022/11/202211090911924_s.jpg', TO_DATE('2022-11-09', 'YYYY-MM-DD HH24:MI:SS'), '군위군 의흥면 수서1길 45 인근', '[개] 삽살개', null, '2019(년생)', '3.3(Kg)', '경북-군위-2022-00129', TO_DATE('2022-11-09', 'YYYY-MM-DD HH24:MI:SS'), TO_DATE('2022-11-21', 'YYYY-MM-DD HH24:MI:SS'), 'http://www.animal.go.kr/files/shelter/2022/11/202211090911924.jpg', '보호중', 'F', 'N', '사람에게 붙임성이 좋고, 순함', '우성동물병원', '054-380-6183', '경상북도 군위군 군위읍 중앙1길 17 (군위읍) ', '경상북도 군위군', '군위군', '054-380-6183');
-- INSERT INTO NEWSOULMATE.ANIMAL ("desertionNo", "filename", "happenDt", "happenPlace", "kindCd", "colorCd", "age", "weight", "noticeNo", "noticeSdt", "noticeEdt", "popfile", "processState", "sexCd", "neuterYn", "specialMark", "careNm", "careTel", "careAddr", "orgNm", "chargeNm", "officetel") VALUES ('447514202200129', 'http://www.animal.go.kr/files/shelter/2022/11/202211090911568_s.jpg', TO_DATE('2022-11-09', 'YYYY-MM-DD HH24:MI:SS'), '군위군 의흥면 수서1길 45 인근', '[개] 치와와', null, '2021(년생)', '1.8(Kg)', '경북-군위-2022-00128', TO_DATE('2022-11-09', 'YYYY-MM-DD HH24:MI:SS'), TO_DATE('2022-11-21', 'YYYY-MM-DD HH24:MI:SS'), 'http://www.animal.go.kr/files/shelter/2022/11/202211090911568.jpg', '보호중', 'M', 'N', '귀가 쫑긋하며, 사람에 대한 경계심이 조금 있음.', '우성동물병원', '054-380-6183', '경상북도 군위군 군위읍 중앙1길 17 (군위읍) ', '경상북도 군위군', '군위군', '054-380-6183');
-- INSERT INTO NEWSOULMATE.ANIMAL ("desertionNo", "filename", "happenDt", "happenPlace", "kindCd", "colorCd", "age", "weight", "noticeNo", "noticeSdt", "noticeEdt", "popfile", "processState", "sexCd", "neuterYn", "specialMark", "careNm", "careTel", "careAddr", "orgNm", "chargeNm", "officetel") VALUES ('447513202201135', 'http://www.animal.go.kr/files/shelter/2022/11/20221109191193_s.jpg', TO_DATE('2022-11-09', 'YYYY-MM-DD HH24:MI:SS'), '자인 신관리', '[개] 믹스견', null, '2021(년생)', '15(Kg)', '경북-경산-2022-00769', TO_DATE('2022-11-09', 'YYYY-MM-DD HH24:MI:SS'), TO_DATE('2022-11-21', 'YYYY-MM-DD HH24:MI:SS'), 'http://www.animal.go.kr/files/shelter/2022/11/20221109191193.jpg', '종료(반환)', 'M', 'N', '인근 도로에서 구조, 교통사고 추정', '경산시유기동물보호소', '010-2536-0955', '경상북도 경산시 용성면 사양지길 95 (용성면) ', '경상북도 경산시', '김홍근', '053-810-6744');
-- INSERT INTO NEWSOULMATE.ANIMAL ("desertionNo", "filename", "happenDt", "happenPlace", "kindCd", "colorCd", "age", "weight", "noticeNo", "noticeSdt", "noticeEdt", "popfile", "processState", "sexCd", "neuterYn", "specialMark", "careNm", "careTel", "careAddr", "orgNm", "chargeNm", "officetel") VALUES ('447513202201134', 'http://www.animal.go.kr/files/shelter/2022/11/20221109191172_s.jpg', TO_DATE('2022-11-09', 'YYYY-MM-DD HH24:MI:SS'), '압량 신대리', '[고양이] 한국 고양이', null, '2022(60일미만)(년생)', '0.38(Kg)', '경북-경산-2022-00768', TO_DATE('2022-11-09', 'YYYY-MM-DD HH24:MI:SS'), TO_DATE('2022-11-21', 'YYYY-MM-DD HH24:MI:SS'), 'http://www.animal.go.kr/files/shelter/2022/11/20221109191172.jpg', '보호중', 'F', 'N', '생후 40일령 추정, 인근 아파트 단지내에서 구조', '경산시유기동물보호소', '010-2536-0955', '경상북도 경산시 용성면 사양지길 95 (용성면) ', '경상북도 경산시', '김홍근', '053-810-6744');
-- INSERT INTO NEWSOULMATE.ANIMAL ("desertionNo", "filename", "happenDt", "happenPlace", "kindCd", "colorCd", "age", "weight", "noticeNo", "noticeSdt", "noticeEdt", "popfile", "processState", "sexCd", "neuterYn", "specialMark", "careNm", "careTel", "careAddr", "orgNm", "chargeNm", "officetel") VALUES ('447513202201133', 'http://www.animal.go.kr/files/shelter/2022/11/202211091911871_s.jpg', TO_DATE('2022-11-09', 'YYYY-MM-DD HH24:MI:SS'), '하양 동서리', '[고양이] 한국 고양이', null, '2022(년생)', '0.52(Kg)', '경북-경산-2022-00767', TO_DATE('2022-11-09', 'YYYY-MM-DD HH24:MI:SS'), TO_DATE('2022-11-21', 'YYYY-MM-DD HH24:MI:SS'), 'http://www.animal.go.kr/files/shelter/2022/11/202211091911871.jpg', '보호중', 'M', 'N', '생후 70일령 추정, 인근 주택 안에서 구조, 감기와 탈수가 있음, 좌안구 부종, 허피스 바이러스', '경산시유기동물보호소', '010-2536-0955', '경상북도 경산시 용성면 사양지길 95 (용성면) ', '경상북도 경산시', '김홍근', '053-810-6744');
-- INSERT INTO NEWSOULMATE.ANIMAL ("desertionNo", "filename", "happenDt", "happenPlace", "kindCd", "colorCd", "age", "weight", "noticeNo", "noticeSdt", "noticeEdt", "popfile", "processState", "sexCd", "neuterYn", "specialMark", "careNm", "careTel", "careAddr", "orgNm", "chargeNm", "officetel") VALUES ('447509202200405', 'http://www.animal.go.kr/files/shelter/2022/11/202211091911223_s.jpg', TO_DATE('2022-11-09', 'YYYY-MM-DD HH24:MI:SS'), '고현로 134', '[개] 푸들', null, '2022(년생)', '3.5(Kg)', '경북-영주-2022-00320', TO_DATE('2022-11-09', 'YYYY-MM-DD HH24:MI:SS'), TO_DATE('2022-11-21', 'YYYY-MM-DD HH24:MI:SS'), 'http://www.animal.go.kr/files/shelter/2022/11/202211091911223.jpg', '보호중', 'M', 'N', '온순함', '영주시 동물보호센터', '010-6682-1185', '경상북도 영주시 문수면 반구로324번길 135 (문수면) 장수면 반구리 407-8', '경상북도 영주시', '영주시', '054-639-7592');
-- INSERT INTO NEWSOULMATE.ANIMAL ("desertionNo", "filename", "happenDt", "happenPlace", "kindCd", "colorCd", "age", "weight", "noticeNo", "noticeSdt", "noticeEdt", "popfile", "processState", "sexCd", "neuterYn", "specialMark", "careNm", "careTel", "careAddr", "orgNm", "chargeNm", "officetel") VALUES ('447507202200151', 'http://www.animal.go.kr/files/shelter/2022/11/202211092111992_s.jpg', TO_DATE('2022-11-09', 'YYYY-MM-DD HH24:MI:SS'), '송현3주공일대', '[개] 시츄', null, '2003(년생)', '4(Kg)', '경북-안동-2022-00125', TO_DATE('2022-11-09', 'YYYY-MM-DD HH24:MI:SS'), TO_DATE('2022-11-16', 'YYYY-MM-DD HH24:MI:SS'), 'http://www.animal.go.kr/files/shelter/2022/11/202211092111992.jpg', '종료(반환)', 'F', 'N', '치료요함,옷착용,순함', '유기동물보호센터', '010-7703-1999', '경상북도 안동시 서후면 풍산태사로 3252-29 (서후면) ', '경상북도 안동시', '김준규', '054-840-5484');
-- INSERT INTO NEWSOULMATE.ANIMAL ("desertionNo", "filename", "happenDt", "happenPlace", "kindCd", "colorCd", "age", "weight", "noticeNo", "noticeSdt", "noticeEdt", "popfile", "processState", "sexCd", "neuterYn", "specialMark", "careNm", "careTel", "careAddr", "orgNm", "chargeNm", "officetel") VALUES ('447506202200355', 'http://www.animal.go.kr/files/shelter/2022/11/20221109141154_s.jpg', TO_DATE('2022-11-09', 'YYYY-MM-DD HH24:MI:SS'), '장미아파트 부근', '[개] 시츄', null, '2021(년생)', '5.2(Kg)', '경북-김천-2022-00361', TO_DATE('2022-11-09', 'YYYY-MM-DD HH24:MI:SS'), TO_DATE('2022-11-21', 'YYYY-MM-DD HH24:MI:SS'), 'http://www.animal.go.kr/files/shelter/2022/11/20221109141154.jpg', '보호중', 'M', 'N', '초록하네스,오드아이,털이 심하게 엉킴,친화적인 성격임.', '김천시 동물보호센터', '010-3477-7771', '경상북도 김천시 조마로 2128 (양천동) ', '경상북도 김천시', '김천시 신동우', '054-421-2518');
-- INSERT INTO NEWSOULMATE.ANIMAL ("desertionNo", "filename", "happenDt", "happenPlace", "kindCd", "colorCd", "age", "weight", "noticeNo", "noticeSdt", "noticeEdt", "popfile", "processState", "sexCd", "neuterYn", "specialMark", "careNm", "careTel", "careAddr", "orgNm", "chargeNm", "officetel") VALUES ('447506202200354', 'http://www.animal.go.kr/files/shelter/2022/11/202211091411502[1]_s.jpg', TO_DATE('2022-11-09', 'YYYY-MM-DD HH24:MI:SS'), '한성사랑채 앞', '[개] 푸들', null, '2018(년생)', '2.2(Kg)', '경북-김천-2022-00359', TO_DATE('2022-11-09', 'YYYY-MM-DD HH24:MI:SS'), TO_DATE('2022-11-21', 'YYYY-MM-DD HH24:MI:SS'), 'http://www.animal.go.kr/files/shelter/2022/11/202211091411502[1].jpg', '종료(반환)', 'M', 'Y', '옷을 입고 있으며, 목에 리본, 중성화됨.', '김천시 동물보호센터', '010-3477-7771', '경상북도 김천시 조마로 2128 (양천동) ', '경상북도 김천시', '김천시 신동우', '054-421-2518');
-- INSERT INTO NEWSOULMATE.ANIMAL ("desertionNo", "filename", "happenDt", "happenPlace", "kindCd", "colorCd", "age", "weight", "noticeNo", "noticeSdt", "noticeEdt", "popfile", "processState", "sexCd", "neuterYn", "specialMark", "careNm", "careTel", "careAddr", "orgNm", "chargeNm", "officetel") VALUES ('447506202200353', 'http://www.animal.go.kr/files/shelter/2022/11/202211091411819_s.jpg', TO_DATE('2022-11-09', 'YYYY-MM-DD HH24:MI:SS'), '대항면 대룡2길71-3', '[개] 진도견', null, '2021(년생)', '15(Kg)', '경북-김천-2022-00358', TO_DATE('2022-11-09', 'YYYY-MM-DD HH24:MI:SS'), TO_DATE('2022-11-21', 'YYYY-MM-DD HH24:MI:SS'), 'http://www.animal.go.kr/files/shelter/2022/11/202211091411819.jpg', '보호중', 'M', 'N', '파란목테, 빨간와이어목줄,온순하고 친화적인 성격임.', '김천시 동물보호센터', '010-3477-7771', '경상북도 김천시 조마로 2128 (양천동) ', '경상북도 김천시', '김천시 신동우', '054-421-2518');
-- INSERT INTO NEWSOULMATE.ANIMAL ("desertionNo", "filename", "happenDt", "happenPlace", "kindCd", "colorCd", "age", "weight", "noticeNo", "noticeSdt", "noticeEdt", "popfile", "processState", "sexCd", "neuterYn", "specialMark", "careNm", "careTel", "careAddr", "orgNm", "chargeNm", "officetel") VALUES ('447506202200352', 'http://www.animal.go.kr/files/shelter/2022/11/202211091411986[1]_s.jpg', TO_DATE('2022-11-09', 'YYYY-MM-DD HH24:MI:SS'), '감문면 삼성1길134', '[개] 믹스견', null, '2021(년생)', '6.5(Kg)', '경북-김천-2022-00357', TO_DATE('2022-11-09', 'YYYY-MM-DD HH24:MI:SS'), TO_DATE('2022-11-21', 'YYYY-MM-DD HH24:MI:SS'), 'http://www.animal.go.kr/files/shelter/2022/11/202211091411986[1].jpg', '보호중', 'F', 'N', '겁이 많으며, 경계가 심함', '김천시 동물보호센터', '010-3477-7771', '경상북도 김천시 조마로 2128 (양천동) ', '경상북도 김천시', '김천시 신동우', '054-421-2518');
-- INSERT INTO NEWSOULMATE.ANIMAL ("desertionNo", "filename", "happenDt", "happenPlace", "kindCd", "colorCd", "age", "weight", "noticeNo", "noticeSdt", "noticeEdt", "popfile", "processState", "sexCd", "neuterYn", "specialMark", "careNm", "careTel", "careAddr", "orgNm", "chargeNm", "officetel") VALUES ('447505202201397', 'http://www.animal.go.kr/files/shelter/2022/11/202211091511565_s.jpg', TO_DATE('2022-11-09', 'YYYY-MM-DD HH24:MI:SS'), '경주시 건천읍 내서로 1065', '[기타축종] ', null, '2019(년생)', '7(Kg)', '경북-경주-2022-01096', TO_DATE('2022-11-09', 'YYYY-MM-DD HH24:MI:SS'), TO_DATE('2022-11-21', 'YYYY-MM-DD HH24:MI:SS'), 'http://www.animal.go.kr/files/shelter/2022/11/202211091511565.jpg', '보호중', 'M', 'N', '도로에서 구조된 칠면조', '경주동물사랑보호센터', '010-8889-2883', '경상북도 경주시 천북면 천북로 8-4  경주시 동물사랑보호센터', '경상북도 경주시', '경주시', '054-760-2883');
-- INSERT INTO NEWSOULMATE.ANIMAL ("desertionNo", "filename", "happenDt", "happenPlace", "kindCd", "colorCd", "age", "weight", "noticeNo", "noticeSdt", "noticeEdt", "popfile", "processState", "sexCd", "neuterYn", "specialMark", "careNm", "careTel", "careAddr", "orgNm", "chargeNm", "officetel") VALUES ('447505202201396', 'http://www.animal.go.kr/files/shelter/2022/11/202211091411103_s.jpg', TO_DATE('2022-11-09', 'YYYY-MM-DD HH24:MI:SS'), '경주시 원화로 280-1 동경주차장', '[개] 믹스견', null, '2021(년생)', '6.5(Kg)', '경북-경주-2022-01095', TO_DATE('2022-11-09', 'YYYY-MM-DD HH24:MI:SS'), TO_DATE('2022-11-21', 'YYYY-MM-DD HH24:MI:SS'), 'http://www.animal.go.kr/files/shelter/2022/11/202211091411103.jpg', '보호중', 'M', 'N', '신고자 입양 희망', '경주동물사랑보호센터', '010-8889-2883', '경상북도 경주시 천북면 천북로 8-4  경주시 동물사랑보호센터', '경상북도 경주시', '경주시', '054-760-2883');
-- INSERT INTO NEWSOULMATE.ANIMAL ("desertionNo", "filename", "happenDt", "happenPlace", "kindCd", "colorCd", "age", "weight", "noticeNo", "noticeSdt", "noticeEdt", "popfile", "processState", "sexCd", "neuterYn", "specialMark", "careNm", "careTel", "careAddr", "orgNm", "chargeNm", "officetel") VALUES ('447505202201395', 'http://www.animal.go.kr/files/shelter/2022/11/202211091011600_s.jpg', TO_DATE('2022-11-09', 'YYYY-MM-DD HH24:MI:SS'), '경주시 외동읍 신계리 514', '[개] 믹스견', null, '2017(년생)', '7.5(Kg)', '경북-경주-2022-01094', TO_DATE('2022-11-09', 'YYYY-MM-DD HH24:MI:SS'), TO_DATE('2022-11-21', 'YYYY-MM-DD HH24:MI:SS'), 'http://www.animal.go.kr/files/shelter/2022/11/202211091011600.jpg', '보호중', 'F', 'N', '예민하여 사람을 경계함, 들개 추정', '경주동물사랑보호센터', '010-8889-2883', '경상북도 경주시 천북면 천북로 8-4  경주시 동물사랑보호센터', '경상북도 경주시', '경주시', '054-760-2883');
-- INSERT INTO NEWSOULMATE.ANIMAL ("desertionNo", "filename", "happenDt", "happenPlace", "kindCd", "colorCd", "age", "weight", "noticeNo", "noticeSdt", "noticeEdt", "popfile", "processState", "sexCd", "neuterYn", "specialMark", "careNm", "careTel", "careAddr", "orgNm", "chargeNm", "officetel") VALUES ('447505202201394', 'http://www.animal.go.kr/files/shelter/2022/11/20221109101130[1]_s.jpg', TO_DATE('2022-11-09', 'YYYY-MM-DD HH24:MI:SS'), '경주시서면오봉로1805(서오리229-1)', '[개] 믹스견', null, '2017(년생)', '10(Kg)', '경북-경주-2022-01093', TO_DATE('2022-11-09', 'YYYY-MM-DD HH24:MI:SS'), TO_DATE('2022-11-21', 'YYYY-MM-DD HH24:MI:SS'), 'http://www.animal.go.kr/files/shelter/2022/11/20221109101130[1].jpg', '보호중', 'F', 'N', '예민하여 사람을 경계함, 들개 추정', '경주동물사랑보호센터', '010-8889-2883', '경상북도 경주시 천북면 천북로 8-4  경주시 동물사랑보호센터', '경상북도 경주시', '경주시', '054-760-2883');
-- INSERT INTO NEWSOULMATE.ANIMAL ("desertionNo", "filename", "happenDt", "happenPlace", "kindCd", "colorCd", "age", "weight", "noticeNo", "noticeSdt", "noticeEdt", "popfile", "processState", "sexCd", "neuterYn", "specialMark", "careNm", "careTel", "careAddr", "orgNm", "chargeNm", "officetel") VALUES ('447502202202001', 'http://www.animal.go.kr/files/shelter/2022/11/202211091711481_s.jpg', TO_DATE('2022-11-09', 'YYYY-MM-DD HH24:MI:SS'), '경북 포항시 북구 법원로 158 장량119안전센터 앞', '[고양이] 한국 고양이', null, '2022(60일미만)(년생)', '0.5(Kg)', '경북-포항-2022-01158', TO_DATE('2022-11-09', 'YYYY-MM-DD HH24:MI:SS'), TO_DATE('2022-11-19', 'YYYY-MM-DD HH24:MI:SS'), 'http://www.animal.go.kr/files/shelter/2022/11/202211091711481.jpg', '보호중', 'F', 'N', '1.5~2개월 사이, 덩치는 크나 이빨 겨우 나있는 상태, 완벽한 올치즈의 공주님, 깨끗하고 상태좋음!!', '영일동물플러스', '054-262-8295', '경상북도 포항시 북구 흥해읍 덕장길 224 (흥해읍) ', '경상북도 포항시', '이형석', '054-270-3368');
-- INSERT INTO NEWSOULMATE.ANIMAL ("desertionNo", "filename", "happenDt", "happenPlace", "kindCd", "colorCd", "age", "weight", "noticeNo", "noticeSdt", "noticeEdt", "popfile", "processState", "sexCd", "neuterYn", "specialMark", "careNm", "careTel", "careAddr", "orgNm", "chargeNm", "officetel") VALUES ('447502202202000', 'http://www.animal.go.kr/files/shelter/2022/11/202211091711938_s.jpg', TO_DATE('2022-11-09', 'YYYY-MM-DD HH24:MI:SS'), '경상북도 포항시 남구 대잠동 780-206', '[고양이] 한국 고양이', null, '2022(년생)', '1.3(Kg)', '경북-포항-2022-01157', TO_DATE('2022-11-09', 'YYYY-MM-DD HH24:MI:SS'), TO_DATE('2022-11-19', 'YYYY-MM-DD HH24:MI:SS'), 'http://www.animal.go.kr/files/shelter/2022/11/202211091711938.jpg', '보호중', 'M', 'N', '5개월, 코피 났었음, 숨쉬기 약간 불편해 보임, 힘없음, 병원다녀옴', '영일동물플러스', '054-262-8295', '경상북도 포항시 북구 흥해읍 덕장길 224 (흥해읍) ', '경상북도 포항시', '이형석', '054-270-3368');
-- INSERT INTO NEWSOULMATE.ANIMAL ("desertionNo", "filename", "happenDt", "happenPlace", "kindCd", "colorCd", "age", "weight", "noticeNo", "noticeSdt", "noticeEdt", "popfile", "processState", "sexCd", "neuterYn", "specialMark", "careNm", "careTel", "careAddr", "orgNm", "chargeNm", "officetel") VALUES ('447502202201999', 'http://www.animal.go.kr/files/shelter/2022/11/202211091111923_s.jpg', TO_DATE('2022-11-09', 'YYYY-MM-DD HH24:MI:SS'), '경상북도 포항시 남구 오천읍 진전리 도로 위', '[개] 라브라도 리트리버', null, '2018(년생)', '30(Kg)', '경북-포항-2022-01156', TO_DATE('2022-11-09', 'YYYY-MM-DD HH24:MI:SS'), TO_DATE('2022-11-18', 'YYYY-MM-DD HH24:MI:SS'), 'http://www.animal.go.kr/files/shelter/2022/11/202211091111923.jpg', '종료(반환)', 'M', 'N', '내장칩있음, 보호자 연락하여 데리러 오실 예정, 버건디 코, 등털 웨이브, 순함', '영일동물플러스', '054-262-8295', '경상북도 포항시 북구 흥해읍 덕장길 224 (흥해읍) ', '경상북도 포항시', '이형석', '054-270-3368');
-- INSERT INTO NEWSOULMATE.ANIMAL ("desertionNo", "filename", "happenDt", "happenPlace", "kindCd", "colorCd", "age", "weight", "noticeNo", "noticeSdt", "noticeEdt", "popfile", "processState", "sexCd", "neuterYn", "specialMark", "careNm", "careTel", "careAddr", "orgNm", "chargeNm", "officetel") VALUES ('446501202200273', 'http://www.animal.go.kr/files/shelter/2022/11/202211092311704_s.jpg', TO_DATE('2022-11-09', 'YYYY-MM-DD HH24:MI:SS'), '퍼플대교부근', '[개] 말티즈', null, '2019(년생)', '4(Kg)', '전남-신안-2022-00272', TO_DATE('2022-11-09', 'YYYY-MM-DD HH24:MI:SS'), TO_DATE('2022-11-21', 'YYYY-MM-DD HH24:MI:SS'), 'http://www.animal.go.kr/files/shelter/2022/11/202211092311704.jpg', '보호중', 'F', 'U', '털이 길고 붉은계열옷착용,온순하고 잘따름', '신안군유기동물보호소', '010-9678-9966', '전라남도 무안군 삼향읍 석매길 21-5 (삼향읍) ', '전라남도 신안군', '신안군', '061-240-8346');
-- INSERT INTO NEWSOULMATE.ANIMAL ("desertionNo", "filename", "happenDt", "happenPlace", "kindCd", "colorCd", "age", "weight", "noticeNo", "noticeSdt", "noticeEdt", "popfile", "processState", "sexCd", "neuterYn", "specialMark", "careNm", "careTel", "careAddr", "orgNm", "chargeNm", "officetel") VALUES ('446489202200180', 'http://www.animal.go.kr/files/shelter/2022/11/202211091011469_s.jpg', TO_DATE('2022-11-09', 'YYYY-MM-DD HH24:MI:SS'), '회천면 회천당산길 30', '[개] 믹스견', null, '2022(년생)', '5(Kg)', '전남-보성-2022-00179', TO_DATE('2022-11-09', 'YYYY-MM-DD HH24:MI:SS'), TO_DATE('2022-11-21', 'YYYY-MM-DD HH24:MI:SS'), 'http://www.animal.go.kr/files/shelter/2022/11/202211091011469.jpg', '보호중', 'M', 'N', '겁이 많음', '보성유기동물보호센터', '061-850-5403', '전라남도 보성군 노동면 노동천동길 209 (노동면) 신천리 71', '전라남도 보성군', '한보현', '061-850-5403');
-- INSERT INTO NEWSOULMATE.ANIMAL ("desertionNo", "filename", "happenDt", "happenPlace", "kindCd", "colorCd", "age", "weight", "noticeNo", "noticeSdt", "noticeEdt", "popfile", "processState", "sexCd", "neuterYn", "specialMark", "careNm", "careTel", "careAddr", "orgNm", "chargeNm", "officetel") VALUES ('446489202200179', 'http://www.animal.go.kr/files/shelter/2022/11/202211091011642_s.jpg', TO_DATE('2022-11-09', 'YYYY-MM-DD HH24:MI:SS'), '회천면 회천당산길 30', '[개] 믹스견', null, '2018(년생)', '15(Kg)', '전남-보성-2022-00178', TO_DATE('2022-11-09', 'YYYY-MM-DD HH24:MI:SS'), TO_DATE('2022-11-21', 'YYYY-MM-DD HH24:MI:SS'), 'http://www.animal.go.kr/files/shelter/2022/11/202211091011642.jpg', '보호중', 'F', 'N', '겁이 많음', '보성유기동물보호센터', '061-850-5403', '전라남도 보성군 노동면 노동천동길 209 (노동면) 신천리 71', '전라남도 보성군', '한보현', '061-850-5403');
-- INSERT INTO NEWSOULMATE.ANIMAL ("desertionNo", "filename", "happenDt", "happenPlace", "kindCd", "colorCd", "age", "weight", "noticeNo", "noticeSdt", "noticeEdt", "popfile", "processState", "sexCd", "neuterYn", "specialMark", "careNm", "careTel", "careAddr", "orgNm", "chargeNm", "officetel") VALUES ('446489202200178', 'http://www.animal.go.kr/files/shelter/2022/11/202211091011269_s.jpg', TO_DATE('2022-11-09', 'YYYY-MM-DD HH24:MI:SS'), '겸백면 보성강로 1245', '[개] 믹스견', null, '2022(년생)', '2(Kg)', '전남-보성-2022-00177', TO_DATE('2022-11-09', 'YYYY-MM-DD HH24:MI:SS'), TO_DATE('2022-11-21', 'YYYY-MM-DD HH24:MI:SS'), 'http://www.animal.go.kr/files/shelter/2022/11/202211091011269.jpg', '보호중', 'M', 'N', '온순함', '보성유기동물보호센터', '061-850-5403', '전라남도 보성군 노동면 노동천동길 209 (노동면) 신천리 71', '전라남도 보성군', '한보현', '061-850-5403');
-- INSERT INTO NEWSOULMATE.ANIMAL ("desertionNo", "filename", "happenDt", "happenPlace", "kindCd", "colorCd", "age", "weight", "noticeNo", "noticeSdt", "noticeEdt", "popfile", "processState", "sexCd", "neuterYn", "specialMark", "careNm", "careTel", "careAddr", "orgNm", "chargeNm", "officetel") VALUES ('446489202200177', 'http://www.animal.go.kr/files/shelter/2022/11/202211091011339_s.jpg', TO_DATE('2022-11-09', 'YYYY-MM-DD HH24:MI:SS'), '겸백면 윤제림 부근', '[개] 말티즈', null, '2020(년생)', '3(Kg)', '전남-보성-2022-00176', TO_DATE('2022-11-09', 'YYYY-MM-DD HH24:MI:SS'), TO_DATE('2022-11-21', 'YYYY-MM-DD HH24:MI:SS'), 'http://www.animal.go.kr/files/shelter/2022/11/202211091011339.jpg', '보호중', 'M', 'N', '온순함, 눈이 큼', '보성유기동물보호센터', '061-850-5403', '전라남도 보성군 노동면 노동천동길 209 (노동면) 신천리 71', '전라남도 보성군', '한보현', '061-850-5403');
-- INSERT INTO NEWSOULMATE.ANIMAL ("desertionNo", "filename", "happenDt", "happenPlace", "kindCd", "colorCd", "age", "weight", "noticeNo", "noticeSdt", "noticeEdt", "popfile", "processState", "sexCd", "neuterYn", "specialMark", "careNm", "careTel", "careAddr", "orgNm", "chargeNm", "officetel") VALUES ('446483202201184', 'http://www.animal.go.kr/files/shelter/2022/11/202211092111388_s.jpg', TO_DATE('2022-11-09', 'YYYY-MM-DD HH24:MI:SS'), '나주시 영산로2444-19', '[개] 믹스견', null, '2022(년생)', '2.7(Kg)', '전남-나주-2022-01170', TO_DATE('2022-11-09', 'YYYY-MM-DD HH24:MI:SS'), TO_DATE('2022-11-21', 'YYYY-MM-DD HH24:MI:SS'), 'http://www.animal.go.kr/files/shelter/2022/11/202211092111388.jpg', '보호중', 'F', 'N', '생후3개월정도보임', '나주유기동물보호센터', '010-2331-7377', '전라남도 나주시 산포면 내기3길 71-43 [*미고시] ', '전라남도 나주시', '축산과', '061-339-7604');
-- INSERT INTO NEWSOULMATE.ANIMAL ("desertionNo", "filename", "happenDt", "happenPlace", "kindCd", "colorCd", "age", "weight", "noticeNo", "noticeSdt", "noticeEdt", "popfile", "processState", "sexCd", "neuterYn", "specialMark", "careNm", "careTel", "careAddr", "orgNm", "chargeNm", "officetel") VALUES ('447502202202015', 'http://www.animal.go.kr/files/shelter/2022/11/202211101611206_s.jpg', TO_DATE('2022-11-10', 'YYYY-MM-DD HH24:MI:SS'), '경상북도 포항시 북구 죽장면 상옥리 785', '[개] 믹스견', null, '2021(년생)', '15(Kg)', '경북-포항-2022-01163', TO_DATE('2022-11-10', 'YYYY-MM-DD HH24:MI:SS'), TO_DATE('2022-11-20', 'YYYY-MM-DD HH24:MI:SS'), 'http://www.animal.go.kr/files/shelter/2022/11/202211101611206.jpg', '보호중', 'M', 'N', '사모예드믹스 느낌, 풍성한 꼬리털, 코옆에 상처(딱지있음), 딸기코, 근엄한 순둥이 ', '영일동물플러스', '054-262-8295', '경상북도 포항시 북구 흥해읍 덕장길 224 (흥해읍) ', '경상북도 포항시', '이형석', '054-270-3368');
-- INSERT INTO NEWSOULMATE.ANIMAL ("desertionNo", "filename", "happenDt", "happenPlace", "kindCd", "colorCd", "age", "weight", "noticeNo", "noticeSdt", "noticeEdt", "popfile", "processState", "sexCd", "neuterYn", "specialMark", "careNm", "careTel", "careAddr", "orgNm", "chargeNm", "officetel") VALUES ('447502202202003', 'http://www.animal.go.kr/files/shelter/2022/11/202211101111577_s.jpg', TO_DATE('2022-11-10', 'YYYY-MM-DD HH24:MI:SS'), '경상북도 포항시 북구 흥해읍 인근', '[고양이] 한국 고양이', null, '2020(년생)', '3(Kg)', '경북-포항-2022-01160', TO_DATE('2022-11-10', 'YYYY-MM-DD HH24:MI:SS'), TO_DATE('2022-11-20', 'YYYY-MM-DD HH24:MI:SS'), 'http://www.animal.go.kr/files/shelter/2022/11/202211101111577.jpg', '보호중', 'F', 'Y', '다리 쪽에 찢어진 상처 치료 후 방사', '영일동물플러스', '054-262-8295', '경상북도 포항시 북구 흥해읍 덕장길 224 (흥해읍) ', '경상북도 포항시', '이형석', '054-270-3368');
-- INSERT INTO NEWSOULMATE.ANIMAL ("desertionNo", "filename", "happenDt", "happenPlace", "kindCd", "colorCd", "age", "weight", "noticeNo", "noticeSdt", "noticeEdt", "popfile", "processState", "sexCd", "neuterYn", "specialMark", "careNm", "careTel", "careAddr", "orgNm", "chargeNm", "officetel") VALUES ('447502202202002', 'http://www.animal.go.kr/files/shelter/2022/11/202211101111389_s.jpg', TO_DATE('2022-11-10', 'YYYY-MM-DD HH24:MI:SS'), '경북 포항시 남구 동해면 도구리 공항삼거리', '[개] 시베리안 허스키', null, '2019(년생)', '15(Kg)', '경북-포항-2022-01159', TO_DATE('2022-11-10', 'YYYY-MM-DD HH24:MI:SS'), TO_DATE('2022-11-20', 'YYYY-MM-DD HH24:MI:SS'), 'http://www.animal.go.kr/files/shelter/2022/11/202211101111389.jpg', '보호중', 'F', 'U', '길가에 앉아있었음, 관리 잘 되어있고 깨끗함, 물빛 눈이 몽환적인 아이,엄청 순하고 댕청미있음', '영일동물플러스', '054-262-8295', '경상북도 포항시 북구 흥해읍 덕장길 224 (흥해읍) ', '경상북도 포항시', '이형석', '054-270-3368');
-- INSERT INTO NEWSOULMATE.ANIMAL ("desertionNo", "filename", "happenDt", "happenPlace", "kindCd", "colorCd", "age", "weight", "noticeNo", "noticeSdt", "noticeEdt", "popfile", "processState", "sexCd", "neuterYn", "specialMark", "careNm", "careTel", "careAddr", "orgNm", "chargeNm", "officetel") VALUES ('446496202200330', 'http://www.animal.go.kr/files/shelter/2022/11/202211100911783_s.jpg', TO_DATE('2022-11-10', 'YYYY-MM-DD HH24:MI:SS'), '월야면 문화로 875-1', '[개] 믹스견', null, '2021(년생)', '8.00(Kg)', '전남-함평-2022-00319', TO_DATE('2022-11-10', 'YYYY-MM-DD HH24:MI:SS'), TO_DATE('2022-11-24', 'YYYY-MM-DD HH24:MI:SS'), 'http://www.animal.go.kr/files/shelter/2022/11/202211100911783.jpg', '보호중', 'M', 'U', '파란색목도리', '학교동물임시보호센터', '010-5649-3435', '전라남도 함평군 학교면 송산길 84 (학교면) 월산리 806-1 ', '전라남도 함평군', '함평군', '061-320-1936');
-- INSERT INTO NEWSOULMATE.ANIMAL ("desertionNo", "filename", "happenDt", "happenPlace", "kindCd", "colorCd", "age", "weight", "noticeNo", "noticeSdt", "noticeEdt", "popfile", "processState", "sexCd", "neuterYn", "specialMark", "careNm", "careTel", "careAddr", "orgNm", "chargeNm", "officetel") VALUES ('446484202200467', 'http://www.animal.go.kr/files/shelter/2022/11/202211101711714_s.jpg', TO_DATE('2022-11-10', 'YYYY-MM-DD HH24:MI:SS'), '광양읍 마린테크 주변', '[개] 믹스견', null, '2022(60일미만)(년생)', '2(Kg)', '전남-광양-2022-00362', TO_DATE('2022-11-10', 'YYYY-MM-DD HH24:MI:SS'), TO_DATE('2022-11-21', 'YYYY-MM-DD HH24:MI:SS'), 'http://www.animal.go.kr/files/shelter/2022/11/202211101711714.jpg', '보호중', 'F', 'N', '믹스 갈색 암컷 2개월추정', '광양시 임시보호소', '061-797-3386', '전라남도 광양시 봉강면 인덕로 1169-20 (봉강면) 지곡리 864-24', '전라남도 광양시', '광양시', '061-797-3386');
-- INSERT INTO NEWSOULMATE.ANIMAL ("desertionNo", "filename", "happenDt", "happenPlace", "kindCd", "colorCd", "age", "weight", "noticeNo", "noticeSdt", "noticeEdt", "popfile", "processState", "sexCd", "neuterYn", "specialMark", "careNm", "careTel", "careAddr", "orgNm", "chargeNm", "officetel") VALUES ('446484202200466', 'http://www.animal.go.kr/files/shelter/2022/11/202211101711606_s.jpg', TO_DATE('2022-11-10', 'YYYY-MM-DD HH24:MI:SS'), '광양읍 마린테크 주변', '[개] 믹스견', null, '2022(60일미만)(년생)', '2(Kg)', '전남-광양-2022-00361', TO_DATE('2022-11-10', 'YYYY-MM-DD HH24:MI:SS'), TO_DATE('2022-11-21', 'YYYY-MM-DD HH24:MI:SS'), 'http://www.animal.go.kr/files/shelter/2022/11/202211101711606.jpg', '보호중', 'F', 'N', '믹스 흰색 암컷 2개월추정', '광양시 임시보호소', '061-797-3386', '전라남도 광양시 봉강면 인덕로 1169-20 (봉강면) 지곡리 864-24', '전라남도 광양시', '광양시', '061-797-3386');
-- INSERT INTO NEWSOULMATE.ANIMAL ("desertionNo", "filename", "happenDt", "happenPlace", "kindCd", "colorCd", "age", "weight", "noticeNo", "noticeSdt", "noticeEdt", "popfile", "processState", "sexCd", "neuterYn", "specialMark", "careNm", "careTel", "careAddr", "orgNm", "chargeNm", "officetel") VALUES ('446484202200465', 'http://www.animal.go.kr/files/shelter/2022/11/202211101711696_s.jpg', TO_DATE('2022-11-10', 'YYYY-MM-DD HH24:MI:SS'), '광양읍 마린테크 주변', '[개] 바센지', null, '2020(년생)', '11(Kg)', '전남-광양-2022-00360', TO_DATE('2022-11-10', 'YYYY-MM-DD HH24:MI:SS'), TO_DATE('2022-11-21', 'YYYY-MM-DD HH24:MI:SS'), 'http://www.animal.go.kr/files/shelter/2022/11/202211101711696.jpg', '보호중', 'F', 'N', '믹스 검정+흰색 암컷 2살추정', '광양시 임시보호소', '061-797-3386', '전라남도 광양시 봉강면 인덕로 1169-20 (봉강면) 지곡리 864-24', '전라남도 광양시', '광양시', '061-797-3386');
-- INSERT INTO NEWSOULMATE.ANIMAL ("desertionNo", "filename", "happenDt", "happenPlace", "kindCd", "colorCd", "age", "weight", "noticeNo", "noticeSdt", "noticeEdt", "popfile", "processState", "sexCd", "neuterYn", "specialMark", "careNm", "careTel", "careAddr", "orgNm", "chargeNm", "officetel") VALUES ('446484202200464', 'http://www.animal.go.kr/files/shelter/2022/11/20221110171150_s.jpg', TO_DATE('2022-11-10', 'YYYY-MM-DD HH24:MI:SS'), '옥곡면 중양마을 주변', '[개] 믹스견', null, '2022(60일미만)(년생)', '1.8(Kg)', '전남-광양-2022-00359', TO_DATE('2022-11-10', 'YYYY-MM-DD HH24:MI:SS'), TO_DATE('2022-11-21', 'YYYY-MM-DD HH24:MI:SS'), 'http://www.animal.go.kr/files/shelter/2022/11/20221110171150.jpg', '보호중', 'F', 'N', '믹스 검정+흰색 암컷 2개월추정', '광양시 임시보호소', '061-797-3386', '전라남도 광양시 봉강면 인덕로 1169-20 (봉강면) 지곡리 864-24', '전라남도 광양시', '광양시', '061-797-3386');
-- INSERT INTO NEWSOULMATE.ANIMAL ("desertionNo", "filename", "happenDt", "happenPlace", "kindCd", "colorCd", "age", "weight", "noticeNo", "noticeSdt", "noticeEdt", "popfile", "processState", "sexCd", "neuterYn", "specialMark", "careNm", "careTel", "careAddr", "orgNm", "chargeNm", "officetel") VALUES ('446481202201042', 'http://www.animal.go.kr/files/shelter/2022/11/202211101311807_s.jpg', TO_DATE('2022-11-10', 'YYYY-MM-DD HH24:MI:SS'), '돌산 안굴전', '[개] 믹스견', null, '2021(년생)', '10.0(Kg)', '전남-여수-2022-00649', TO_DATE('2022-11-10', 'YYYY-MM-DD HH24:MI:SS'), TO_DATE('2022-11-21', 'YYYY-MM-DD HH24:MI:SS'), 'http://www.animal.go.kr/files/shelter/2022/11/202211101311807.jpg', '보호중', 'F', 'N', '경계심 및 입질 심함. 덫에 걸려 구조 됨.', '유기동물보호소', '061-659-4429', '전라남도 여수시 주동1길 32 (주삼동, 여수시농업기술센터) 여수시 유기동물보호소', '전라남도 여수시', '축산정책팀', '061-659-4429');
-- INSERT INTO NEWSOULMATE.ANIMAL ("desertionNo", "filename", "happenDt", "happenPlace", "kindCd", "colorCd", "age", "weight", "noticeNo", "noticeSdt", "noticeEdt", "popfile", "processState", "sexCd", "neuterYn", "specialMark", "careNm", "careTel", "careAddr", "orgNm", "chargeNm", "officetel") VALUES ('446481202201041', 'http://www.animal.go.kr/files/shelter/2022/11/202211101311536_s.jpg', TO_DATE('2022-11-10', 'YYYY-MM-DD HH24:MI:SS'), '화양면 성주골길 46', '[개] 믹스견', null, '2022(60일미만)(년생)', '2.2(Kg)', '전남-여수-2022-00648', TO_DATE('2022-11-10', 'YYYY-MM-DD HH24:MI:SS'), TO_DATE('2022-11-21', 'YYYY-MM-DD HH24:MI:SS'), 'http://www.animal.go.kr/files/shelter/2022/11/202211101311536.jpg', '보호중', 'F', 'N', '2개월령. 온순함. 집앞에 목줄채 묶어 놓음. 입소전검사 완료. 종합백신, 광견병 접종', '유기동물보호소', '061-659-4429', '전라남도 여수시 주동1길 32 (주삼동, 여수시농업기술센터) 여수시 유기동물보호소', '전라남도 여수시', '축산정책팀', '061-659-4429');
-- INSERT INTO NEWSOULMATE.ANIMAL ("desertionNo", "filename", "happenDt", "happenPlace", "kindCd", "colorCd", "age", "weight", "noticeNo", "noticeSdt", "noticeEdt", "popfile", "processState", "sexCd", "neuterYn", "specialMark", "careNm", "careTel", "careAddr", "orgNm", "chargeNm", "officetel") VALUES ('446480202201246', 'http://www.animal.go.kr/files/shelter/2022/11/202211102211173_s.jpg', TO_DATE('2022-11-10', 'YYYY-MM-DD HH24:MI:SS'), '대성천년나무@부근', '[개] 푸들', null, '2020(년생)', '3(Kg)', '전남-목포-2022-01091', TO_DATE('2022-11-10', 'YYYY-MM-DD HH24:MI:SS'), TO_DATE('2022-11-21', 'YYYY-MM-DD HH24:MI:SS'), 'http://www.animal.go.kr/files/shelter/2022/11/202211102211173.jpg', '종료(반환)', 'F', 'U', '온순,노랑색옷착용,아파트단지내를 배회함', '목포시유기동물보호소', '010-9678-9966', '전라남도 무안군 삼향읍 석매길 21-5  ', '전라남도 목포시', '축산계', '061-270-8693');
-- INSERT INTO NEWSOULMATE.ANIMAL ("desertionNo", "filename", "happenDt", "happenPlace", "kindCd", "colorCd", "age", "weight", "noticeNo", "noticeSdt", "noticeEdt", "popfile", "processState", "sexCd", "neuterYn", "specialMark", "careNm", "careTel", "careAddr", "orgNm", "chargeNm", "officetel") VALUES ('446480202201245', 'http://www.animal.go.kr/files/shelter/2022/11/202211102211646_s.jpg', TO_DATE('2022-11-10', 'YYYY-MM-DD HH24:MI:SS'), '기쁜우리교회부근', '[개] 말티즈', null, '2013(년생)', '2.5(Kg)', '전남-목포-2022-01090', TO_DATE('2022-11-10', 'YYYY-MM-DD HH24:MI:SS'), TO_DATE('2022-11-21', 'YYYY-MM-DD HH24:MI:SS'), 'http://www.animal.go.kr/files/shelter/2022/11/202211102211646.jpg', '종료(반환)', 'F', 'U', '교통사고,출혈심함', '목포시유기동물보호소', '010-9678-9966', '전라남도 무안군 삼향읍 석매길 21-5  ', '전라남도 목포시', '축산계', '061-270-8693');
-- INSERT INTO NEWSOULMATE.ANIMAL ("desertionNo", "filename", "happenDt", "happenPlace", "kindCd", "colorCd", "age", "weight", "noticeNo", "noticeSdt", "noticeEdt", "popfile", "processState", "sexCd", "neuterYn", "specialMark", "careNm", "careTel", "careAddr", "orgNm", "chargeNm", "officetel") VALUES ('446480202201244', 'http://www.animal.go.kr/files/shelter/2022/11/202211102211745_s.jpg', TO_DATE('2022-11-10', 'YYYY-MM-DD HH24:MI:SS'), '대박경로당부근', '[개] 믹스견', null, '2022(년생)', '8(Kg)', '전남-목포-2022-01089', TO_DATE('2022-11-10', 'YYYY-MM-DD HH24:MI:SS'), TO_DATE('2022-11-21', 'YYYY-MM-DD HH24:MI:SS'), 'http://www.animal.go.kr/files/shelter/2022/11/202211102211745.jpg', '보호중', 'M', 'U', '경계가 심함,농작물에 피해입힘,굶주림', '목포시유기동물보호소', '010-9678-9966', '전라남도 무안군 삼향읍 석매길 21-5  ', '전라남도 목포시', '축산계', '061-270-8693');
-- INSERT INTO NEWSOULMATE.ANIMAL ("desertionNo", "filename", "happenDt", "happenPlace", "kindCd", "colorCd", "age", "weight", "noticeNo", "noticeSdt", "noticeEdt", "popfile", "processState", "sexCd", "neuterYn", "specialMark", "careNm", "careTel", "careAddr", "orgNm", "chargeNm", "officetel") VALUES ('446480202201243', 'http://www.animal.go.kr/files/shelter/2022/11/20221110221152_s.jpg', TO_DATE('2022-11-10', 'YYYY-MM-DD HH24:MI:SS'), '대박경로당부근', '[개] 믹스견', null, '2022(년생)', '7(Kg)', '전남-목포-2022-01088', TO_DATE('2022-11-10', 'YYYY-MM-DD HH24:MI:SS'), TO_DATE('2022-11-21', 'YYYY-MM-DD HH24:MI:SS'), 'http://www.animal.go.kr/files/shelter/2022/11/20221110221152.jpg', '보호중', 'F', 'U', '경계,떠돌아다니며 농작물에 피해입힘,굶주림', '목포시유기동물보호소', '010-9678-9966', '전라남도 무안군 삼향읍 석매길 21-5  ', '전라남도 목포시', '축산계', '061-270-8693');
-- INSERT INTO NEWSOULMATE.ANIMAL ("desertionNo", "filename", "happenDt", "happenPlace", "kindCd", "colorCd", "age", "weight", "noticeNo", "noticeSdt", "noticeEdt", "popfile", "processState", "sexCd", "neuterYn", "specialMark", "careNm", "careTel", "careAddr", "orgNm", "chargeNm", "officetel") VALUES ('445472202200390', 'http://www.animal.go.kr/files/shelter/2022/11/202211101711174_s.jpg', TO_DATE('2022-11-10', 'YYYY-MM-DD HH24:MI:SS'), '구이면 원덕천길 16-3', '[개] 믹스견', null, '2018(년생)', '19(Kg)', '전북-완주-2022-00281', TO_DATE('2022-11-10', 'YYYY-MM-DD HH24:MI:SS'), TO_DATE('2022-11-21', 'YYYY-MM-DD HH24:MI:SS'), 'http://www.animal.go.kr/files/shelter/2022/11/202211101711174.jpg', '보호중', 'M', 'N', '약간 사납고 경계있음', '도담', '010-9438-9669', '전라북도 완주군 용진읍 순지2길 187-6  ', '전라북도 완주군', '나상운', '063-290-3248');
-- INSERT INTO NEWSOULMATE.ANIMAL ("desertionNo", "filename", "happenDt", "happenPlace", "kindCd", "colorCd", "age", "weight", "noticeNo", "noticeSdt", "noticeEdt", "popfile", "processState", "sexCd", "neuterYn", "specialMark", "careNm", "careTel", "careAddr", "orgNm", "chargeNm", "officetel") VALUES ('445469202201218', 'http://www.animal.go.kr/files/shelter/2022/11/20221110161183_s.jpg', TO_DATE('2022-11-10', 'YYYY-MM-DD HH24:MI:SS'), '영원면 풍월리 697-1', '[개] 믹스견', null, '2022(년생)', '3(Kg)', '전북-정읍-2022-00520', TO_DATE('2022-11-10', 'YYYY-MM-DD HH24:MI:SS'), TO_DATE('2022-11-21', 'YYYY-MM-DD HH24:MI:SS'), 'http://www.animal.go.kr/files/shelter/2022/11/20221110161183.jpg', '보호중', 'M', 'U', '척추골절, 하반신마비, 뒷다리와 생식기 괴사 진행중', '정읍시 동물보호소', '063-535-6295', '전라북도 정읍시 2산단5길 37-1 (하북동) ', '전라북도 정읍시', '정읍시', '063-539-6403');
-- INSERT INTO NEWSOULMATE.ANIMAL ("desertionNo", "filename", "happenDt", "happenPlace", "kindCd", "colorCd", "age", "weight", "noticeNo", "noticeSdt", "noticeEdt", "popfile", "processState", "sexCd", "neuterYn", "specialMark", "careNm", "careTel", "careAddr", "orgNm", "chargeNm", "officetel") VALUES ('445479202200893', 'http://www.animal.go.kr/files/shelter/2022/11/202211091711236_s.jpg', TO_DATE('2022-11-09', 'YYYY-MM-DD HH24:MI:SS'), '진서면 배틀재로', '[개] 믹스견', null, '2022(60일미만)(년생)', '1.2(Kg)', '전북-부안-2022-00725', TO_DATE('2022-11-09', 'YYYY-MM-DD HH24:MI:SS'), TO_DATE('2022-11-24', 'YYYY-MM-DD HH24:MI:SS'), 'http://www.animal.go.kr/files/shelter/2022/11/202211091711236.jpg', '보호중', 'M', 'U', '어미잃고 새끼 2마리 함께 구조', '부안군 동물보호센터', '063-580-4499', '전라북도 부안군 주산면 주산로 369  부안군 동물보호센터', '전라북도 부안군', '부안군', '063-580-4499');
-- INSERT INTO NEWSOULMATE.ANIMAL ("desertionNo", "filename", "happenDt", "happenPlace", "kindCd", "colorCd", "age", "weight", "noticeNo", "noticeSdt", "noticeEdt", "popfile", "processState", "sexCd", "neuterYn", "specialMark", "careNm", "careTel", "careAddr", "orgNm", "chargeNm", "officetel") VALUES ('445469202201217', 'http://www.animal.go.kr/files/shelter/2022/11/202211101611525_s.jpg', TO_DATE('2022-11-10', 'YYYY-MM-DD HH24:MI:SS'), '옹동면 오성리 1800-1', '[개] 믹스견', null, '2019(년생)', '16(Kg)', '전북-정읍-2022-00519', TO_DATE('2022-11-10', 'YYYY-MM-DD HH24:MI:SS'), TO_DATE('2022-11-21', 'YYYY-MM-DD HH24:MI:SS'), 'http://www.animal.go.kr/files/shelter/2022/11/202211101611525.jpg', '보호중', 'F', 'U', '온순함', '정읍시 동물보호소', '063-535-6295', '전라북도 정읍시 2산단5길 37-1 (하북동) ', '전라북도 정읍시', '정읍시', '063-539-6403');
-- INSERT INTO NEWSOULMATE.ANIMAL ("desertionNo", "filename", "happenDt", "happenPlace", "kindCd", "colorCd", "age", "weight", "noticeNo", "noticeSdt", "noticeEdt", "popfile", "processState", "sexCd", "neuterYn", "specialMark", "careNm", "careTel", "careAddr", "orgNm", "chargeNm", "officetel") VALUES ('445479202200892', 'http://www.animal.go.kr/files/shelter/2022/11/202211091711263_s.jpg', TO_DATE('2022-11-09', 'YYYY-MM-DD HH24:MI:SS'), '진서면 배틀재로', '[개] 믹스견', null, '2022(60일미만)(년생)', '1.2(Kg)', '전북-부안-2022-00724', TO_DATE('2022-11-09', 'YYYY-MM-DD HH24:MI:SS'), TO_DATE('2022-11-24', 'YYYY-MM-DD HH24:MI:SS'), 'http://www.animal.go.kr/files/shelter/2022/11/202211091711263.jpg', '보호중', 'M', 'U', '어미 잃고 새끼2마리 함께 구조', '부안군 동물보호센터', '063-580-4499', '전라북도 부안군 주산면 주산로 369  부안군 동물보호센터', '전라북도 부안군', '부안군', '063-580-4499');
-- INSERT INTO NEWSOULMATE.ANIMAL ("desertionNo", "filename", "happenDt", "happenPlace", "kindCd", "colorCd", "age", "weight", "noticeNo", "noticeSdt", "noticeEdt", "popfile", "processState", "sexCd", "neuterYn", "specialMark", "careNm", "careTel", "careAddr", "orgNm", "chargeNm", "officetel") VALUES ('445464202203499', 'http://www.animal.go.kr/files/shelter/2022/11/202211101811819_s.jpg', TO_DATE('2022-11-10', 'YYYY-MM-DD HH24:MI:SS'), '여암2길 43', '[고양이] 한국 고양이', null, '2022(60일미만)(년생)', '0.3(Kg)', '전북-전주-2022-01570', TO_DATE('2022-11-10', 'YYYY-MM-DD HH24:MI:SS'), TO_DATE('2022-11-21', 'YYYY-MM-DD HH24:MI:SS'), 'http://www.animal.go.kr/files/shelter/2022/11/202211101811819.jpg', '보호중', 'M', 'N', '어미잃은 새끼양이', '행복한동물병원', '063-244-0090', '전라북도 전주시 덕진구 인후동1가 806-6', '전라북도 전주시', '김상찬', '063-281-5277');




INSERT INTO NEWSOULMATE.MEMBER (MEMBER_NO, MEMBER_ID, MEMBER_PWD, MEMBER_NAME, PHONE, EMAIL, NICKNAME, MEMBER_GRADE, MEMBER_STATUS, SHELTER_NO, RESENT_CONNECTION, ENROLL_DATE) VALUES (1, 'admin', 'admin!', '관리자', '01033886526', 'newsoulmatemaster@google.com', '관리자', 2, 'Y', null, TO_DATE('2022-11-22', 'YYYY-MM-DD HH24:MI:SS'), TO_DATE('2022-11-15', 'YYYY-MM-DD HH24:MI:SS'));
INSERT INTO NEWSOULMATE.MEMBER (MEMBER_NO, MEMBER_ID, MEMBER_PWD, MEMBER_NAME, PHONE, EMAIL, NICKNAME, MEMBER_GRADE, MEMBER_STATUS, SHELTER_NO, RESENT_CONNECTION, ENROLL_DATE) VALUES (2, 'shelter01', 'shelter01!', '진웅휘', '01033886526', 'dndgnlwls@gmail.com', 'kh보호소', 1, 'Y', 444444444444444, TO_DATE('2022-11-21', 'YYYY-MM-DD HH24:MI:SS'), TO_DATE('2022-11-21', 'YYYY-MM-DD HH24:MI:SS'));
INSERT INTO NEWSOULMATE.MEMBER (MEMBER_NO, MEMBER_ID, MEMBER_PWD, MEMBER_NAME, PHONE, EMAIL, NICKNAME, MEMBER_GRADE, MEMBER_STATUS, SHELTER_NO, RESENT_CONNECTION, ENROLL_DATE) VALUES (3, 'user01', 'user01!', '이상엽', '01023932889', 'jpsky123@naver.com', '리상엽', 0, 'Y', null, TO_DATE('2022-11-21', 'YYYY-MM-DD HH24:MI:SS'), TO_DATE('2022-11-21', 'YYYY-MM-DD HH24:MI:SS'));
INSERT INTO NEWSOULMATE.MEMBER (MEMBER_NO, MEMBER_ID, MEMBER_PWD, MEMBER_NAME, PHONE, EMAIL, NICKNAME, MEMBER_GRADE, MEMBER_STATUS, SHELTER_NO, RESENT_CONNECTION, ENROLL_DATE) VALUES (4, 'user02', 'user02!', '민경민', '01023597620', 'ahhhaaah@gmail.com', '민경민24', 0, 'Y', null, TO_DATE('2022-11-21', 'YYYY-MM-DD HH24:MI:SS'), TO_DATE('2022-11-30 04:53:38', 'YYYY-MM-DD HH24:MI:SS'));
INSERT INTO NEWSOULMATE.MEMBER (MEMBER_NO, MEMBER_ID, MEMBER_PWD, MEMBER_NAME, PHONE, EMAIL, NICKNAME, MEMBER_GRADE, MEMBER_STATUS, SHELTER_NO, RESENT_CONNECTION, ENROLL_DATE) VALUES (5, 'shelter02', 'shelter02!', '하영수', '01021558756', 'snflehdanf@gmail.com', '누리동물병원', 1, 'Y', 348535202100001, TO_DATE('2022-11-21', 'YYYY-MM-DD HH24:MI:SS'), TO_DATE('2022-11-21', 'YYYY-MM-DD HH24:MI:SS'));
INSERT INTO NEWSOULMATE.MEMBER (MEMBER_NO, MEMBER_ID, MEMBER_PWD, MEMBER_NAME, PHONE, EMAIL, NICKNAME, MEMBER_GRADE, MEMBER_STATUS, SHELTER_NO, RESENT_CONNECTION, ENROLL_DATE) VALUES (6, 'user03', 'user03!', '조승우', '01098731106', 'whtmddn@gmail.com', '조승우', 0, 'Y', null, TO_DATE('2022-11-21', 'YYYY-MM-DD HH24:MI:SS'), TO_DATE('2022-11-21', 'YYYY-MM-DD HH24:MI:SS'));
INSERT INTO NEWSOULMATE.MEMBER (MEMBER_NO, MEMBER_ID, MEMBER_PWD, MEMBER_NAME, PHONE, EMAIL, NICKNAME, MEMBER_GRADE, MEMBER_STATUS, SHELTER_NO, RESENT_CONNECTION, ENROLL_DATE) VALUES (7, 'user04', 'user04!', '윤서아', '01099224057', 'dbstjdk@naver.com', '윤서아', 0, 'Y', null, TO_DATE('2022-11-21', 'YYYY-MM-DD HH24:MI:SS'), TO_DATE('2022-11-21', 'YYYY-MM-DD HH24:MI:SS'));
INSERT INTO NEWSOULMATE.MEMBER (MEMBER_NO, MEMBER_ID, MEMBER_PWD, MEMBER_NAME, PHONE, EMAIL, NICKNAME, MEMBER_GRADE, MEMBER_STATUS, SHELTER_NO, RESENT_CONNECTION, ENROLL_DATE) VALUES (8, 'shelter03', 'shelter03!', '손흥민', '01023387792', 'eorndbrlehdanf@naver.com', '대구유기동물보호협회', 1, 'Y', 327344201600001, TO_DATE('2022-11-21', 'YYYY-MM-DD HH24:MI:SS'), TO_DATE('2022-11-21', 'YYYY-MM-DD HH24:MI:SS'));
INSERT INTO NEWSOULMATE.MEMBER (MEMBER_NO, MEMBER_ID, MEMBER_PWD, MEMBER_NAME, PHONE, EMAIL, NICKNAME, MEMBER_GRADE, MEMBER_STATUS, SHELTER_NO, RESENT_CONNECTION, ENROLL_DATE) VALUES (9, 'shelter04', 'shelter04!', '김민재', '01057920034', 'qncjstndmltk@gmail.com', '부천시수의사회', 1, 'Y', 341386201500001, TO_DATE('2022-11-21', 'YYYY-MM-DD HH24:MI:SS'), TO_DATE('2022-11-21', 'YYYY-MM-DD HH24:MI:SS'));
INSERT INTO NEWSOULMATE.MEMBER (MEMBER_NO, MEMBER_ID, MEMBER_PWD, MEMBER_NAME, PHONE, EMAIL, NICKNAME, MEMBER_GRADE, MEMBER_STATUS, SHELTER_NO, RESENT_CONNECTION, ENROLL_DATE) VALUES (10, 'shelter05', 'shelter05!', '안미엘', '01099532204', 'dksaldpf@naver.com', '미엘동물병원', 0, 'Y', null, TO_DATE('2022-11-21', 'YYYY-MM-DD HH24:MI:SS'), TO_DATE('2022-11-21', 'YYYY-MM-DD HH24:MI:SS'));
INSERT INTO NEWSOULMATE.MEMBER (MEMBER_NO, MEMBER_ID, MEMBER_PWD, MEMBER_NAME, PHONE, EMAIL, NICKNAME, MEMBER_GRADE, MEMBER_STATUS, SHELTER_NO, RESENT_CONNECTION, ENROLL_DATE) VALUES (11, 'shelter06', 'shelter06!', '서신동', '01066893350', 'tjtlsehdanf@kakao.com', '서신동물병원', 1, 'Y', 345464201100003, TO_DATE('2022-11-21', 'YYYY-MM-DD HH24:MI:SS'), TO_DATE('2022-11-21', 'YYYY-MM-DD HH24:MI:SS'));
INSERT INTO NEWSOULMATE.MEMBER (MEMBER_NO, MEMBER_ID, MEMBER_PWD, MEMBER_NAME, PHONE, EMAIL, NICKNAME, MEMBER_GRADE, MEMBER_STATUS, SHELTER_NO, RESENT_CONNECTION, ENROLL_DATE) VALUES (12, 'user05', 'user05!', '홍광호', '01099531128', 'ghdrhkdgh@naver.com', '홍광호', 0, 'Y', null, TO_DATE('2022-11-21', 'YYYY-MM-DD HH24:MI:SS'), TO_DATE('2022-11-21', 'YYYY-MM-DD HH24:MI:SS'));
INSERT INTO NEWSOULMATE.MEMBER (MEMBER_NO, MEMBER_ID, MEMBER_PWD, MEMBER_NAME, PHONE, EMAIL, NICKNAME, MEMBER_GRADE, MEMBER_STATUS, SHELTER_NO, RESENT_CONNECTION, ENROLL_DATE) VALUES (13, 'user06', 'user06!', '윤소영', '01053697124', 'dbsthdud@kakao.com', '윤소영', 0, 'Y', null, TO_DATE('2022-11-21', 'YYYY-MM-DD HH24:MI:SS'), TO_DATE('2022-11-21', 'YYYY-MM-DD HH24:MI:SS'));
INSERT INTO NEWSOULMATE.MEMBER (MEMBER_NO, MEMBER_ID, MEMBER_PWD, MEMBER_NAME, PHONE, EMAIL, NICKNAME, MEMBER_GRADE, MEMBER_STATUS, SHELTER_NO, RESENT_CONNECTION, ENROLL_DATE) VALUES (14, 'user07', 'user07!', '함서준', '01076348207', 'gkatjwns@gmail.com', '서주이', 0, 'Y', null, TO_DATE('2022-11-21', 'YYYY-MM-DD HH24:MI:SS'), TO_DATE('2022-11-21', 'YYYY-MM-DD HH24:MI:SS'));
INSERT INTO NEWSOULMATE.MEMBER (MEMBER_NO, MEMBER_ID, MEMBER_PWD, MEMBER_NAME, PHONE, EMAIL, NICKNAME, MEMBER_GRADE, MEMBER_STATUS, SHELTER_NO, RESENT_CONNECTION, ENROLL_DATE) VALUES (15, 'shelter07', 'shelter07!', '최동욱', '01064823394', 'chlenddnr@naver.com', '괴산증평보호소', 1, 'Y', 343445202200001, TO_DATE('2022-11-21', 'YYYY-MM-DD HH24:MI:SS'), TO_DATE('2022-11-21', 'YYYY-MM-DD HH24:MI:SS'));
INSERT INTO NEWSOULMATE.MEMBER (MEMBER_NO, MEMBER_ID, MEMBER_PWD, MEMBER_NAME, PHONE, EMAIL, NICKNAME, MEMBER_GRADE, MEMBER_STATUS, SHELTER_NO, RESENT_CONNECTION, ENROLL_DATE) VALUES (16, 'shelter08', 'shelter08!', '진웅희', '01012345678', 'ekskehdanf@naver.com', '다나동물병원', 1, 'Y', 342429201300002, TO_DATE('2022-11-28', 'YYYY-MM-DD HH24:MI:SS'), TO_DATE('2022-11-28', 'YYYY-MM-DD HH24:MI:SS'));
INSERT INTO NEWSOULMATE.MEMBER (MEMBER_NO, MEMBER_ID, MEMBER_PWD, MEMBER_NAME, PHONE, EMAIL, NICKNAME, MEMBER_GRADE, MEMBER_STATUS, SHELTER_NO, RESENT_CONNECTION, ENROLL_DATE) VALUES (17, 'user08', 'user08!', '이천수', '01098765462', 'cjstn@naver.com', '아이러브도그', 0, 'Y', null, TO_DATE('2022-11-28', 'YYYY-MM-DD HH24:MI:SS'), TO_DATE('2022-11-28', 'YYYY-MM-DD HH24:MI:SS'));
INSERT INTO NEWSOULMATE.MEMBER (MEMBER_NO, MEMBER_ID, MEMBER_PWD, MEMBER_NAME, PHONE, EMAIL, NICKNAME, MEMBER_GRADE, MEMBER_STATUS, SHELTER_NO, RESENT_CONNECTION, ENROLL_DATE) VALUES (18, 'shelter09', 'shelter09!', '안오산', '01056789123', 'dhtksqhghth@naver.com', '오산동물보호소', 1, 'Y', 341400200900001, TO_DATE('2022-11-28', 'YYYY-MM-DD HH24:MI:SS'), TO_DATE('2022-11-28', 'YYYY-MM-DD HH24:MI:SS'));
INSERT INTO NEWSOULMATE.MEMBER (MEMBER_NO, MEMBER_ID, MEMBER_PWD, MEMBER_NAME, PHONE, EMAIL, NICKNAME, MEMBER_GRADE, MEMBER_STATUS, SHELTER_NO, RESENT_CONNECTION, ENROLL_DATE) VALUES (19, 'user10', 'user10!', '음바페', '01032156549', 'em123@naver.com', '응밥해', 0, 'Y', null, TO_DATE('2022-11-28', 'YYYY-MM-DD HH24:MI:SS'), TO_DATE('2022-11-28', 'YYYY-MM-DD HH24:MI:SS'));
INSERT INTO NEWSOULMATE.MEMBER (MEMBER_NO, MEMBER_ID, MEMBER_PWD, MEMBER_NAME, PHONE, EMAIL, NICKNAME, MEMBER_GRADE, MEMBER_STATUS, SHELTER_NO, RESENT_CONNECTION, ENROLL_DATE) VALUES (20, 'user11', 'user11!', '윤덕배', '01012311232', 'deockdea@gmail.com', '덕배', 0, 'Y', null, TO_DATE('2022-11-28', 'YYYY-MM-DD HH24:MI:SS'), TO_DATE('2022-11-28', 'YYYY-MM-DD HH24:MI:SS'));
INSERT INTO NEWSOULMATE.MEMBER (MEMBER_NO, MEMBER_ID, MEMBER_PWD, MEMBER_NAME, PHONE, EMAIL, NICKNAME, MEMBER_GRADE, MEMBER_STATUS, SHELTER_NO, RESENT_CONNECTION, ENROLL_DATE) VALUES (21, 'shelter10', 'shelter10!', '최동물', '01032156549', 'chlehdanf@naver.com', '최동물병원', 1, 'Y', 344462200900001, TO_DATE('2022-11-28', 'YYYY-MM-DD HH24:MI:SS'), TO_DATE('2022-11-28', 'YYYY-MM-DD HH24:MI:SS'));
INSERT INTO NEWSOULMATE.MEMBER (MEMBER_NO, MEMBER_ID, MEMBER_PWD, MEMBER_NAME, PHONE, EMAIL, NICKNAME, MEMBER_GRADE, MEMBER_STATUS, SHELTER_NO, RESENT_CONNECTION, ENROLL_DATE) VALUES (22, 'user12', 'user12!', '염서학', '01032165498', 'yeomcoding@naver.com', '서하기', 0, 'Y', null, TO_DATE('2022-11-28', 'YYYY-MM-DD HH24:MI:SS'), TO_DATE('2022-11-28', 'YYYY-MM-DD HH24:MI:SS'));
INSERT INTO NEWSOULMATE.MEMBER (MEMBER_NO, MEMBER_ID, MEMBER_PWD, MEMBER_NAME, PHONE, EMAIL, NICKNAME, MEMBER_GRADE, MEMBER_STATUS, SHELTER_NO, RESENT_CONNECTION, ENROLL_DATE) VALUES (23, 'user13', 'user13!', '안정환', '01093932828', 'anjeonghwan@naver.com', '안느', 0, 'Y', null, TO_DATE('2022-11-28', 'YYYY-MM-DD HH24:MI:SS'), TO_DATE('2022-11-28', 'YYYY-MM-DD HH24:MI:SS'));
INSERT INTO NEWSOULMATE.MEMBER (MEMBER_NO, MEMBER_ID, MEMBER_PWD, MEMBER_NAME, PHONE, EMAIL, NICKNAME, MEMBER_GRADE, MEMBER_STATUS, SHELTER_NO, RESENT_CONNECTION, ENROLL_DATE) VALUES (24, 'user14', 'user14!', '루카쿠', '01023239393', 'ruru@naver.com', '쿠카쿠', 0, 'Y', null, TO_DATE('2022-11-28', 'YYYY-MM-DD HH24:MI:SS'), TO_DATE('2022-11-28', 'YYYY-MM-DD HH24:MI:SS'));
INSERT INTO NEWSOULMATE.MEMBER (MEMBER_NO, MEMBER_ID, MEMBER_PWD, MEMBER_NAME, PHONE, EMAIL, NICKNAME, MEMBER_GRADE, MEMBER_STATUS, SHELTER_NO, RESENT_CONNECTION, ENROLL_DATE) VALUES (25, 'shelter12', 'shelter12!', '정철', '01091912727', 'wjdcjf@gmail.com', '정철동물병원', 1, 'Y', 331372202000001, TO_DATE('2022-11-28', 'YYYY-MM-DD HH24:MI:SS'), TO_DATE('2022-11-28', 'YYYY-MM-DD HH24:MI:SS'));
INSERT INTO NEWSOULMATE.MEMBER (MEMBER_NO, MEMBER_ID, MEMBER_PWD, MEMBER_NAME, PHONE, EMAIL, NICKNAME, MEMBER_GRADE, MEMBER_STATUS, SHELTER_NO, RESENT_CONNECTION, ENROLL_DATE) VALUES (26, 'shelter13', 'shelter13!', '짱구', '01043435656', 'jjangooanimal@nate.com', '짱구네동물병원', 1, 'Y', 328354201900001, TO_DATE('2022-11-28', 'YYYY-MM-DD HH24:MI:SS'), TO_DATE('2022-11-28', 'YYYY-MM-DD HH24:MI:SS'));




INSERT INTO NEWSOULMATE.SUPPORT (SUPPORT_NO, SHELTER_NO, MEMBER_NO, MERCHANT_UID, AMOUNT, STATUS, PAY_TIME, DP_WD, WD_STATUS) VALUES (5000, 348535202100001, 4, 'NS_1_18:01:55.378883300', 100000, 'DONE', TO_DATE('2022-11-18', 'YYYY-MM-DD HH24:MI:SS'), 'DP', 'PENDING');
INSERT INTO NEWSOULMATE.SUPPORT (SUPPORT_NO, SHELTER_NO, MEMBER_NO, MERCHANT_UID, AMOUNT, STATUS, PAY_TIME, DP_WD, WD_STATUS) VALUES (5001, 348535202100001, 11, 'NS_1_18:09:16.552907200', 30000, 'DONE', TO_DATE('2022-11-18', 'YYYY-MM-DD HH24:MI:SS'), 'DP', 'PENDING');
INSERT INTO NEWSOULMATE.SUPPORT (SUPPORT_NO, SHELTER_NO, MEMBER_NO, MERCHANT_UID, AMOUNT, STATUS, PAY_TIME, DP_WD, WD_STATUS) VALUES (5002, 311321201800002, 4, 'NS_1_19:02:37.882739300', 20000, 'DONE', TO_DATE('2022-11-18', 'YYYY-MM-DD HH24:MI:SS'), 'DP', 'PENDING');
INSERT INTO NEWSOULMATE.SUPPORT (SUPPORT_NO, SHELTER_NO, MEMBER_NO, MERCHANT_UID, AMOUNT, STATUS, PAY_TIME, DP_WD, WD_STATUS) VALUES (5003, 341386201800004, 4, 'NS_1_19:05:36.542773300', 10000, 'DONE', TO_DATE('2022-11-18', 'YYYY-MM-DD HH24:MI:SS'), 'DP', 'DONE');
INSERT INTO NEWSOULMATE.SUPPORT (SUPPORT_NO, SHELTER_NO, MEMBER_NO, MERCHANT_UID, AMOUNT, STATUS, PAY_TIME, DP_WD, WD_STATUS) VALUES (5004, 348535202100001, 10, 'NS_1_19:11:46.253596400', 50000, 'DONE', TO_DATE('2022-11-18', 'YYYY-MM-DD HH24:MI:SS'), 'DP', 'PENDING');
INSERT INTO NEWSOULMATE.SUPPORT (SUPPORT_NO, SHELTER_NO, MEMBER_NO, MERCHANT_UID, AMOUNT, STATUS, PAY_TIME, DP_WD, WD_STATUS) VALUES (5005, 348535202100001, 13, 'NS_1_19:15:54.531510600', 30000, 'FAILED', TO_DATE('2022-11-18', 'YYYY-MM-DD HH24:MI:SS'), 'DP', 'PENDING');
INSERT INTO NEWSOULMATE.SUPPORT (SUPPORT_NO, SHELTER_NO, MEMBER_NO, MERCHANT_UID, AMOUNT, STATUS, PAY_TIME, DP_WD, WD_STATUS) VALUES (5006, 327348201500003, 4, 'NS_1_19:20:21.518571100', 50000, 'DONE', TO_DATE('2022-11-18', 'YYYY-MM-DD HH24:MI:SS'), 'DP', 'PENDING');
INSERT INTO NEWSOULMATE.SUPPORT (SUPPORT_NO, SHELTER_NO, MEMBER_NO, MERCHANT_UID, AMOUNT, STATUS, PAY_TIME, DP_WD, WD_STATUS) VALUES (5007, 341386201500001, 4, 'NS_1_19:26:27.178770100', 20000, 'DONE', TO_DATE('2022-11-18', 'YYYY-MM-DD HH24:MI:SS'), 'DP', 'PENDING');
INSERT INTO NEWSOULMATE.SUPPORT (SUPPORT_NO, SHELTER_NO, MEMBER_NO, MERCHANT_UID, AMOUNT, STATUS, PAY_TIME, DP_WD, WD_STATUS) VALUES (5008, 348535202100001, 4, 'NS_1_19:30:40.088938200', 10000, 'DONE', TO_DATE('2022-11-18', 'YYYY-MM-DD HH24:MI:SS'), 'DP', 'PENDING');
INSERT INTO NEWSOULMATE.SUPPORT (SUPPORT_NO, SHELTER_NO, MEMBER_NO, MERCHANT_UID, AMOUNT, STATUS, PAY_TIME, DP_WD, WD_STATUS) VALUES (5009, 326332201000001, 4, 'NS_1_19:40:11.289632900', 20000, 'DONE', TO_DATE('2022-11-18', 'YYYY-MM-DD HH24:MI:SS'), 'DP', 'PENDING');
INSERT INTO NEWSOULMATE.SUPPORT (SUPPORT_NO, SHELTER_NO, MEMBER_NO, MERCHANT_UID, AMOUNT, STATUS, PAY_TIME, DP_WD, WD_STATUS) VALUES (5010, 348535202100001, 12, 'NS_1_19:46:22.803747400', 50000, 'DONE', TO_DATE('2022-11-18', 'YYYY-MM-DD HH24:MI:SS'), 'DP', 'PENDING');
INSERT INTO NEWSOULMATE.SUPPORT (SUPPORT_NO, SHELTER_NO, MEMBER_NO, MERCHANT_UID, AMOUNT, STATUS, PAY_TIME, DP_WD, WD_STATUS) VALUES (5011, 341386201800004, 4, 'NS_1_19:52:01.177162800', 100000, 'PENDING', TO_DATE('2022-11-18', 'YYYY-MM-DD HH24:MI:SS'), 'DP', 'BLOCK');
INSERT INTO NEWSOULMATE.SUPPORT (SUPPORT_NO, SHELTER_NO, MEMBER_NO, MERCHANT_UID, AMOUNT, STATUS, PAY_TIME, DP_WD, WD_STATUS) VALUES (5012, 348535202100001, 3, 'NS_1_19:54:36.794199600', 50000, 'DONE', TO_DATE('2022-11-18', 'YYYY-MM-DD HH24:MI:SS'), 'DP', 'PENDING');
INSERT INTO NEWSOULMATE.SUPPORT (SUPPORT_NO, SHELTER_NO, MEMBER_NO, MERCHANT_UID, AMOUNT, STATUS, PAY_TIME, DP_WD, WD_STATUS) VALUES (5013, 341386201800004, 4, 'NS_1_19:57:24.683602100', 30000, 'DONE', TO_DATE('2022-11-19', 'YYYY-MM-DD HH24:MI:SS'), 'DP', 'PENDING');
INSERT INTO NEWSOULMATE.SUPPORT (SUPPORT_NO, SHELTER_NO, MEMBER_NO, MERCHANT_UID, AMOUNT, STATUS, PAY_TIME, DP_WD, WD_STATUS) VALUES (5014, 341406201700003, 4, 'NS_1_21:38:20.780852300', 20000, 'DONE', TO_DATE('2022-11-19', 'YYYY-MM-DD HH24:MI:SS'), 'DP', 'PENDING');
INSERT INTO NEWSOULMATE.SUPPORT (SUPPORT_NO, SHELTER_NO, MEMBER_NO, MERCHANT_UID, AMOUNT, STATUS, PAY_TIME, DP_WD, WD_STATUS) VALUES (5015, 348535202100001, 6, 'NS_1_21:10:40.852474800', 10000, 'DONE', TO_DATE('2022-11-20', 'YYYY-MM-DD HH24:MI:SS'), 'DP', 'PENDING');
INSERT INTO NEWSOULMATE.SUPPORT (SUPPORT_NO, SHELTER_NO, MEMBER_NO, MERCHANT_UID, AMOUNT, STATUS, PAY_TIME, DP_WD, WD_STATUS) VALUES (5016, 311321201800002, 5, 'NS_1_21:37:38.693015100', 50000, 'DONE', TO_DATE('2022-11-20', 'YYYY-MM-DD HH24:MI:SS'), 'DP', 'PENDING');
INSERT INTO NEWSOULMATE.SUPPORT (SUPPORT_NO, SHELTER_NO, MEMBER_NO, MERCHANT_UID, AMOUNT, STATUS, PAY_TIME, DP_WD, WD_STATUS) VALUES (5017, 348535202100001, 7, 'NS_1_22:03:32.647187300', 100000, 'DONE', TO_DATE('2022-11-20', 'YYYY-MM-DD HH24:MI:SS'), 'DP', 'PENDING');
INSERT INTO NEWSOULMATE.SUPPORT (SUPPORT_NO, SHELTER_NO, MEMBER_NO, MERCHANT_UID, AMOUNT, STATUS, PAY_TIME, DP_WD, WD_STATUS) VALUES (5018, 311321201800002, 14, 'NS_1_15:51:27.413577400', 50000, 'DONE', TO_DATE('2022-11-21', 'YYYY-MM-DD HH24:MI:SS'), 'DP', 'DONE');
INSERT INTO NEWSOULMATE.SUPPORT (SUPPORT_NO, SHELTER_NO, MEMBER_NO, MERCHANT_UID, AMOUNT, STATUS, PAY_TIME, DP_WD, WD_STATUS) VALUES (5019, 327343201500001, 4, 'NS_3_17:16:54.173510700', 10000, 'DONE', TO_DATE('2022-11-21', 'YYYY-MM-DD HH24:MI:SS'), 'DP', 'PENDING');
INSERT INTO NEWSOULMATE.SUPPORT (SUPPORT_NO, SHELTER_NO, MEMBER_NO, MERCHANT_UID, AMOUNT, STATUS, PAY_TIME, DP_WD, WD_STATUS) VALUES (5020, 311321201800002, 4, 'NS_2_10:31:03.440609', 100000, 'DONE', TO_DATE('2022-11-23', 'YYYY-MM-DD HH24:MI:SS'), 'DP', 'PENDING');
INSERT INTO NEWSOULMATE.SUPPORT (SUPPORT_NO, SHELTER_NO, MEMBER_NO, MERCHANT_UID, AMOUNT, STATUS, PAY_TIME, DP_WD, WD_STATUS) VALUES (5021, 347511202000001, 20, 'NS_1_22:42:25.495820500', 50000, 'DONE', TO_DATE('2022-11-23 22:42:25', 'YYYY-MM-DD HH24:MI:SS'), 'DP', 'PENDING');
INSERT INTO NEWSOULMATE.SUPPORT (SUPPORT_NO, SHELTER_NO, MEMBER_NO, MERCHANT_UID, AMOUNT, STATUS, PAY_TIME, DP_WD, WD_STATUS) VALUES (5022, 348535202100001, 7, 'NS_7_22:47:49.598744500', 30000, 'DONE', TO_DATE('2022-11-23 22:47:49', 'YYYY-MM-DD HH24:MI:SS'), 'DP', 'PENDING');
INSERT INTO NEWSOULMATE.SUPPORT (SUPPORT_NO, SHELTER_NO, MEMBER_NO, MERCHANT_UID, AMOUNT, STATUS, PAY_TIME, DP_WD, WD_STATUS) VALUES (5023, 348535202100001, 14, 'NS_1_11:15:36.669162100', 10000, 'DONE', TO_DATE('2022-11-26 11:15:36', 'YYYY-MM-DD HH24:MI:SS'), 'DP', 'PENDING');
INSERT INTO NEWSOULMATE.SUPPORT (SUPPORT_NO, SHELTER_NO, MEMBER_NO, MERCHANT_UID, AMOUNT, STATUS, PAY_TIME, DP_WD, WD_STATUS) VALUES (5024, 331373201200002, 4, 'NS_1_11:40:41.598836800', 50000, 'PENDING', TO_DATE('2022-11-26 11:40:41', 'YYYY-MM-DD HH24:MI:SS'), 'DP', 'BLOCK');
INSERT INTO NEWSOULMATE.SUPPORT (SUPPORT_NO, SHELTER_NO, MEMBER_NO, MERCHANT_UID, AMOUNT, STATUS, PAY_TIME, DP_WD, WD_STATUS) VALUES (5025, 348535202100001, 6, 'NS_1_10:30:08.027752600', 5000, 'DONE', TO_DATE('2022-11-27 10:30:08', 'YYYY-MM-DD HH24:MI:SS'), 'DP', 'PENDING');
INSERT INTO NEWSOULMATE.SUPPORT (SUPPORT_NO, SHELTER_NO, MEMBER_NO, MERCHANT_UID, AMOUNT, STATUS, PAY_TIME, DP_WD, WD_STATUS) VALUES (5026, 311324201700002, 1, 'NS_1_15:38:11.757043100', 50000, 'PENDING', TO_DATE('2022-11-27 15:38:11', 'YYYY-MM-DD HH24:MI:SS'), 'DP', 'BLOCK');
INSERT INTO NEWSOULMATE.SUPPORT (SUPPORT_NO, SHELTER_NO, MEMBER_NO, MERCHANT_UID, AMOUNT, STATUS, PAY_TIME, DP_WD, WD_STATUS) VALUES (5027, 348535202100001, 3, 'NS_3_17:30:14.802645700', 5000, 'DONE', TO_DATE('2022-11-27 17:30:14', 'YYYY-MM-DD HH24:MI:SS'), 'DP', 'PENDING');
INSERT INTO NEWSOULMATE.SUPPORT (SUPPORT_NO, SHELTER_NO, MEMBER_NO, MERCHANT_UID, AMOUNT, STATUS, PAY_TIME, DP_WD, WD_STATUS) VALUES (5028, 341386200900001, 22, 'NS_3_17:31:50.784941300', 100000, 'DONE', TO_DATE('2022-11-27 17:31:50', 'YYYY-MM-DD HH24:MI:SS'), 'DP', 'PENDING');
INSERT INTO NEWSOULMATE.SUPPORT (SUPPORT_NO, SHELTER_NO, MEMBER_NO, MERCHANT_UID, AMOUNT, STATUS, PAY_TIME, DP_WD, WD_STATUS) VALUES (5029, 348535202100001, 3, 'NS_3_17:33:31.882304', 30000, 'DONE', TO_DATE('2022-11-27 17:33:31', 'YYYY-MM-DD HH24:MI:SS'), 'DP', 'PENDING');
INSERT INTO NEWSOULMATE.SUPPORT (SUPPORT_NO, SHELTER_NO, MEMBER_NO, MERCHANT_UID, AMOUNT, STATUS, PAY_TIME, DP_WD, WD_STATUS) VALUES (5030, 327348201500002, 4, 'NS_3_17:34:25.258119400', 20000, 'FAILED', TO_DATE('2022-11-27 17:34:25', 'YYYY-MM-DD HH24:MI:SS'), 'DP', 'BLOCK');
INSERT INTO NEWSOULMATE.SUPPORT (SUPPORT_NO, SHELTER_NO, MEMBER_NO, MERCHANT_UID, AMOUNT, STATUS, PAY_TIME, DP_WD, WD_STATUS) VALUES (5031, 348535202100001, 22, 'NS_3_17:35:08.903398500', 20000, 'DONE', TO_DATE('2022-11-28 17:35:08', 'YYYY-MM-DD HH24:MI:SS'), 'DP', 'PENDING');
INSERT INTO NEWSOULMATE.SUPPORT (SUPPORT_NO, SHELTER_NO, MEMBER_NO, MERCHANT_UID, AMOUNT, STATUS, PAY_TIME, DP_WD, WD_STATUS) VALUES (5032, 341386201800001, 3, 'NS_3_17:35:45.097602300', 5000, 'DONE', TO_DATE('2022-11-28 17:35:45', 'YYYY-MM-DD HH24:MI:SS'), 'DP', 'PENDING');
INSERT INTO NEWSOULMATE.SUPPORT (SUPPORT_NO, SHELTER_NO, MEMBER_NO, MERCHANT_UID, AMOUNT, STATUS, PAY_TIME, DP_WD, WD_STATUS) VALUES (5033, 348535202100001, 22, 'NS_3_17:36:18.008400900', 50000, 'DONE', TO_DATE('2022-11-28 17:36:18', 'YYYY-MM-DD HH24:MI:SS'), 'DP', 'PENDING');
INSERT INTO NEWSOULMATE.SUPPORT (SUPPORT_NO, SHELTER_NO, MEMBER_NO, MERCHANT_UID, AMOUNT, STATUS, PAY_TIME, DP_WD, WD_STATUS) VALUES (5034, 345467201000001, 4, 'NS_3_17:36:53.317405', 10000, 'DONE', TO_DATE('2022-11-28 17:36:53', 'YYYY-MM-DD HH24:MI:SS'), 'DP', 'PENDING');
INSERT INTO NEWSOULMATE.SUPPORT (SUPPORT_NO, SHELTER_NO, MEMBER_NO, MERCHANT_UID, AMOUNT, STATUS, PAY_TIME, DP_WD, WD_STATUS) VALUES (5035, 348535202100001, 3, 'NS_3_17:37:32.740980200', 5000, 'PENDING', TO_DATE('2022-11-28 17:37:32', 'YYYY-MM-DD HH24:MI:SS'), 'DP', 'BLOCK');
INSERT INTO NEWSOULMATE.SUPPORT (SUPPORT_NO, SHELTER_NO, MEMBER_NO, MERCHANT_UID, AMOUNT, STATUS, PAY_TIME, DP_WD, WD_STATUS) VALUES (5036, 328354201700003, 4, 'NS_3_17:38:15.293398700', 50000, 'DONE', TO_DATE('2022-11-28 17:38:15', 'YYYY-MM-DD HH24:MI:SS'), 'DP', 'PENDING');
INSERT INTO NEWSOULMATE.SUPPORT (SUPPORT_NO, SHELTER_NO, MEMBER_NO, MERCHANT_UID, AMOUNT, STATUS, PAY_TIME, DP_WD, WD_STATUS) VALUES (5037, 348535202100001, 22, 'NS_3_17:38:50.654632500', 50000, 'FAILED', TO_DATE('2022-11-28 17:38:50', 'YYYY-MM-DD HH24:MI:SS'), 'DP', 'BLOCK');
INSERT INTO NEWSOULMATE.SUPPORT (SUPPORT_NO, SHELTER_NO, MEMBER_NO, MERCHANT_UID, AMOUNT, STATUS, PAY_TIME, DP_WD, WD_STATUS) VALUES (5038, 344451201300001, 4, 'NS_3_17:39:33.414574500', 5000, 'DONE', TO_DATE('2022-11-28 17:39:33', 'YYYY-MM-DD HH24:MI:SS'), 'DP', 'PENDING');
INSERT INTO NEWSOULMATE.SUPPORT (SUPPORT_NO, SHELTER_NO, MEMBER_NO, MERCHANT_UID, AMOUNT, STATUS, PAY_TIME, DP_WD, WD_STATUS) VALUES (5039, 328350202100001, 4, 'NS_3_17:40:03.968429600', 30000, 'DONE', TO_DATE('2022-11-28 17:40:03', 'YYYY-MM-DD HH24:MI:SS'), 'DP', 'PENDING');
INSERT INTO NEWSOULMATE.SUPPORT (SUPPORT_NO, SHELTER_NO, MEMBER_NO, MERCHANT_UID, AMOUNT, STATUS, PAY_TIME, DP_WD, WD_STATUS) VALUES (5040, 341406201700003, 22, 'NS_3_17:40:47.584213400', 20000, 'DONE', TO_DATE('2022-11-28 17:40:47', 'YYYY-MM-DD HH24:MI:SS'), 'DP', 'PENDING');
INSERT INTO NEWSOULMATE.SUPPORT (SUPPORT_NO, SHELTER_NO, MEMBER_NO, MERCHANT_UID, AMOUNT, STATUS, PAY_TIME, DP_WD, WD_STATUS) VALUES (5041, 328358201000001, 19, 'NS_3_17:41:39.640730600', 100000, 'DONE', TO_DATE('2022-11-28 17:41:39', 'YYYY-MM-DD HH24:MI:SS'), 'DP', 'PENDING');
INSERT INTO NEWSOULMATE.SUPPORT (SUPPORT_NO, SHELTER_NO, MEMBER_NO, MERCHANT_UID, AMOUNT, STATUS, PAY_TIME, DP_WD, WD_STATUS) VALUES (5042, 327343201500003, 4, 'NS_4_17:19:34.824168600', 5000, 'DONE', TO_DATE('2022-11-29 17:19:34', 'YYYY-MM-DD HH24:MI:SS'), 'DP', 'PENDING');
INSERT INTO NEWSOULMATE.SUPPORT (SUPPORT_NO, SHELTER_NO, MEMBER_NO, MERCHANT_UID, AMOUNT, STATUS, PAY_TIME, DP_WD, WD_STATUS) VALUES (5043, 348535202100001, 20, 'NS_4_01:00:01.538829900', 10000, 'PENDING', TO_DATE('2022-11-30 01:00:01', 'YYYY-MM-DD HH24:MI:SS'), 'DP', 'BLOCK');
INSERT INTO NEWSOULMATE.SUPPORT (SUPPORT_NO, SHELTER_NO, MEMBER_NO, MERCHANT_UID, AMOUNT, STATUS, PAY_TIME, DP_WD, WD_STATUS) VALUES (5044, 311321201800002, 4, 'NS_4_01:03:07.535485400', 5000, 'DONE', TO_DATE('2022-11-30 01:03:07', 'YYYY-MM-DD HH24:MI:SS'), 'DP', 'PENDING');


INSERT INTO NEWSOULMATE.GRADE_UP (GRADE_NO, MEMBER_NO, SHELTER_NO, FILE_NO, SHELTER_TEL, SHELTER_LANDLINE, SHELTER_COMP_NO, GRADE_STATUS, SHELTER_ADDRESS) VALUES (SQ_GRADEUP_PK.nextval, 5, 348535202100001, 10005, '01056558792', '0517017599', '1728018274', 'Y', '부산광역시 해운대구 송정2로13번길 46 (송정동)');
INSERT INTO NEWSOULMATE.SUBSCRIPTION(SUB_NO, MEMBER_NO, SHELTER_NO, ANIMAL_NO, TEL_NUM, NAME, GENDER, ADOPT_REASON, FAMILY_AGREEMENT, WHEN_SICK, BIG_DUTY, WISH_DATE, SUB_READ,SUB_DATE) VALUES (SQ_SUBSCRIPTION_PK.nextval,2,311322202100003,1111,1111111111111,'염서학','M','그냥그냥그냥그냥그냥그냥그냥그냥그냥그냥그냥그냥그냥','그냥그냥그냥그냥그냥그냥그냥그냥그냥그냥그냥그냥그냥그냥','그냥그냥그냥그냥그냥그냥그냥그냥그냥그냥그냥그냥그냥그냥','그냥그냥그냥그냥그냥그냥그냥그냥그냥그냥그냥그냥그냥그냥','2022-12-12','N',SYSDATE);


INSERT INTO NEWSOULMATE.ANIMAL ("desertionNo", "filename", "happenDt", "happenPlace", "kindCd", "colorCd", "age", "weight", "noticeNo", "noticeSdt", "noticeEdt", "popfile", "processState", "sexCd", "neuterYn", "specialMark", "careNm", "careTel", "careAddr", "orgNm", "chargeNm", "officetel") values ('1111111111111', '/file/resources/board_upfiles/2022/11/30/example.jpg', TO_DATE('2022-11-09', 'YYYY-MM-DD HH24:MI:SS'), '군위군 의흥면 수서1길 45 인근', '[개] 치와와', null, '2021(년생)', '1.8(Kg)', '경북-군위-2022-00128', TO_DATE('2022-11-09', 'YYYY-MM-DD HH24:MI:SS'), TO_DATE('2022-11-21', 'YYYY-MM-DD HH24:MI:SS'), '/file/resources/board_upfiles/2022/11/30/example.jpg', '보호중', 'M', 'N', '귀여움, 사람에 대한 경계심이 조금 없음.', 'KH동물병원', '010-3388-6526', '경상북도 군위군 군위읍 중앙1길 17 (군위읍) ', '경상북도 군위군', '군위군', '054-380-6183');



INSERT ALL
INTO NEWSOULMATE.CATEGORY VALUES (1,'광고',3)
INTO NEWSOULMATE.CATEGORY VALUES(2,'도배',3)
INTO NEWSOULMATE.CATEGORY VALUES(3,'음란물',3)
INTO NEWSOULMATE.CATEGORY VALUES(4,'욕설',3)
INTO NEWSOULMATE.CATEGORY VALUES(5,'개인정보침해',3)
INTO NEWSOULMATE.CATEGORY VALUES(6,'저작권침해',3)
INTO NEWSOULMATE.CATEGORY VALUES(7,'기타',3)
INTO NEWSOULMATE.CATEGORY VALUES(8,'보호소문의',4)
INTO NEWSOULMATE.CATEGORY VALUES(9,'입양문의',4)
INTO NEWSOULMATE.CATEGORY VALUES(10,'봉사문의',4)
INTO NEWSOULMATE.CATEGORY VALUES(11,'건의사항',4)
INTO NEWSOULMATE.CATEGORY VALUES(12,'기타문의',4)
SELECT * FROM DUAL;

INSERT ALL
INTO NEWSOULMATE.BOARD_TYPE VALUES(1,'봉사후기')
INTO NEWSOULMATE.BOARD_TYPE VALUES(2,'입양후기')
INTO NEWSOULMATE.BOARD_TYPE VALUES(3,'신고')
INTO NEWSOULMATE.BOARD_TYPE VALUES(4,'문의')
INTO NEWSOULMATE.BOARD_TYPE VALUES(5,'FaQ')
SELECT * FROM DUAL;
commit;
