
INSERT INTO NEWSOULMATE.CITY (CITY_NO, CITY_NAME) VALUES (6270000, '대구광역시');
INSERT INTO NEWSOULMATE.CITY (CITY_NO, CITY_NAME) VALUES (6280000, '인천광역시');
INSERT INTO NEWSOULMATE.CITY (CITY_NO, CITY_NAME) VALUES (6290000, '광주광역시');
INSERT INTO NEWSOULMATE.CITY (CITY_NO, CITY_NAME) VALUES (5690000, '세종특별자치시');
INSERT INTO NEWSOULMATE.CITY (CITY_NO, CITY_NAME) VALUES (6310000, '울산광역시');
INSERT INTO NEWSOULMATE.CITY (CITY_NO, CITY_NAME) VALUES (6410000, '경기도');
INSERT INTO NEWSOULMATE.CITY (CITY_NO, CITY_NAME) VALUES (6420000, '강원도');
INSERT INTO NEWSOULMATE.CITY (CITY_NO, CITY_NAME) VALUES (6430000, '충청북도');
INSERT INTO NEWSOULMATE.CITY (CITY_NO, CITY_NAME) VALUES (6440000, '충청남도');
INSERT INTO NEWSOULMATE.CITY (CITY_NO, CITY_NAME) VALUES (6450000, '전라북도');
INSERT INTO NEWSOULMATE.CITY (CITY_NO, CITY_NAME) VALUES (6460000, '전라남도');
INSERT INTO NEWSOULMATE.CITY (CITY_NO, CITY_NAME) VALUES (6470000, '경상북도');
INSERT INTO NEWSOULMATE.CITY (CITY_NO, CITY_NAME) VALUES (6480000, '경상남도');
INSERT INTO NEWSOULMATE.CITY (CITY_NO, CITY_NAME) VALUES (6500000, '제주특별자치도');
INSERT INTO NEWSOULMATE.CITY (CITY_NO, CITY_NAME) VALUES (6110000, '서울특별시');
INSERT INTO NEWSOULMATE.CITY (CITY_NO, CITY_NAME) VALUES (6260000, '부산광역시');

INSERT INTO NEWSOULMATE.BREED (BREED_NO, BREED_NAME, SPECIES_NO) VALUES (170, '노르웨이 숲', 417000);
INSERT INTO NEWSOULMATE.BREED (BREED_NO, BREED_NAME, SPECIES_NO) VALUES (171, '데본 렉스', 417000);
INSERT INTO NEWSOULMATE.BREED (BREED_NO, BREED_NAME, SPECIES_NO) VALUES (172, '러시안 블루', 417000);
INSERT INTO NEWSOULMATE.BREED (BREED_NO, BREED_NAME, SPECIES_NO) VALUES (213, '레그돌', 417000);
INSERT INTO NEWSOULMATE.BREED (BREED_NO, BREED_NAME, SPECIES_NO) VALUES (173, '레그돌-라가머핀', 417000);
INSERT INTO NEWSOULMATE.BREED (BREED_NO, BREED_NAME, SPECIES_NO) VALUES (174, '맹크스', 417000);
INSERT INTO NEWSOULMATE.BREED (BREED_NO, BREED_NAME, SPECIES_NO) VALUES (175, '먼치킨', 417000);
INSERT INTO NEWSOULMATE.BREED (BREED_NO, BREED_NAME, SPECIES_NO) VALUES (176, '메인쿤', 417000);
INSERT INTO NEWSOULMATE.BREED (BREED_NO, BREED_NAME, SPECIES_NO) VALUES (212, '믹스묘', 417000);
INSERT INTO NEWSOULMATE.BREED (BREED_NO, BREED_NAME, SPECIES_NO) VALUES (177, '발리네즈', 417000);
INSERT INTO NEWSOULMATE.BREED (BREED_NO, BREED_NAME, SPECIES_NO) VALUES (178, '버만', 417000);
INSERT INTO NEWSOULMATE.BREED (BREED_NO, BREED_NAME, SPECIES_NO) VALUES (179, '벵갈', 417000);
INSERT INTO NEWSOULMATE.BREED (BREED_NO, BREED_NAME, SPECIES_NO) VALUES (180, '봄베이', 417000);
INSERT INTO NEWSOULMATE.BREED (BREED_NO, BREED_NAME, SPECIES_NO) VALUES (216, '브리티쉬롱헤어', 417000);
INSERT INTO NEWSOULMATE.BREED (BREED_NO, BREED_NAME, SPECIES_NO) VALUES (181, '브리티시 쇼트헤어', 417000);
INSERT INTO NEWSOULMATE.BREED (BREED_NO, BREED_NAME, SPECIES_NO) VALUES (182, '사바나캣', 417000);
INSERT INTO NEWSOULMATE.BREED (BREED_NO, BREED_NAME, SPECIES_NO) VALUES (183, '샤트룩스', 417000);
INSERT INTO NEWSOULMATE.BREED (BREED_NO, BREED_NAME, SPECIES_NO) VALUES (184, '샴', 417000);
INSERT INTO NEWSOULMATE.BREED (BREED_NO, BREED_NAME, SPECIES_NO) VALUES (185, '셀커크 렉스', 417000);
INSERT INTO NEWSOULMATE.BREED (BREED_NO, BREED_NAME, SPECIES_NO) VALUES (186, '소말리', 417000);
INSERT INTO NEWSOULMATE.BREED (BREED_NO, BREED_NAME, SPECIES_NO) VALUES (187, '스노우 슈', 417000);
INSERT INTO NEWSOULMATE.BREED (BREED_NO, BREED_NAME, SPECIES_NO) VALUES (188, '스코티시폴드', 417000);
INSERT INTO NEWSOULMATE.BREED (BREED_NO, BREED_NAME, SPECIES_NO) VALUES (189, '스핑크스', 417000);
INSERT INTO NEWSOULMATE.BREED (BREED_NO, BREED_NAME, SPECIES_NO) VALUES (190, '시베리안 포레스트', 417000);
INSERT INTO NEWSOULMATE.BREED (BREED_NO, BREED_NAME, SPECIES_NO) VALUES (191, '싱가퓨라', 417000);
INSERT INTO NEWSOULMATE.BREED (BREED_NO, BREED_NAME, SPECIES_NO) VALUES (192, '아메리칸 쇼트헤어', 417000);
INSERT INTO NEWSOULMATE.BREED (BREED_NO, BREED_NAME, SPECIES_NO) VALUES (193, '아비시니안', 417000);
INSERT INTO NEWSOULMATE.BREED (BREED_NO, BREED_NAME, SPECIES_NO) VALUES (194, '재패니즈밥테일', 417000);
INSERT INTO NEWSOULMATE.BREED (BREED_NO, BREED_NAME, SPECIES_NO) VALUES (195, '터키시 앙고라', 417000);
INSERT INTO NEWSOULMATE.BREED (BREED_NO, BREED_NAME, SPECIES_NO) VALUES (196, '통키니즈', 417000);
INSERT INTO NEWSOULMATE.BREED (BREED_NO, BREED_NAME, SPECIES_NO) VALUES (214, '페르시안', 417000);
INSERT INTO NEWSOULMATE.BREED (BREED_NO, BREED_NAME, SPECIES_NO) VALUES (197, '페르시안-페르시안 친칠라', 417000);
INSERT INTO NEWSOULMATE.BREED (BREED_NO, BREED_NAME, SPECIES_NO) VALUES (198, '하바나 브라운', 417000);
INSERT INTO NEWSOULMATE.BREED (BREED_NO, BREED_NAME, SPECIES_NO) VALUES (199, '하일랜드 폴드', 417000);
INSERT INTO NEWSOULMATE.BREED (BREED_NO, BREED_NAME, SPECIES_NO) VALUES (200, '한국 고양이', 417000);
INSERT INTO NEWSOULMATE.BREED (BREED_NO, BREED_NAME, SPECIES_NO) VALUES (117, '기타축종', 429900);
INSERT INTO NEWSOULMATE.BREED (BREED_NO, BREED_NAME, SPECIES_NO) VALUES (54, '골든 리트리버', 417000);
INSERT INTO NEWSOULMATE.BREED (BREED_NO, BREED_NAME, SPECIES_NO) VALUES (56, '그레이 하운드', 417000);
INSERT INTO NEWSOULMATE.BREED (BREED_NO, BREED_NAME, SPECIES_NO) VALUES (55, '그레이트 덴', 417000);
INSERT INTO NEWSOULMATE.BREED (BREED_NO, BREED_NAME, SPECIES_NO) VALUES (118, '그레이트 피레니즈', 417000);
INSERT INTO NEWSOULMATE.BREED (BREED_NO, BREED_NAME, SPECIES_NO) VALUES (115, '기타', 417000);
INSERT INTO NEWSOULMATE.BREED (BREED_NO, BREED_NAME, SPECIES_NO) VALUES (37, '꼬똥 드 뚤레아', 417000);
INSERT INTO NEWSOULMATE.BREED (BREED_NO, BREED_NAME, SPECIES_NO) VALUES (81, '네오폴리탄 마스티프', 417000);
INSERT INTO NEWSOULMATE.BREED (BREED_NO, BREED_NAME, SPECIES_NO) VALUES (204, '노르포크 테리어', 417000);
INSERT INTO NEWSOULMATE.BREED (BREED_NO, BREED_NAME, SPECIES_NO) VALUES (83, '노리치 테리어', 417000);
INSERT INTO NEWSOULMATE.BREED (BREED_NO, BREED_NAME, SPECIES_NO) VALUES (82, '뉴펀들랜드', 417000);
INSERT INTO NEWSOULMATE.BREED (BREED_NO, BREED_NAME, SPECIES_NO) VALUES (38, '닥스훈트', 417000);
INSERT INTO NEWSOULMATE.BREED (BREED_NO, BREED_NAME, SPECIES_NO) VALUES (39, '달마시안', 417000);
INSERT INTO NEWSOULMATE.BREED (BREED_NO, BREED_NAME, SPECIES_NO) VALUES (40, '댄디 딘몬트 테리어', 417000);
INSERT INTO NEWSOULMATE.BREED (BREED_NO, BREED_NAME, SPECIES_NO) VALUES (43, '도고 까니리오', 417000);
INSERT INTO NEWSOULMATE.BREED (BREED_NO, BREED_NAME, SPECIES_NO) VALUES (42, '도고 아르젠티노', 417000);
INSERT INTO NEWSOULMATE.BREED (BREED_NO, BREED_NAME, SPECIES_NO) VALUES (153, '도고 아르젠티노', 417000);
INSERT INTO NEWSOULMATE.BREED (BREED_NO, BREED_NAME, SPECIES_NO) VALUES (41, '도베르만', 417000);
INSERT INTO NEWSOULMATE.BREED (BREED_NO, BREED_NAME, SPECIES_NO) VALUES (120, '도사', 417000);
INSERT INTO NEWSOULMATE.BREED (BREED_NO, BREED_NAME, SPECIES_NO) VALUES (155, '동경견', 417000);
INSERT INTO NEWSOULMATE.BREED (BREED_NO, BREED_NAME, SPECIES_NO) VALUES (69, '라브라도 리트리버', 417000);
INSERT INTO NEWSOULMATE.BREED (BREED_NO, BREED_NAME, SPECIES_NO) VALUES (71, '라사 압소', 417000);
INSERT INTO NEWSOULMATE.BREED (BREED_NO, BREED_NAME, SPECIES_NO) VALUES (142, '라이카', 417000);
INSERT INTO NEWSOULMATE.BREED (BREED_NO, BREED_NAME, SPECIES_NO) VALUES (93, '래빗 닥스훈드', 417000);
INSERT INTO NEWSOULMATE.BREED (BREED_NO, BREED_NAME, SPECIES_NO) VALUES (167, '랫 테리어', 417000);
INSERT INTO NEWSOULMATE.BREED (BREED_NO, BREED_NAME, SPECIES_NO) VALUES (70, '레이크랜드 테리어', 417000);
INSERT INTO NEWSOULMATE.BREED (BREED_NO, BREED_NAME, SPECIES_NO) VALUES (166, '로디지안 리즈백 ', 417000);
INSERT INTO NEWSOULMATE.BREED (BREED_NO, BREED_NAME, SPECIES_NO) VALUES (121, '로트와일러', 417000);
INSERT INTO NEWSOULMATE.BREED (BREED_NO, BREED_NAME, SPECIES_NO) VALUES (94, '로트와일러', 417000);
INSERT INTO NEWSOULMATE.BREED (BREED_NO, BREED_NAME, SPECIES_NO) VALUES (152, '마리노이즈', 417000);
INSERT INTO NEWSOULMATE.BREED (BREED_NO, BREED_NAME, SPECIES_NO) VALUES (73, '마스티프', 417000);
INSERT INTO NEWSOULMATE.BREED (BREED_NO, BREED_NAME, SPECIES_NO) VALUES (146, '말라뮤트', 417000);
INSERT INTO NEWSOULMATE.BREED (BREED_NO, BREED_NAME, SPECIES_NO) VALUES (72, '말티즈', 417000);
INSERT INTO NEWSOULMATE.BREED (BREED_NO, BREED_NAME, SPECIES_NO) VALUES (159, '맨체스터테리어', 417000);
INSERT INTO NEWSOULMATE.BREED (BREED_NO, BREED_NAME, SPECIES_NO) VALUES (76, '미니어쳐 닥스훈트', 417000);
INSERT INTO NEWSOULMATE.BREED (BREED_NO, BREED_NAME, SPECIES_NO) VALUES (75, '미니어쳐 불 테리어', 417000);
INSERT INTO NEWSOULMATE.BREED (BREED_NO, BREED_NAME, SPECIES_NO) VALUES (79, '미니어쳐 슈나우저', 417000);
INSERT INTO NEWSOULMATE.BREED (BREED_NO, BREED_NAME, SPECIES_NO) VALUES (78, '미니어쳐 푸들', 417000);
INSERT INTO NEWSOULMATE.BREED (BREED_NO, BREED_NAME, SPECIES_NO) VALUES (77, '미니어쳐 핀셔', 417000);
INSERT INTO NEWSOULMATE.BREED (BREED_NO, BREED_NAME, SPECIES_NO) VALUES (74, '미디엄 푸들', 417000);
INSERT INTO NEWSOULMATE.BREED (BREED_NO, BREED_NAME, SPECIES_NO) VALUES (80, '미텔 스피츠', 417000);
INSERT INTO NEWSOULMATE.BREED (BREED_NO, BREED_NAME, SPECIES_NO) VALUES (114, '믹스견', 417000);
INSERT INTO NEWSOULMATE.BREED (BREED_NO, BREED_NAME, SPECIES_NO) VALUES (133, '바센지', 417000);
INSERT INTO NEWSOULMATE.BREED (BREED_NO, BREED_NAME, SPECIES_NO) VALUES (12, '바셋 하운드', 417000);
INSERT INTO NEWSOULMATE.BREED (BREED_NO, BREED_NAME, SPECIES_NO) VALUES (17, '버니즈 마운틴 독', 417000);
INSERT INTO NEWSOULMATE.BREED (BREED_NO, BREED_NAME, SPECIES_NO) VALUES (15, '베들링턴 테리어', 417000);
INSERT INTO NEWSOULMATE.BREED (BREED_NO, BREED_NAME, SPECIES_NO) VALUES (164, '벨기에 그로넨달', 417000);
INSERT INTO NEWSOULMATE.BREED (BREED_NO, BREED_NAME, SPECIES_NO) VALUES (157, '벨기에 쉽독', 417000);
INSERT INTO NEWSOULMATE.BREED (BREED_NO, BREED_NAME, SPECIES_NO) VALUES (148, '벨기에 테뷰런', 417000);
INSERT INTO NEWSOULMATE.BREED (BREED_NO, BREED_NAME, SPECIES_NO) VALUES (16, '벨지안 셰퍼드 독', 417000);
INSERT INTO NEWSOULMATE.BREED (BREED_NO, BREED_NAME, SPECIES_NO) VALUES (20, '보더 콜리', 417000);
INSERT INTO NEWSOULMATE.BREED (BREED_NO, BREED_NAME, SPECIES_NO) VALUES (21, '보르조이', 417000);
INSERT INTO NEWSOULMATE.BREED (BREED_NO, BREED_NAME, SPECIES_NO) VALUES (22, '보스턴 테리어', 417000);
INSERT INTO NEWSOULMATE.BREED (BREED_NO, BREED_NAME, SPECIES_NO) VALUES (24, '복서', 417000);
INSERT INTO NEWSOULMATE.BREED (BREED_NO, BREED_NAME, SPECIES_NO) VALUES (208, '볼로네즈', 417000);
INSERT INTO NEWSOULMATE.BREED (BREED_NO, BREED_NAME, SPECIES_NO) VALUES (23, '부비에 데 플랑드르', 417000);
INSERT INTO NEWSOULMATE.BREED (BREED_NO, BREED_NAME, SPECIES_NO) VALUES (26, '불 테리어', 417000);
INSERT INTO NEWSOULMATE.BREED (BREED_NO, BREED_NAME, SPECIES_NO) VALUES (27, '불독', 417000);
INSERT INTO NEWSOULMATE.BREED (BREED_NO, BREED_NAME, SPECIES_NO) VALUES (169, '브뤼셀그리펀', 417000);
INSERT INTO NEWSOULMATE.BREED (BREED_NO, BREED_NAME, SPECIES_NO) VALUES (25, '브리타니 스파니엘', 417000);
INSERT INTO NEWSOULMATE.BREED (BREED_NO, BREED_NAME, SPECIES_NO) VALUES (19, '블랙 테리어', 417000);
INSERT INTO NEWSOULMATE.BREED (BREED_NO, BREED_NAME, SPECIES_NO) VALUES (13, '비글', 417000);
INSERT INTO NEWSOULMATE.BREED (BREED_NO, BREED_NAME, SPECIES_NO) VALUES (18, '비숑 프리제', 417000);
INSERT INTO NEWSOULMATE.BREED (BREED_NO, BREED_NAME, SPECIES_NO) VALUES (14, '비어디드 콜리', 417000);
INSERT INTO NEWSOULMATE.BREED (BREED_NO, BREED_NAME, SPECIES_NO) VALUES (162, '비즐라', 417000);
INSERT INTO NEWSOULMATE.BREED (BREED_NO, BREED_NAME, SPECIES_NO) VALUES (85, '빠삐용', 417000);
INSERT INTO NEWSOULMATE.BREED (BREED_NO, BREED_NAME, SPECIES_NO) VALUES (96, '사모예드', 417000);
INSERT INTO NEWSOULMATE.BREED (BREED_NO, BREED_NAME, SPECIES_NO) VALUES (95, '살루키', 417000);
INSERT INTO NEWSOULMATE.BREED (BREED_NO, BREED_NAME, SPECIES_NO) VALUES (1, '삽살개', 417000);
INSERT INTO NEWSOULMATE.BREED (BREED_NO, BREED_NAME, SPECIES_NO) VALUES (34, '샤페이', 417000);
INSERT INTO NEWSOULMATE.BREED (BREED_NO, BREED_NAME, SPECIES_NO) VALUES (104, '세인트 버나드', 417000);
INSERT INTO NEWSOULMATE.BREED (BREED_NO, BREED_NAME, SPECIES_NO) VALUES (31, '센트럴 아시안 오브차카', 417000);
INSERT INTO NEWSOULMATE.BREED (BREED_NO, BREED_NAME, SPECIES_NO) VALUES (99, '셔틀랜드 쉽독', 417000);
INSERT INTO NEWSOULMATE.BREED (BREED_NO, BREED_NAME, SPECIES_NO) VALUES (122, '셰퍼드', 417000);
INSERT INTO NEWSOULMATE.BREED (BREED_NO, BREED_NAME, SPECIES_NO) VALUES (123, '슈나우져', 417000);
INSERT INTO NEWSOULMATE.BREED (BREED_NO, BREED_NAME, SPECIES_NO) VALUES (97, '스코티쉬 테리어', 417000);
INSERT INTO NEWSOULMATE.BREED (BREED_NO, BREED_NAME, SPECIES_NO) VALUES (132, '스코티시 디어하운드', 417000);
INSERT INTO NEWSOULMATE.BREED (BREED_NO, BREED_NAME, SPECIES_NO) VALUES (154, '스태퍼드셔 불 테리어', 417000);
INSERT INTO NEWSOULMATE.BREED (BREED_NO, BREED_NAME, SPECIES_NO) VALUES (105, '스탠다드 푸들', 417000);
INSERT INTO NEWSOULMATE.BREED (BREED_NO, BREED_NAME, SPECIES_NO) VALUES (124, '스피츠', 417000);
INSERT INTO NEWSOULMATE.BREED (BREED_NO, BREED_NAME, SPECIES_NO) VALUES (100, '시바', 417000);
INSERT INTO NEWSOULMATE.BREED (BREED_NO, BREED_NAME, SPECIES_NO) VALUES (103, '시베리안 허스키', 417000);
INSERT INTO NEWSOULMATE.BREED (BREED_NO, BREED_NAME, SPECIES_NO) VALUES (151, '시베리안라이카', 417000);
INSERT INTO NEWSOULMATE.BREED (BREED_NO, BREED_NAME, SPECIES_NO) VALUES (139, '시잉프랑세즈', 417000);
INSERT INTO NEWSOULMATE.BREED (BREED_NO, BREED_NAME, SPECIES_NO) VALUES (101, '시츄', 417000);
INSERT INTO NEWSOULMATE.BREED (BREED_NO, BREED_NAME, SPECIES_NO) VALUES (102, '시코쿠', 417000);
INSERT INTO NEWSOULMATE.BREED (BREED_NO, BREED_NAME, SPECIES_NO) VALUES (98, '실리햄 테리어', 417000);
INSERT INTO NEWSOULMATE.BREED (BREED_NO, BREED_NAME, SPECIES_NO) VALUES (136, '실키테리어', 417000);
INSERT INTO NEWSOULMATE.BREED (BREED_NO, BREED_NAME, SPECIES_NO) VALUES (202, '아나톨리안 셰퍼드', 417000);
INSERT INTO NEWSOULMATE.BREED (BREED_NO, BREED_NAME, SPECIES_NO) VALUES (160, '아메리칸 불독', 417000);
INSERT INTO NEWSOULMATE.BREED (BREED_NO, BREED_NAME, SPECIES_NO) VALUES (203, '아메리칸 스태퍼드셔 테리어', 417000);
INSERT INTO NEWSOULMATE.BREED (BREED_NO, BREED_NAME, SPECIES_NO) VALUES (8, '아메리칸 아키다', 417000);
INSERT INTO NEWSOULMATE.BREED (BREED_NO, BREED_NAME, SPECIES_NO) VALUES (131, '아메리칸 에스키모', 417000);
INSERT INTO NEWSOULMATE.BREED (BREED_NO, BREED_NAME, SPECIES_NO) VALUES (9, '아메리칸 코카 스파니엘', 417000);
INSERT INTO NEWSOULMATE.BREED (BREED_NO, BREED_NAME, SPECIES_NO) VALUES (119, '아메리칸 핏불 테리어', 417000);
INSERT INTO NEWSOULMATE.BREED (BREED_NO, BREED_NAME, SPECIES_NO) VALUES (150, '아메리칸불리', 417000);
INSERT INTO NEWSOULMATE.BREED (BREED_NO, BREED_NAME, SPECIES_NO) VALUES (210, '아이리쉬 레드 앤 화이트 세터', 417000);
INSERT INTO NEWSOULMATE.BREED (BREED_NO, BREED_NAME, SPECIES_NO) VALUES (57, '아이리쉬 세터', 417000);
INSERT INTO NEWSOULMATE.BREED (BREED_NO, BREED_NAME, SPECIES_NO) VALUES (58, '아이리쉬 울프 하운드', 417000);
INSERT INTO NEWSOULMATE.BREED (BREED_NO, BREED_NAME, SPECIES_NO) VALUES (59, '아이리쉬소프트코튼휘튼테리어', 417000);
INSERT INTO NEWSOULMATE.BREED (BREED_NO, BREED_NAME, SPECIES_NO) VALUES (6, '아키다', 417000);
INSERT INTO NEWSOULMATE.BREED (BREED_NO, BREED_NAME, SPECIES_NO) VALUES (4, '아프간 하운드', 417000);
INSERT INTO NEWSOULMATE.BREED (BREED_NO, BREED_NAME, SPECIES_NO) VALUES (7, '알라스칸 말라뮤트', 417000);
INSERT INTO NEWSOULMATE.BREED (BREED_NO, BREED_NAME, SPECIES_NO) VALUES (5, '에어델 테리어', 417000);
INSERT INTO NEWSOULMATE.BREED (BREED_NO, BREED_NAME, SPECIES_NO) VALUES (143, '오브차카', 417000);
INSERT INTO NEWSOULMATE.BREED (BREED_NO, BREED_NAME, SPECIES_NO) VALUES (11, '오스트랄리안 셰퍼드 독', 417000);
INSERT INTO NEWSOULMATE.BREED (BREED_NO, BREED_NAME, SPECIES_NO) VALUES (10, '오스트랄리안 캐틀 독', 417000);
INSERT INTO NEWSOULMATE.BREED (BREED_NO, BREED_NAME, SPECIES_NO) VALUES (137, '올드 잉글리쉬 불독', 417000);
INSERT INTO NEWSOULMATE.BREED (BREED_NO, BREED_NAME, SPECIES_NO) VALUES (84, '올드 잉글리쉬 쉽독', 417000);
INSERT INTO NEWSOULMATE.BREED (BREED_NO, BREED_NAME, SPECIES_NO) VALUES (163, '와이마라너', 417000);
INSERT INTO NEWSOULMATE.BREED (BREED_NO, BREED_NAME, SPECIES_NO) VALUES (112, '와이어 폭스 테리어', 417000);
INSERT INTO NEWSOULMATE.BREED (BREED_NO, BREED_NAME, SPECIES_NO) VALUES (113, '요크셔 테리어', 417000);
INSERT INTO NEWSOULMATE.BREED (BREED_NO, BREED_NAME, SPECIES_NO) VALUES (149, '울프독', 417000);
INSERT INTO NEWSOULMATE.BREED (BREED_NO, BREED_NAME, SPECIES_NO) VALUES (211, '웨스트 시베리언 라이카', 417000);
INSERT INTO NEWSOULMATE.BREED (BREED_NO, BREED_NAME, SPECIES_NO) VALUES (110, '웨스트하이랜드화이트테리어', 417000);
INSERT INTO NEWSOULMATE.BREED (BREED_NO, BREED_NAME, SPECIES_NO) VALUES (205, '웰시 코기 카디건', 417000);
INSERT INTO NEWSOULMATE.BREED (BREED_NO, BREED_NAME, SPECIES_NO) VALUES (108, '웰시 코기 펨브로크', 417000);
INSERT INTO NEWSOULMATE.BREED (BREED_NO, BREED_NAME, SPECIES_NO) VALUES (109, '웰시 테리어', 417000);
INSERT INTO NEWSOULMATE.BREED (BREED_NO, BREED_NAME, SPECIES_NO) VALUES (60, '이탈리안 그레이 하운드', 417000);
INSERT INTO NEWSOULMATE.BREED (BREED_NO, BREED_NAME, SPECIES_NO) VALUES (46, '잉글리쉬 세터', 417000);
INSERT INTO NEWSOULMATE.BREED (BREED_NO, BREED_NAME, SPECIES_NO) VALUES (47, '잉글리쉬 스프링거 스파니엘', 417000);
INSERT INTO NEWSOULMATE.BREED (BREED_NO, BREED_NAME, SPECIES_NO) VALUES (44, '잉글리쉬 코카 스파니엘', 417000);
INSERT INTO NEWSOULMATE.BREED (BREED_NO, BREED_NAME, SPECIES_NO) VALUES (45, '잉글리쉬 포인터', 417000);
INSERT INTO NEWSOULMATE.BREED (BREED_NO, BREED_NAME, SPECIES_NO) VALUES (53, '자이언트 슈나우져', 417000);
INSERT INTO NEWSOULMATE.BREED (BREED_NO, BREED_NAME, SPECIES_NO) VALUES (62, '재패니즈 스피츠', 417000);
INSERT INTO NEWSOULMATE.BREED (BREED_NO, BREED_NAME, SPECIES_NO) VALUES (61, '잭 러셀 테리어', 417000);
INSERT INTO NEWSOULMATE.BREED (BREED_NO, BREED_NAME, SPECIES_NO) VALUES (52, '저먼 셰퍼드 독', 417000);
INSERT INTO NEWSOULMATE.BREED (BREED_NO, BREED_NAME, SPECIES_NO) VALUES (165, '저먼 와이어헤어드 포인터', 417000);
INSERT INTO NEWSOULMATE.BREED (BREED_NO, BREED_NAME, SPECIES_NO) VALUES (51, '저먼 포인터', 417000);
INSERT INTO NEWSOULMATE.BREED (BREED_NO, BREED_NAME, SPECIES_NO) VALUES (215, '저먼 헌팅 테리어', 417000);
INSERT INTO NEWSOULMATE.BREED (BREED_NO, BREED_NAME, SPECIES_NO) VALUES (156, '제주개', 417000);
INSERT INTO NEWSOULMATE.BREED (BREED_NO, BREED_NAME, SPECIES_NO) VALUES (129, '제페니즈칭', 417000);
INSERT INTO NEWSOULMATE.BREED (BREED_NO, BREED_NAME, SPECIES_NO) VALUES (67, '진도견', 417000);
INSERT INTO NEWSOULMATE.BREED (BREED_NO, BREED_NAME, SPECIES_NO) VALUES (35, '차우차우', 417000);
INSERT INTO NEWSOULMATE.BREED (BREED_NO, BREED_NAME, SPECIES_NO) VALUES (33, '차이니즈 크레스티드 독', 417000);
INSERT INTO NEWSOULMATE.BREED (BREED_NO, BREED_NAME, SPECIES_NO) VALUES (32, '치와와', 417000);
INSERT INTO NEWSOULMATE.BREED (BREED_NO, BREED_NAME, SPECIES_NO) VALUES (158, '카레리안 베어독', 417000);
INSERT INTO NEWSOULMATE.BREED (BREED_NO, BREED_NAME, SPECIES_NO) VALUES (144, '카이훗', 417000);
INSERT INTO NEWSOULMATE.BREED (BREED_NO, BREED_NAME, SPECIES_NO) VALUES (30, '캐벌리어 킹 찰스 스파니엘', 417000);
INSERT INTO NEWSOULMATE.BREED (BREED_NO, BREED_NAME, SPECIES_NO) VALUES (29, '케니스펜더', 417000);
INSERT INTO NEWSOULMATE.BREED (BREED_NO, BREED_NAME, SPECIES_NO) VALUES (64, '케리 블루 테리어', 417000);
INSERT INTO NEWSOULMATE.BREED (BREED_NO, BREED_NAME, SPECIES_NO) VALUES (207, '케언 테리어', 417000);
INSERT INTO NEWSOULMATE.BREED (BREED_NO, BREED_NAME, SPECIES_NO) VALUES (28, '케인 코르소', 417000);
INSERT INTO NEWSOULMATE.BREED (BREED_NO, BREED_NAME, SPECIES_NO) VALUES (2, '코리아 트라이 하운드', 417000);
INSERT INTO NEWSOULMATE.BREED (BREED_NO, BREED_NAME, SPECIES_NO) VALUES (68, '코리안 마스티프', 417000);
INSERT INTO NEWSOULMATE.BREED (BREED_NO, BREED_NAME, SPECIES_NO) VALUES (125, '코카 스파니엘', 417000);
INSERT INTO NEWSOULMATE.BREED (BREED_NO, BREED_NAME, SPECIES_NO) VALUES (141, '코카 푸', 417000);
INSERT INTO NEWSOULMATE.BREED (BREED_NO, BREED_NAME, SPECIES_NO) VALUES (145, '코카시안오브차카', 417000);
INSERT INTO NEWSOULMATE.BREED (BREED_NO, BREED_NAME, SPECIES_NO) VALUES (36, '콜리', 417000);
INSERT INTO NEWSOULMATE.BREED (BREED_NO, BREED_NAME, SPECIES_NO) VALUES (66, '클라인스피츠', 417000);
INSERT INTO NEWSOULMATE.BREED (BREED_NO, BREED_NAME, SPECIES_NO) VALUES (65, '키슈', 417000);
INSERT INTO NEWSOULMATE.BREED (BREED_NO, BREED_NAME, SPECIES_NO) VALUES (63, '키스 훈드', 417000);
INSERT INTO NEWSOULMATE.BREED (BREED_NO, BREED_NAME, SPECIES_NO) VALUES (140, '토이 맨체스터 테리어', 417000);
INSERT INTO NEWSOULMATE.BREED (BREED_NO, BREED_NAME, SPECIES_NO) VALUES (107, '토이 푸들', 417000);
INSERT INTO NEWSOULMATE.BREED (BREED_NO, BREED_NAME, SPECIES_NO) VALUES (106, '티베탄 마스티프', 417000);
INSERT INTO NEWSOULMATE.BREED (BREED_NO, BREED_NAME, SPECIES_NO) VALUES (209, '파라오 하운드', 417000);
INSERT INTO NEWSOULMATE.BREED (BREED_NO, BREED_NAME, SPECIES_NO) VALUES (86, '파슨 러셀 테리어', 417000);
INSERT INTO NEWSOULMATE.BREED (BREED_NO, BREED_NAME, SPECIES_NO) VALUES (88, '팔렌', 417000);
INSERT INTO NEWSOULMATE.BREED (BREED_NO, BREED_NAME, SPECIES_NO) VALUES (90, '퍼그', 417000);
INSERT INTO NEWSOULMATE.BREED (BREED_NO, BREED_NAME, SPECIES_NO) VALUES (87, '페키니즈', 417000);
INSERT INTO NEWSOULMATE.BREED (BREED_NO, BREED_NAME, SPECIES_NO) VALUES (138, '페터데일테리어', 417000);
INSERT INTO NEWSOULMATE.BREED (BREED_NO, BREED_NAME, SPECIES_NO) VALUES (89, '포메라니안', 417000);
INSERT INTO NEWSOULMATE.BREED (BREED_NO, BREED_NAME, SPECIES_NO) VALUES (126, '포인터', 417000);
INSERT INTO NEWSOULMATE.BREED (BREED_NO, BREED_NAME, SPECIES_NO) VALUES (127, '폭스테리어', 417000);
INSERT INTO NEWSOULMATE.BREED (BREED_NO, BREED_NAME, SPECIES_NO) VALUES (128, '푸들', 417000);
INSERT INTO NEWSOULMATE.BREED (BREED_NO, BREED_NAME, SPECIES_NO) VALUES (91, '풀리', 417000);
INSERT INTO NEWSOULMATE.BREED (BREED_NO, BREED_NAME, SPECIES_NO) VALUES (3, '풍산견', 417000);
INSERT INTO NEWSOULMATE.BREED (BREED_NO, BREED_NAME, SPECIES_NO) VALUES (161, '프레사까나리오', 417000);
INSERT INTO NEWSOULMATE.BREED (BREED_NO, BREED_NAME, SPECIES_NO) VALUES (50, '프렌치 불독', 417000);
INSERT INTO NEWSOULMATE.BREED (BREED_NO, BREED_NAME, SPECIES_NO) VALUES (168, '프렌치 브리타니', 417000);
INSERT INTO NEWSOULMATE.BREED (BREED_NO, BREED_NAME, SPECIES_NO) VALUES (49, '플랫 코티드 리트리버', 417000);
INSERT INTO NEWSOULMATE.BREED (BREED_NO, BREED_NAME, SPECIES_NO) VALUES (147, '플롯하운드', 417000);
INSERT INTO NEWSOULMATE.BREED (BREED_NO, BREED_NAME, SPECIES_NO) VALUES (92, '피레니안 마운틴 독', 417000);
INSERT INTO NEWSOULMATE.BREED (BREED_NO, BREED_NAME, SPECIES_NO) VALUES (48, '필라 브라질레이로', 417000);
INSERT INTO NEWSOULMATE.BREED (BREED_NO, BREED_NAME, SPECIES_NO) VALUES (135, '핏불테리어', 417000);
INSERT INTO NEWSOULMATE.BREED (BREED_NO, BREED_NAME, SPECIES_NO) VALUES (206, '허배너스', 417000);
INSERT INTO NEWSOULMATE.BREED (BREED_NO, BREED_NAME, SPECIES_NO) VALUES (130, '화이트리트리버', 417000);
INSERT INTO NEWSOULMATE.BREED (BREED_NO, BREED_NAME, SPECIES_NO) VALUES (134, '화이트테리어', 417000);
INSERT INTO NEWSOULMATE.BREED (BREED_NO, BREED_NAME, SPECIES_NO) VALUES (111, '휘펫', 417000);
INSERT INTO NEWSOULMATE.BREED (BREED_NO, BREED_NAME, SPECIES_NO) VALUES (116, '고양이', 417000);
INSERT INTO NEWSOULMATE.BREED (BREED_NO, BREED_NAME, SPECIES_NO) VALUES (201, '기타', 417000);

INSERT INTO NEWSOULMATE.VILLAGE (VILLAGE_NO, CITY_NO, VILLAGE_NAME) VALUES (3240000, 6110000, '강동구');
INSERT INTO NEWSOULMATE.VILLAGE (VILLAGE_NO, CITY_NO, VILLAGE_NAME) VALUES (3080000, 6110000, '강북구');
INSERT INTO NEWSOULMATE.VILLAGE (VILLAGE_NO, CITY_NO, VILLAGE_NAME) VALUES (3150000, 6110000, '강서구');
INSERT INTO NEWSOULMATE.VILLAGE (VILLAGE_NO, CITY_NO, VILLAGE_NAME) VALUES (3200000, 6110000, '관악구');
INSERT INTO NEWSOULMATE.VILLAGE (VILLAGE_NO, CITY_NO, VILLAGE_NAME) VALUES (3040000, 6110000, '광진구');
INSERT INTO NEWSOULMATE.VILLAGE (VILLAGE_NO, CITY_NO, VILLAGE_NAME) VALUES (3160000, 6110000, '구로구');
INSERT INTO NEWSOULMATE.VILLAGE (VILLAGE_NO, CITY_NO, VILLAGE_NAME) VALUES (3170000, 6110000, '금천구');
INSERT INTO NEWSOULMATE.VILLAGE (VILLAGE_NO, CITY_NO, VILLAGE_NAME) VALUES (3100000, 6110000, '노원구');
INSERT INTO NEWSOULMATE.VILLAGE (VILLAGE_NO, CITY_NO, VILLAGE_NAME) VALUES (3090000, 6110000, '도봉구');
INSERT INTO NEWSOULMATE.VILLAGE (VILLAGE_NO, CITY_NO, VILLAGE_NAME) VALUES (3050000, 6110000, '동대문구');
INSERT INTO NEWSOULMATE.VILLAGE (VILLAGE_NO, CITY_NO, VILLAGE_NAME) VALUES (3190000, 6110000, '동작구');
INSERT INTO NEWSOULMATE.VILLAGE (VILLAGE_NO, CITY_NO, VILLAGE_NAME) VALUES (3130000, 6110000, '마포구');
INSERT INTO NEWSOULMATE.VILLAGE (VILLAGE_NO, CITY_NO, VILLAGE_NAME) VALUES (3120000, 6110000, '서대문구');
INSERT INTO NEWSOULMATE.VILLAGE (VILLAGE_NO, CITY_NO, VILLAGE_NAME) VALUES (6119998, 6110000, '서울특별시');
INSERT INTO NEWSOULMATE.VILLAGE (VILLAGE_NO, CITY_NO, VILLAGE_NAME) VALUES (3210000, 6110000, '서초구');
INSERT INTO NEWSOULMATE.VILLAGE (VILLAGE_NO, CITY_NO, VILLAGE_NAME) VALUES (3030000, 6110000, '성동구');
INSERT INTO NEWSOULMATE.VILLAGE (VILLAGE_NO, CITY_NO, VILLAGE_NAME) VALUES (3070000, 6110000, '성북구');
INSERT INTO NEWSOULMATE.VILLAGE (VILLAGE_NO, CITY_NO, VILLAGE_NAME) VALUES (3230000, 6110000, '송파구');
INSERT INTO NEWSOULMATE.VILLAGE (VILLAGE_NO, CITY_NO, VILLAGE_NAME) VALUES (3140000, 6110000, '양천구');
INSERT INTO NEWSOULMATE.VILLAGE (VILLAGE_NO, CITY_NO, VILLAGE_NAME) VALUES (3180000, 6110000, '영등포구');
INSERT INTO NEWSOULMATE.VILLAGE (VILLAGE_NO, CITY_NO, VILLAGE_NAME) VALUES (3020000, 6110000, '용산구');
INSERT INTO NEWSOULMATE.VILLAGE (VILLAGE_NO, CITY_NO, VILLAGE_NAME) VALUES (3110000, 6110000, '은평구');
INSERT INTO NEWSOULMATE.VILLAGE (VILLAGE_NO, CITY_NO, VILLAGE_NAME) VALUES (3000000, 6110000, '종로구');
INSERT INTO NEWSOULMATE.VILLAGE (VILLAGE_NO, CITY_NO, VILLAGE_NAME) VALUES (3010000, 6110000, '중구');
INSERT INTO NEWSOULMATE.VILLAGE (VILLAGE_NO, CITY_NO, VILLAGE_NAME) VALUES (3360000, 6260000, '강서구');
INSERT INTO NEWSOULMATE.VILLAGE (VILLAGE_NO, CITY_NO, VILLAGE_NAME) VALUES (3350000, 6260000, '금정구');
INSERT INTO NEWSOULMATE.VILLAGE (VILLAGE_NO, CITY_NO, VILLAGE_NAME) VALUES (3400000, 6260000, '기장군');
INSERT INTO NEWSOULMATE.VILLAGE (VILLAGE_NO, CITY_NO, VILLAGE_NAME) VALUES (3310000, 6260000, '남구');
INSERT INTO NEWSOULMATE.VILLAGE (VILLAGE_NO, CITY_NO, VILLAGE_NAME) VALUES (3270000, 6260000, '동구');
INSERT INTO NEWSOULMATE.VILLAGE (VILLAGE_NO, CITY_NO, VILLAGE_NAME) VALUES (3300000, 6260000, '동래구');
INSERT INTO NEWSOULMATE.VILLAGE (VILLAGE_NO, CITY_NO, VILLAGE_NAME) VALUES (3290000, 6260000, '부산진구');
INSERT INTO NEWSOULMATE.VILLAGE (VILLAGE_NO, CITY_NO, VILLAGE_NAME) VALUES (3320000, 6260000, '북구');
INSERT INTO NEWSOULMATE.VILLAGE (VILLAGE_NO, CITY_NO, VILLAGE_NAME) VALUES (3390000, 6260000, '사상구');
INSERT INTO NEWSOULMATE.VILLAGE (VILLAGE_NO, CITY_NO, VILLAGE_NAME) VALUES (3340000, 6260000, '사하구');
INSERT INTO NEWSOULMATE.VILLAGE (VILLAGE_NO, CITY_NO, VILLAGE_NAME) VALUES (3260000, 6260000, '서구');
INSERT INTO NEWSOULMATE.VILLAGE (VILLAGE_NO, CITY_NO, VILLAGE_NAME) VALUES (3380000, 6260000, '수영구');
INSERT INTO NEWSOULMATE.VILLAGE (VILLAGE_NO, CITY_NO, VILLAGE_NAME) VALUES (3370000, 6260000, '연제구');
INSERT INTO NEWSOULMATE.VILLAGE (VILLAGE_NO, CITY_NO, VILLAGE_NAME) VALUES (3280000, 6260000, '영도구');
INSERT INTO NEWSOULMATE.VILLAGE (VILLAGE_NO, CITY_NO, VILLAGE_NAME) VALUES (3250000, 6260000, '중구');
INSERT INTO NEWSOULMATE.VILLAGE (VILLAGE_NO, CITY_NO, VILLAGE_NAME) VALUES (3440000, 6270000, '남구');
INSERT INTO NEWSOULMATE.VILLAGE (VILLAGE_NO, CITY_NO, VILLAGE_NAME) VALUES (3470000, 6270000, '달서구');
INSERT INTO NEWSOULMATE.VILLAGE (VILLAGE_NO, CITY_NO, VILLAGE_NAME) VALUES (3480000, 6270000, '달성군');
INSERT INTO NEWSOULMATE.VILLAGE (VILLAGE_NO, CITY_NO, VILLAGE_NAME) VALUES (3420000, 6270000, '동구');
INSERT INTO NEWSOULMATE.VILLAGE (VILLAGE_NO, CITY_NO, VILLAGE_NAME) VALUES (3450000, 6270000, '북구');
INSERT INTO NEWSOULMATE.VILLAGE (VILLAGE_NO, CITY_NO, VILLAGE_NAME) VALUES (3430000, 6270000, '서구');
INSERT INTO NEWSOULMATE.VILLAGE (VILLAGE_NO, CITY_NO, VILLAGE_NAME) VALUES (3460000, 6270000, '수성구');
INSERT INTO NEWSOULMATE.VILLAGE (VILLAGE_NO, CITY_NO, VILLAGE_NAME) VALUES (3570000, 6280000, '강화군');
INSERT INTO NEWSOULMATE.VILLAGE (VILLAGE_NO, CITY_NO, VILLAGE_NAME) VALUES (3550000, 6280000, '계양구');
INSERT INTO NEWSOULMATE.VILLAGE (VILLAGE_NO, CITY_NO, VILLAGE_NAME) VALUES (3530000, 6280000, '남동구');
INSERT INTO NEWSOULMATE.VILLAGE (VILLAGE_NO, CITY_NO, VILLAGE_NAME) VALUES (3500000, 6280000, '동구');
INSERT INTO NEWSOULMATE.VILLAGE (VILLAGE_NO, CITY_NO, VILLAGE_NAME) VALUES (3510500, 6280000, '미추홀구');
INSERT INTO NEWSOULMATE.VILLAGE (VILLAGE_NO, CITY_NO, VILLAGE_NAME) VALUES (3540000, 6280000, '부평구');
INSERT INTO NEWSOULMATE.VILLAGE (VILLAGE_NO, CITY_NO, VILLAGE_NAME) VALUES (3560000, 6280000, '서구');
INSERT INTO NEWSOULMATE.VILLAGE (VILLAGE_NO, CITY_NO, VILLAGE_NAME) VALUES (3520000, 6280000, '연수구');
INSERT INTO NEWSOULMATE.VILLAGE (VILLAGE_NO, CITY_NO, VILLAGE_NAME) VALUES (3580000, 6280000, '옹진군');
INSERT INTO NEWSOULMATE.VILLAGE (VILLAGE_NO, CITY_NO, VILLAGE_NAME) VALUES (3630000, 6290000, '광산구');
INSERT INTO NEWSOULMATE.VILLAGE (VILLAGE_NO, CITY_NO, VILLAGE_NAME) VALUES (3610000, 6290000, '남구');
INSERT INTO NEWSOULMATE.VILLAGE (VILLAGE_NO, CITY_NO, VILLAGE_NAME) VALUES (3590000, 6290000, '동구');
INSERT INTO NEWSOULMATE.VILLAGE (VILLAGE_NO, CITY_NO, VILLAGE_NAME) VALUES (3620000, 6290000, '북구');
INSERT INTO NEWSOULMATE.VILLAGE (VILLAGE_NO, CITY_NO, VILLAGE_NAME) VALUES (3700000, 6310000, '남구');
INSERT INTO NEWSOULMATE.VILLAGE (VILLAGE_NO, CITY_NO, VILLAGE_NAME) VALUES (3710000, 6310000, '동구');
INSERT INTO NEWSOULMATE.VILLAGE (VILLAGE_NO, CITY_NO, VILLAGE_NAME) VALUES (3720000, 6310000, '북구');
INSERT INTO NEWSOULMATE.VILLAGE (VILLAGE_NO, CITY_NO, VILLAGE_NAME) VALUES (3730000, 6310000, '울주군');
INSERT INTO NEWSOULMATE.VILLAGE (VILLAGE_NO, CITY_NO, VILLAGE_NAME) VALUES (4160000, 6410000, '가평군');
INSERT INTO NEWSOULMATE.VILLAGE (VILLAGE_NO, CITY_NO, VILLAGE_NAME) VALUES (3940000, 6410000, '고양시');
INSERT INTO NEWSOULMATE.VILLAGE (VILLAGE_NO, CITY_NO, VILLAGE_NAME) VALUES (3970000, 6410000, '과천시');
INSERT INTO NEWSOULMATE.VILLAGE (VILLAGE_NO, CITY_NO, VILLAGE_NAME) VALUES (3900000, 6410000, '광명시');
INSERT INTO NEWSOULMATE.VILLAGE (VILLAGE_NO, CITY_NO, VILLAGE_NAME) VALUES (5540000, 6410000, '광주시');
INSERT INTO NEWSOULMATE.VILLAGE (VILLAGE_NO, CITY_NO, VILLAGE_NAME) VALUES (3980000, 6410000, '구리시');
INSERT INTO NEWSOULMATE.VILLAGE (VILLAGE_NO, CITY_NO, VILLAGE_NAME) VALUES (4020000, 6410000, '군포시');
INSERT INTO NEWSOULMATE.VILLAGE (VILLAGE_NO, CITY_NO, VILLAGE_NAME) VALUES (4090000, 6410000, '김포시');
INSERT INTO NEWSOULMATE.VILLAGE (VILLAGE_NO, CITY_NO, VILLAGE_NAME) VALUES (3990000, 6410000, '남양주시');
INSERT INTO NEWSOULMATE.VILLAGE (VILLAGE_NO, CITY_NO, VILLAGE_NAME) VALUES (3920000, 6410000, '동두천시');
INSERT INTO NEWSOULMATE.VILLAGE (VILLAGE_NO, CITY_NO, VILLAGE_NAME) VALUES (3860000, 6410000, '부천시');
INSERT INTO NEWSOULMATE.VILLAGE (VILLAGE_NO, CITY_NO, VILLAGE_NAME) VALUES (3780000, 6410000, '성남시');
INSERT INTO NEWSOULMATE.VILLAGE (VILLAGE_NO, CITY_NO, VILLAGE_NAME) VALUES (3740000, 6410000, '수원시');
INSERT INTO NEWSOULMATE.VILLAGE (VILLAGE_NO, CITY_NO, VILLAGE_NAME) VALUES (4010000, 6410000, '시흥시');
INSERT INTO NEWSOULMATE.VILLAGE (VILLAGE_NO, CITY_NO, VILLAGE_NAME) VALUES (3930000, 6410000, '안산시');
INSERT INTO NEWSOULMATE.VILLAGE (VILLAGE_NO, CITY_NO, VILLAGE_NAME) VALUES (4080000, 6410000, '안성시');
INSERT INTO NEWSOULMATE.VILLAGE (VILLAGE_NO, CITY_NO, VILLAGE_NAME) VALUES (3830000, 6410000, '안양시');
INSERT INTO NEWSOULMATE.VILLAGE (VILLAGE_NO, CITY_NO, VILLAGE_NAME) VALUES (5590000, 6410000, '양주시');
INSERT INTO NEWSOULMATE.VILLAGE (VILLAGE_NO, CITY_NO, VILLAGE_NAME) VALUES (4170000, 6410000, '양평군');
INSERT INTO NEWSOULMATE.VILLAGE (VILLAGE_NO, CITY_NO, VILLAGE_NAME) VALUES (5700000, 6410000, '여주시');
INSERT INTO NEWSOULMATE.VILLAGE (VILLAGE_NO, CITY_NO, VILLAGE_NAME) VALUES (4140000, 6410000, '연천군');
INSERT INTO NEWSOULMATE.VILLAGE (VILLAGE_NO, CITY_NO, VILLAGE_NAME) VALUES (4000000, 6410000, '오산시');
INSERT INTO NEWSOULMATE.VILLAGE (VILLAGE_NO, CITY_NO, VILLAGE_NAME) VALUES (4050000, 6410000, '용인시');
INSERT INTO NEWSOULMATE.VILLAGE (VILLAGE_NO, CITY_NO, VILLAGE_NAME) VALUES (5630000, 6410000, '용인시 기흥구');
INSERT INTO NEWSOULMATE.VILLAGE (VILLAGE_NO, CITY_NO, VILLAGE_NAME) VALUES (4030000, 6410000, '의왕시');
INSERT INTO NEWSOULMATE.VILLAGE (VILLAGE_NO, CITY_NO, VILLAGE_NAME) VALUES (3820000, 6410000, '의정부시');
INSERT INTO NEWSOULMATE.VILLAGE (VILLAGE_NO, CITY_NO, VILLAGE_NAME) VALUES (4070000, 6410000, '이천시');
INSERT INTO NEWSOULMATE.VILLAGE (VILLAGE_NO, CITY_NO, VILLAGE_NAME) VALUES (4060000, 6410000, '파주시');
INSERT INTO NEWSOULMATE.VILLAGE (VILLAGE_NO, CITY_NO, VILLAGE_NAME) VALUES (3910000, 6410000, '평택시');
INSERT INTO NEWSOULMATE.VILLAGE (VILLAGE_NO, CITY_NO, VILLAGE_NAME) VALUES (5600000, 6410000, '포천시');
INSERT INTO NEWSOULMATE.VILLAGE (VILLAGE_NO, CITY_NO, VILLAGE_NAME) VALUES (4040000, 6410000, '하남시');
INSERT INTO NEWSOULMATE.VILLAGE (VILLAGE_NO, CITY_NO, VILLAGE_NAME) VALUES (4200000, 6420000, '강릉시');
INSERT INTO NEWSOULMATE.VILLAGE (VILLAGE_NO, CITY_NO, VILLAGE_NAME) VALUES (4340000, 6420000, '고성군');
INSERT INTO NEWSOULMATE.VILLAGE (VILLAGE_NO, CITY_NO, VILLAGE_NAME) VALUES (4210000, 6420000, '동해시');
INSERT INTO NEWSOULMATE.VILLAGE (VILLAGE_NO, CITY_NO, VILLAGE_NAME) VALUES (4240000, 6420000, '삼척시');
INSERT INTO NEWSOULMATE.VILLAGE (VILLAGE_NO, CITY_NO, VILLAGE_NAME) VALUES (4230000, 6420000, '속초시');
INSERT INTO NEWSOULMATE.VILLAGE (VILLAGE_NO, CITY_NO, VILLAGE_NAME) VALUES (4320000, 6420000, '양구군');
INSERT INTO NEWSOULMATE.VILLAGE (VILLAGE_NO, CITY_NO, VILLAGE_NAME) VALUES (4350000, 6420000, '양양군');
INSERT INTO NEWSOULMATE.VILLAGE (VILLAGE_NO, CITY_NO, VILLAGE_NAME) VALUES (4270000, 6420000, '영월군');
INSERT INTO NEWSOULMATE.VILLAGE (VILLAGE_NO, CITY_NO, VILLAGE_NAME) VALUES (4190000, 6420000, '원주시');
INSERT INTO NEWSOULMATE.VILLAGE (VILLAGE_NO, CITY_NO, VILLAGE_NAME) VALUES (4330000, 6420000, '인제군');
INSERT INTO NEWSOULMATE.VILLAGE (VILLAGE_NO, CITY_NO, VILLAGE_NAME) VALUES (4290000, 6420000, '정선군');
INSERT INTO NEWSOULMATE.VILLAGE (VILLAGE_NO, CITY_NO, VILLAGE_NAME) VALUES (4300000, 6420000, '철원군');
INSERT INTO NEWSOULMATE.VILLAGE (VILLAGE_NO, CITY_NO, VILLAGE_NAME) VALUES (4180000, 6420000, '춘천시');
INSERT INTO NEWSOULMATE.VILLAGE (VILLAGE_NO, CITY_NO, VILLAGE_NAME) VALUES (4220000, 6420000, '태백시');
INSERT INTO NEWSOULMATE.VILLAGE (VILLAGE_NO, CITY_NO, VILLAGE_NAME) VALUES (4280000, 6420000, '평창군');
INSERT INTO NEWSOULMATE.VILLAGE (VILLAGE_NO, CITY_NO, VILLAGE_NAME) VALUES (4250000, 6420000, '홍천군');
INSERT INTO NEWSOULMATE.VILLAGE (VILLAGE_NO, CITY_NO, VILLAGE_NAME) VALUES (4310000, 6420000, '화천군');
INSERT INTO NEWSOULMATE.VILLAGE (VILLAGE_NO, CITY_NO, VILLAGE_NAME) VALUES (4460000, 6430000, '괴산군');
INSERT INTO NEWSOULMATE.VILLAGE (VILLAGE_NO, CITY_NO, VILLAGE_NAME) VALUES (4480000, 6430000, '단양군');
INSERT INTO NEWSOULMATE.VILLAGE (VILLAGE_NO, CITY_NO, VILLAGE_NAME) VALUES (4420000, 6430000, '보은군');
INSERT INTO NEWSOULMATE.VILLAGE (VILLAGE_NO, CITY_NO, VILLAGE_NAME) VALUES (4440000, 6430000, '영동군');
INSERT INTO NEWSOULMATE.VILLAGE (VILLAGE_NO, CITY_NO, VILLAGE_NAME) VALUES (4430000, 6430000, '옥천군');
INSERT INTO NEWSOULMATE.VILLAGE (VILLAGE_NO, CITY_NO, VILLAGE_NAME) VALUES (4470000, 6430000, '음성군');
INSERT INTO NEWSOULMATE.VILLAGE (VILLAGE_NO, CITY_NO, VILLAGE_NAME) VALUES (4400000, 6430000, '제천시');
INSERT INTO NEWSOULMATE.VILLAGE (VILLAGE_NO, CITY_NO, VILLAGE_NAME) VALUES (5570000, 6430000, '증평군');
INSERT INTO NEWSOULMATE.VILLAGE (VILLAGE_NO, CITY_NO, VILLAGE_NAME) VALUES (4450000, 6430000, '진천군');
INSERT INTO NEWSOULMATE.VILLAGE (VILLAGE_NO, CITY_NO, VILLAGE_NAME) VALUES (5710000, 6430000, '청주시');
INSERT INTO NEWSOULMATE.VILLAGE (VILLAGE_NO, CITY_NO, VILLAGE_NAME) VALUES (5580000, 6440000, '계룡시');
INSERT INTO NEWSOULMATE.VILLAGE (VILLAGE_NO, CITY_NO, VILLAGE_NAME) VALUES (4500000, 6440000, '공주시');
INSERT INTO NEWSOULMATE.VILLAGE (VILLAGE_NO, CITY_NO, VILLAGE_NAME) VALUES (4550000, 6440000, '금산군');
INSERT INTO NEWSOULMATE.VILLAGE (VILLAGE_NO, CITY_NO, VILLAGE_NAME) VALUES (4540000, 6440000, '논산시');
INSERT INTO NEWSOULMATE.VILLAGE (VILLAGE_NO, CITY_NO, VILLAGE_NAME) VALUES (5680000, 6440000, '당진시');
INSERT INTO NEWSOULMATE.VILLAGE (VILLAGE_NO, CITY_NO, VILLAGE_NAME) VALUES (4510000, 6440000, '보령시');
INSERT INTO NEWSOULMATE.VILLAGE (VILLAGE_NO, CITY_NO, VILLAGE_NAME) VALUES (4570000, 6440000, '부여군');
INSERT INTO NEWSOULMATE.VILLAGE (VILLAGE_NO, CITY_NO, VILLAGE_NAME) VALUES (4530000, 6440000, '서산시');
INSERT INTO NEWSOULMATE.VILLAGE (VILLAGE_NO, CITY_NO, VILLAGE_NAME) VALUES (4580000, 6440000, '서천군');
INSERT INTO NEWSOULMATE.VILLAGE (VILLAGE_NO, CITY_NO, VILLAGE_NAME) VALUES (4520000, 6440000, '아산시');
INSERT INTO NEWSOULMATE.VILLAGE (VILLAGE_NO, CITY_NO, VILLAGE_NAME) VALUES (4560000, 6440000, '연기군');
INSERT INTO NEWSOULMATE.VILLAGE (VILLAGE_NO, CITY_NO, VILLAGE_NAME) VALUES (4610000, 6440000, '예산군');
INSERT INTO NEWSOULMATE.VILLAGE (VILLAGE_NO, CITY_NO, VILLAGE_NAME) VALUES (4490000, 6440000, '천안시');
INSERT INTO NEWSOULMATE.VILLAGE (VILLAGE_NO, CITY_NO, VILLAGE_NAME) VALUES (4590000, 6440000, '청양군');
INSERT INTO NEWSOULMATE.VILLAGE (VILLAGE_NO, CITY_NO, VILLAGE_NAME) VALUES (4620000, 6440000, '태안군');
INSERT INTO NEWSOULMATE.VILLAGE (VILLAGE_NO, CITY_NO, VILLAGE_NAME) VALUES (4780000, 6450000, '고창군');
INSERT INTO NEWSOULMATE.VILLAGE (VILLAGE_NO, CITY_NO, VILLAGE_NAME) VALUES (4670000, 6450000, '군산시');
INSERT INTO NEWSOULMATE.VILLAGE (VILLAGE_NO, CITY_NO, VILLAGE_NAME) VALUES (4710000, 6450000, '김제시');
INSERT INTO NEWSOULMATE.VILLAGE (VILLAGE_NO, CITY_NO, VILLAGE_NAME) VALUES (4700000, 6450000, '남원시');
INSERT INTO NEWSOULMATE.VILLAGE (VILLAGE_NO, CITY_NO, VILLAGE_NAME) VALUES (4740000, 6450000, '무주군');
INSERT INTO NEWSOULMATE.VILLAGE (VILLAGE_NO, CITY_NO, VILLAGE_NAME) VALUES (4790000, 6450000, '부안군');
INSERT INTO NEWSOULMATE.VILLAGE (VILLAGE_NO, CITY_NO, VILLAGE_NAME) VALUES (4770000, 6450000, '순창군');
INSERT INTO NEWSOULMATE.VILLAGE (VILLAGE_NO, CITY_NO, VILLAGE_NAME) VALUES (4720000, 6450000, '완주군');
INSERT INTO NEWSOULMATE.VILLAGE (VILLAGE_NO, CITY_NO, VILLAGE_NAME) VALUES (4680000, 6450000, '익산시');
INSERT INTO NEWSOULMATE.VILLAGE (VILLAGE_NO, CITY_NO, VILLAGE_NAME) VALUES (4760000, 6450000, '임실군');
INSERT INTO NEWSOULMATE.VILLAGE (VILLAGE_NO, CITY_NO, VILLAGE_NAME) VALUES (4750000, 6450000, '장수군');
INSERT INTO NEWSOULMATE.VILLAGE (VILLAGE_NO, CITY_NO, VILLAGE_NAME) VALUES (4640000, 6450000, '전주시');
INSERT INTO NEWSOULMATE.VILLAGE (VILLAGE_NO, CITY_NO, VILLAGE_NAME) VALUES (4690000, 6450000, '정읍시');
INSERT INTO NEWSOULMATE.VILLAGE (VILLAGE_NO, CITY_NO, VILLAGE_NAME) VALUES (4920000, 6460000, '강진군');
INSERT INTO NEWSOULMATE.VILLAGE (VILLAGE_NO, CITY_NO, VILLAGE_NAME) VALUES (4880000, 6460000, '고흥군');
INSERT INTO NEWSOULMATE.VILLAGE (VILLAGE_NO, CITY_NO, VILLAGE_NAME) VALUES (4860000, 6460000, '곡성군');
INSERT INTO NEWSOULMATE.VILLAGE (VILLAGE_NO, CITY_NO, VILLAGE_NAME) VALUES (4840000, 6460000, '광양시');
INSERT INTO NEWSOULMATE.VILLAGE (VILLAGE_NO, CITY_NO, VILLAGE_NAME) VALUES (4870000, 6460000, '구례군');
INSERT INTO NEWSOULMATE.VILLAGE (VILLAGE_NO, CITY_NO, VILLAGE_NAME) VALUES (4830000, 6460000, '나주시');
INSERT INTO NEWSOULMATE.VILLAGE (VILLAGE_NO, CITY_NO, VILLAGE_NAME) VALUES (4850000, 6460000, '담양군');
INSERT INTO NEWSOULMATE.VILLAGE (VILLAGE_NO, CITY_NO, VILLAGE_NAME) VALUES (4800000, 6460000, '목포시');
INSERT INTO NEWSOULMATE.VILLAGE (VILLAGE_NO, CITY_NO, VILLAGE_NAME) VALUES (4950000, 6460000, '무안군');
INSERT INTO NEWSOULMATE.VILLAGE (VILLAGE_NO, CITY_NO, VILLAGE_NAME) VALUES (4890000, 6460000, '보성군');
INSERT INTO NEWSOULMATE.VILLAGE (VILLAGE_NO, CITY_NO, VILLAGE_NAME) VALUES (4820000, 6460000, '순천시');
INSERT INTO NEWSOULMATE.VILLAGE (VILLAGE_NO, CITY_NO, VILLAGE_NAME) VALUES (5010000, 6460000, '신안군');
INSERT INTO NEWSOULMATE.VILLAGE (VILLAGE_NO, CITY_NO, VILLAGE_NAME) VALUES (4810000, 6460000, '여수시');
INSERT INTO NEWSOULMATE.VILLAGE (VILLAGE_NO, CITY_NO, VILLAGE_NAME) VALUES (4970000, 6460000, '영광군');
INSERT INTO NEWSOULMATE.VILLAGE (VILLAGE_NO, CITY_NO, VILLAGE_NAME) VALUES (4940000, 6460000, '영암군');
INSERT INTO NEWSOULMATE.VILLAGE (VILLAGE_NO, CITY_NO, VILLAGE_NAME) VALUES (4990000, 6460000, '완도군');
INSERT INTO NEWSOULMATE.VILLAGE (VILLAGE_NO, CITY_NO, VILLAGE_NAME) VALUES (4980000, 6460000, '장성군');
INSERT INTO NEWSOULMATE.VILLAGE (VILLAGE_NO, CITY_NO, VILLAGE_NAME) VALUES (4910000, 6460000, '장흥군');
INSERT INTO NEWSOULMATE.VILLAGE (VILLAGE_NO, CITY_NO, VILLAGE_NAME) VALUES (5000000, 6460000, '진도군');
INSERT INTO NEWSOULMATE.VILLAGE (VILLAGE_NO, CITY_NO, VILLAGE_NAME) VALUES (4960000, 6460000, '함평군');
INSERT INTO NEWSOULMATE.VILLAGE (VILLAGE_NO, CITY_NO, VILLAGE_NAME) VALUES (4930000, 6460000, '해남군');
INSERT INTO NEWSOULMATE.VILLAGE (VILLAGE_NO, CITY_NO, VILLAGE_NAME) VALUES (5130000, 6470000, '경산시');
INSERT INTO NEWSOULMATE.VILLAGE (VILLAGE_NO, CITY_NO, VILLAGE_NAME) VALUES (6479998, 6470000, '경상북도');
INSERT INTO NEWSOULMATE.VILLAGE (VILLAGE_NO, CITY_NO, VILLAGE_NAME) VALUES (5050000, 6470000, '경주시');
INSERT INTO NEWSOULMATE.VILLAGE (VILLAGE_NO, CITY_NO, VILLAGE_NAME) VALUES (5200000, 6470000, '고령군');
INSERT INTO NEWSOULMATE.VILLAGE (VILLAGE_NO, CITY_NO, VILLAGE_NAME) VALUES (5080000, 6470000, '구미시');
INSERT INTO NEWSOULMATE.VILLAGE (VILLAGE_NO, CITY_NO, VILLAGE_NAME) VALUES (5140000, 6470000, '군위군');
INSERT INTO NEWSOULMATE.VILLAGE (VILLAGE_NO, CITY_NO, VILLAGE_NAME) VALUES (5060000, 6470000, '김천시');
INSERT INTO NEWSOULMATE.VILLAGE (VILLAGE_NO, CITY_NO, VILLAGE_NAME) VALUES (5120000, 6470000, '문경시');
INSERT INTO NEWSOULMATE.VILLAGE (VILLAGE_NO, CITY_NO, VILLAGE_NAME) VALUES (5240000, 6470000, '봉화군');
INSERT INTO NEWSOULMATE.VILLAGE (VILLAGE_NO, CITY_NO, VILLAGE_NAME) VALUES (5110000, 6470000, '상주시');
INSERT INTO NEWSOULMATE.VILLAGE (VILLAGE_NO, CITY_NO, VILLAGE_NAME) VALUES (5210000, 6470000, '성주군');
INSERT INTO NEWSOULMATE.VILLAGE (VILLAGE_NO, CITY_NO, VILLAGE_NAME) VALUES (5070000, 6470000, '안동시');
INSERT INTO NEWSOULMATE.VILLAGE (VILLAGE_NO, CITY_NO, VILLAGE_NAME) VALUES (5180000, 6470000, '영덕군');
INSERT INTO NEWSOULMATE.VILLAGE (VILLAGE_NO, CITY_NO, VILLAGE_NAME) VALUES (5170000, 6470000, '영양군');
INSERT INTO NEWSOULMATE.VILLAGE (VILLAGE_NO, CITY_NO, VILLAGE_NAME) VALUES (5090000, 6470000, '영주시');
INSERT INTO NEWSOULMATE.VILLAGE (VILLAGE_NO, CITY_NO, VILLAGE_NAME) VALUES (5100000, 6470000, '영천시');
INSERT INTO NEWSOULMATE.VILLAGE (VILLAGE_NO, CITY_NO, VILLAGE_NAME) VALUES (5230000, 6470000, '예천군');
INSERT INTO NEWSOULMATE.VILLAGE (VILLAGE_NO, CITY_NO, VILLAGE_NAME) VALUES (5260000, 6470000, '울릉군');
INSERT INTO NEWSOULMATE.VILLAGE (VILLAGE_NO, CITY_NO, VILLAGE_NAME) VALUES (5250000, 6470000, '울진군');
INSERT INTO NEWSOULMATE.VILLAGE (VILLAGE_NO, CITY_NO, VILLAGE_NAME) VALUES (5150000, 6470000, '의성군');
INSERT INTO NEWSOULMATE.VILLAGE (VILLAGE_NO, CITY_NO, VILLAGE_NAME) VALUES (5190000, 6470000, '청도군');
INSERT INTO NEWSOULMATE.VILLAGE (VILLAGE_NO, CITY_NO, VILLAGE_NAME) VALUES (5160000, 6470000, '청송군');
INSERT INTO NEWSOULMATE.VILLAGE (VILLAGE_NO, CITY_NO, VILLAGE_NAME) VALUES (5220000, 6470000, '칠곡군');
INSERT INTO NEWSOULMATE.VILLAGE (VILLAGE_NO, CITY_NO, VILLAGE_NAME) VALUES (5370000, 6480000, '거제시');
INSERT INTO NEWSOULMATE.VILLAGE (VILLAGE_NO, CITY_NO, VILLAGE_NAME) VALUES (5470000, 6480000, '거창군');
INSERT INTO NEWSOULMATE.VILLAGE (VILLAGE_NO, CITY_NO, VILLAGE_NAME) VALUES (6489999, 6480000, '경상남도');
INSERT INTO NEWSOULMATE.VILLAGE (VILLAGE_NO, CITY_NO, VILLAGE_NAME) VALUES (5420000, 6480000, '고성군');
INSERT INTO NEWSOULMATE.VILLAGE (VILLAGE_NO, CITY_NO, VILLAGE_NAME) VALUES (5350000, 6480000, '김해시');
INSERT INTO NEWSOULMATE.VILLAGE (VILLAGE_NO, CITY_NO, VILLAGE_NAME) VALUES (5430000, 6480000, '남해군');
INSERT INTO NEWSOULMATE.VILLAGE (VILLAGE_NO, CITY_NO, VILLAGE_NAME) VALUES (5360000, 6480000, '밀양시');
INSERT INTO NEWSOULMATE.VILLAGE (VILLAGE_NO, CITY_NO, VILLAGE_NAME) VALUES (5340000, 6480000, '사천시');
INSERT INTO NEWSOULMATE.VILLAGE (VILLAGE_NO, CITY_NO, VILLAGE_NAME) VALUES (5450000, 6480000, '산청군');
INSERT INTO NEWSOULMATE.VILLAGE (VILLAGE_NO, CITY_NO, VILLAGE_NAME) VALUES (5380000, 6480000, '양산시');
INSERT INTO NEWSOULMATE.VILLAGE (VILLAGE_NO, CITY_NO, VILLAGE_NAME) VALUES (5390000, 6480000, '의령군');
INSERT INTO NEWSOULMATE.VILLAGE (VILLAGE_NO, CITY_NO, VILLAGE_NAME) VALUES (5310000, 6480000, '진주시');
INSERT INTO NEWSOULMATE.VILLAGE (VILLAGE_NO, CITY_NO, VILLAGE_NAME) VALUES (5410000, 6480000, '창녕군');
INSERT INTO NEWSOULMATE.VILLAGE (VILLAGE_NO, CITY_NO, VILLAGE_NAME) VALUES (5280000, 6480000, '창원 마산합포회원구');
INSERT INTO NEWSOULMATE.VILLAGE (VILLAGE_NO, CITY_NO, VILLAGE_NAME) VALUES (5670000, 6480000, '창원 의창성산구');
INSERT INTO NEWSOULMATE.VILLAGE (VILLAGE_NO, CITY_NO, VILLAGE_NAME) VALUES (5320000, 6480000, '창원 진해구');
INSERT INTO NEWSOULMATE.VILLAGE (VILLAGE_NO, CITY_NO, VILLAGE_NAME) VALUES (5330000, 6480000, '통영시');
INSERT INTO NEWSOULMATE.VILLAGE (VILLAGE_NO, CITY_NO, VILLAGE_NAME) VALUES (5440000, 6480000, '하동군');
INSERT INTO NEWSOULMATE.VILLAGE (VILLAGE_NO, CITY_NO, VILLAGE_NAME) VALUES (5400000, 6480000, '함안군');
INSERT INTO NEWSOULMATE.VILLAGE (VILLAGE_NO, CITY_NO, VILLAGE_NAME) VALUES (5460000, 6480000, '함양군');
INSERT INTO NEWSOULMATE.VILLAGE (VILLAGE_NO, CITY_NO, VILLAGE_NAME) VALUES (6520000, 6500000, '서귀포시');
INSERT INTO NEWSOULMATE.VILLAGE (VILLAGE_NO, CITY_NO, VILLAGE_NAME) VALUES (6510000, 6500000, '제주시');
INSERT INTO NEWSOULMATE.VILLAGE (VILLAGE_NO, CITY_NO, VILLAGE_NAME) VALUES (6119999, 6110000, '가정보호');
INSERT INTO NEWSOULMATE.VILLAGE (VILLAGE_NO, CITY_NO, VILLAGE_NAME) VALUES (3220000, 6110000, '강남구');


INSERT INTO NEWSOULMATE.SHELTER (SHELTER_NO, SHELTER_NAME, SHELTER_EMAIL, SHELTER_ADDRESS, SHELTER_TEL, SHELTER_LANDLINE, COMPANY_NUM, TRANSFER_ACCOUNT, CITY_NO, VILLAGE_NO) VALUES (311322202100003, '사랑이있는동물병원', null, null, null, null, null, null, 6110000, 3220000);
INSERT INTO NEWSOULMATE.SHELTER (SHELTER_NO, SHELTER_NAME, SHELTER_EMAIL, SHELTER_ADDRESS, SHELTER_TEL, SHELTER_LANDLINE, COMPANY_NUM, TRANSFER_ACCOUNT, CITY_NO, VILLAGE_NO) VALUES (311324201600004, 'GD동물병원', null, '서울특별시 강동구 상일로 13 (상일동) 1~2층 GD동물병원', null, '02-3425-6014', null, null, 6110000, 3240000);
INSERT INTO NEWSOULMATE.SHELTER (SHELTER_NO, SHELTER_NAME, SHELTER_EMAIL, SHELTER_ADDRESS, SHELTER_TEL, SHELTER_LANDLINE, COMPANY_NUM, TRANSFER_ACCOUNT, CITY_NO, VILLAGE_NO) VALUES (311324201600002, '둔촌동물병원', null, '서울특별시 강동구 양재대로 1385 (성내동) 둔촌동물병원', null, '02-3425-6014', null, null, 6110000, 3240000);
INSERT INTO NEWSOULMATE.SHELTER (SHELTER_NO, SHELTER_NAME, SHELTER_EMAIL, SHELTER_ADDRESS, SHELTER_TEL, SHELTER_LANDLINE, COMPANY_NUM, TRANSFER_ACCOUNT, CITY_NO, VILLAGE_NO) VALUES (311324201600001, '강동구청 반려동물팀 ', null, null, null, null, null, null, 6110000, 3240000);
INSERT INTO NEWSOULMATE.SHELTER (SHELTER_NO, SHELTER_NAME, SHELTER_EMAIL, SHELTER_ADDRESS, SHELTER_TEL, SHELTER_LANDLINE, COMPANY_NUM, TRANSFER_ACCOUNT, CITY_NO, VILLAGE_NO) VALUES (311324201700002, '강동리본센터(reborn)', null, '서울특별시 강동구 양재대로81길 73 (성내동) ', null, '02-3425-6014', null, null, 6110000, 3240000);
INSERT INTO NEWSOULMATE.SHELTER (SHELTER_NO, SHELTER_NAME, SHELTER_EMAIL, SHELTER_ADDRESS, SHELTER_TEL, SHELTER_LANDLINE, COMPANY_NUM, TRANSFER_ACCOUNT, CITY_NO, VILLAGE_NO) VALUES (311324201200001, '한국동물구조관리협회', null, '경기도 양주시 남면 감악산로 63-37  (사)한국동물구조관리협회', null, '02-3425-6014', null, null, 6110000, 3240000);
INSERT INTO NEWSOULMATE.SHELTER (SHELTER_NO, SHELTER_NAME, SHELTER_EMAIL, SHELTER_ADDRESS, SHELTER_TEL, SHELTER_LANDLINE, COMPANY_NUM, TRANSFER_ACCOUNT, CITY_NO, VILLAGE_NO) VALUES (311308201100001, '한국동물구조관리협회', null, null, null, null, null, null, 6110000, 3080000);
INSERT INTO NEWSOULMATE.SHELTER (SHELTER_NO, SHELTER_NAME, SHELTER_EMAIL, SHELTER_ADDRESS, SHELTER_TEL, SHELTER_LANDLINE, COMPANY_NUM, TRANSFER_ACCOUNT, CITY_NO, VILLAGE_NO) VALUES (311322200900001, '한국동물구조관리협회', null, '경기도 양주시 남면 감악산로 63-37 (남면) 한국동물구조관리협회', null, '02-3423-5508', null, null, 6110000, 3220000);
INSERT INTO NEWSOULMATE.SHELTER (SHELTER_NO, SHELTER_NAME, SHELTER_EMAIL, SHELTER_ADDRESS, SHELTER_TEL, SHELTER_LANDLINE, COMPANY_NUM, TRANSFER_ACCOUNT, CITY_NO, VILLAGE_NO) VALUES (311322202000001, '우리동물병원생명사회', null, null, null, null, null, null, 6110000, 3220000);
INSERT INTO NEWSOULMATE.SHELTER (SHELTER_NO, SHELTER_NAME, SHELTER_EMAIL, SHELTER_ADDRESS, SHELTER_TEL, SHELTER_LANDLINE, COMPANY_NUM, TRANSFER_ACCOUNT, CITY_NO, VILLAGE_NO) VALUES (311308201900002, '화신종합동물병원', null, null, null, null, null, null, 6110000, 3080000);
INSERT INTO NEWSOULMATE.SHELTER (SHELTER_NO, SHELTER_NAME, SHELTER_EMAIL, SHELTER_ADDRESS, SHELTER_TEL, SHELTER_LANDLINE, COMPANY_NUM, TRANSFER_ACCOUNT, CITY_NO, VILLAGE_NO) VALUES (311308201900001, '강북우리동물의료센터', null, null, null, null, null, null, 6110000, 3080000);
INSERT INTO NEWSOULMATE.SHELTER (SHELTER_NO, SHELTER_NAME, SHELTER_EMAIL, SHELTER_ADDRESS, SHELTER_TEL, SHELTER_LANDLINE, COMPANY_NUM, TRANSFER_ACCOUNT, CITY_NO, VILLAGE_NO) VALUES (311308202200001, '애니케어동물병원', null, null, null, null, null, null, 6110000, 3080000);
INSERT INTO NEWSOULMATE.SHELTER (SHELTER_NO, SHELTER_NAME, SHELTER_EMAIL, SHELTER_ADDRESS, SHELTER_TEL, SHELTER_LANDLINE, COMPANY_NUM, TRANSFER_ACCOUNT, CITY_NO, VILLAGE_NO) VALUES (311320201300001, '러브펫종합동물병원', null, null, null, null, null, null, 6110000, 3200000);
INSERT INTO NEWSOULMATE.SHELTER (SHELTER_NO, SHELTER_NAME, SHELTER_EMAIL, SHELTER_ADDRESS, SHELTER_TEL, SHELTER_LANDLINE, COMPANY_NUM, TRANSFER_ACCOUNT, CITY_NO, VILLAGE_NO) VALUES (311320201700004, '비타민동물병원', null, null, null, null, null, null, 6110000, 3200000);
INSERT INTO NEWSOULMATE.SHELTER (SHELTER_NO, SHELTER_NAME, SHELTER_EMAIL, SHELTER_ADDRESS, SHELTER_TEL, SHELTER_LANDLINE, COMPANY_NUM, TRANSFER_ACCOUNT, CITY_NO, VILLAGE_NO) VALUES (311320201700001, '한성동물병원', null, null, null, null, null, null, 6110000, 3200000);
INSERT INTO NEWSOULMATE.SHELTER (SHELTER_NO, SHELTER_NAME, SHELTER_EMAIL, SHELTER_ADDRESS, SHELTER_TEL, SHELTER_LANDLINE, COMPANY_NUM, TRANSFER_ACCOUNT, CITY_NO, VILLAGE_NO) VALUES (311320201900001, '세계로동물병원', null, null, null, null, null, null, 6110000, 3200000);
INSERT INTO NEWSOULMATE.SHELTER (SHELTER_NO, SHELTER_NAME, SHELTER_EMAIL, SHELTER_ADDRESS, SHELTER_TEL, SHELTER_LANDLINE, COMPANY_NUM, TRANSFER_ACCOUNT, CITY_NO, VILLAGE_NO) VALUES (311320201800001, '프렌즈동물병원', null, null, null, null, null, null, 6110000, 3200000);
INSERT INTO NEWSOULMATE.SHELTER (SHELTER_NO, SHELTER_NAME, SHELTER_EMAIL, SHELTER_ADDRESS, SHELTER_TEL, SHELTER_LANDLINE, COMPANY_NUM, TRANSFER_ACCOUNT, CITY_NO, VILLAGE_NO) VALUES (311320201800002, '관악TNRDAY', null, null, null, null, null, null, 6110000, 3200000);
INSERT INTO NEWSOULMATE.SHELTER (SHELTER_NO, SHELTER_NAME, SHELTER_EMAIL, SHELTER_ADDRESS, SHELTER_TEL, SHELTER_LANDLINE, COMPANY_NUM, TRANSFER_ACCOUNT, CITY_NO, VILLAGE_NO) VALUES (311320202000001, '예일동물병원', null, null, null, null, null, null, 6110000, 3200000);
INSERT INTO NEWSOULMATE.SHELTER (SHELTER_NO, SHELTER_NAME, SHELTER_EMAIL, SHELTER_ADDRESS, SHELTER_TEL, SHELTER_LANDLINE, COMPANY_NUM, TRANSFER_ACCOUNT, CITY_NO, VILLAGE_NO) VALUES (311320202100001, '서울동물복지지원센터', null, null, null, null, null, null, 6110000, 3200000);
INSERT INTO NEWSOULMATE.SHELTER (SHELTER_NO, SHELTER_NAME, SHELTER_EMAIL, SHELTER_ADDRESS, SHELTER_TEL, SHELTER_LANDLINE, COMPANY_NUM, TRANSFER_ACCOUNT, CITY_NO, VILLAGE_NO) VALUES (311304200900003, '한국동물구조관리협회', null, '경기도 양주시 남면 감악산로 63-37 (남면) ', null, '02-450-7379', null, null, 6110000, 3040000);
INSERT INTO NEWSOULMATE.SHELTER (SHELTER_NO, SHELTER_NAME, SHELTER_EMAIL, SHELTER_ADDRESS, SHELTER_TEL, SHELTER_LANDLINE, COMPANY_NUM, TRANSFER_ACCOUNT, CITY_NO, VILLAGE_NO) VALUES (311304201800001, '이다종합동물병원', null, null, null, null, null, null, 6110000, 3040000);
INSERT INTO NEWSOULMATE.SHELTER (SHELTER_NO, SHELTER_NAME, SHELTER_EMAIL, SHELTER_ADDRESS, SHELTER_TEL, SHELTER_LANDLINE, COMPANY_NUM, TRANSFER_ACCOUNT, CITY_NO, VILLAGE_NO) VALUES (311304202200002, '서울동물복지지원센터', null, null, null, null, null, null, 6110000, 3040000);
INSERT INTO NEWSOULMATE.SHELTER (SHELTER_NO, SHELTER_NAME, SHELTER_EMAIL, SHELTER_ADDRESS, SHELTER_TEL, SHELTER_LANDLINE, COMPANY_NUM, TRANSFER_ACCOUNT, CITY_NO, VILLAGE_NO) VALUES (311304202100001, '보람동물병원', null, null, null, null, null, null, 6110000, 3040000);
INSERT INTO NEWSOULMATE.SHELTER (SHELTER_NO, SHELTER_NAME, SHELTER_EMAIL, SHELTER_ADDRESS, SHELTER_TEL, SHELTER_LANDLINE, COMPANY_NUM, TRANSFER_ACCOUNT, CITY_NO, VILLAGE_NO) VALUES (311304202100002, '사랑이있는동물병원', null, null, null, null, null, null, 6110000, 3040000);
INSERT INTO NEWSOULMATE.SHELTER (SHELTER_NO, SHELTER_NAME, SHELTER_EMAIL, SHELTER_ADDRESS, SHELTER_TEL, SHELTER_LANDLINE, COMPANY_NUM, TRANSFER_ACCOUNT, CITY_NO, VILLAGE_NO) VALUES (311304202200003, '강동리본센터', null, null, null, null, null, null, 6110000, 3040000);
INSERT INTO NEWSOULMATE.SHELTER (SHELTER_NO, SHELTER_NAME, SHELTER_EMAIL, SHELTER_ADDRESS, SHELTER_TEL, SHELTER_LANDLINE, COMPANY_NUM, TRANSFER_ACCOUNT, CITY_NO, VILLAGE_NO) VALUES (311317201400001, '한국동물구조관리협회', null, '경기도 양주시 남면 감악산로 63-37 (남면) ', null, '02-2627-1313', null, null, 6110000, 3170000);
INSERT INTO NEWSOULMATE.SHELTER (SHELTER_NO, SHELTER_NAME, SHELTER_EMAIL, SHELTER_ADDRESS, SHELTER_TEL, SHELTER_LANDLINE, COMPANY_NUM, TRANSFER_ACCOUNT, CITY_NO, VILLAGE_NO) VALUES (311317201800002, '금천TNRDAY', null, null, null, null, null, null, 6110000, 3170000);
INSERT INTO NEWSOULMATE.SHELTER (SHELTER_NO, SHELTER_NAME, SHELTER_EMAIL, SHELTER_ADDRESS, SHELTER_TEL, SHELTER_LANDLINE, COMPANY_NUM, TRANSFER_ACCOUNT, CITY_NO, VILLAGE_NO) VALUES (311317201900001, '노아동물병원', null, null, null, null, null, null, 6110000, 3170000);
INSERT INTO NEWSOULMATE.SHELTER (SHELTER_NO, SHELTER_NAME, SHELTER_EMAIL, SHELTER_ADDRESS, SHELTER_TEL, SHELTER_LANDLINE, COMPANY_NUM, TRANSFER_ACCOUNT, CITY_NO, VILLAGE_NO) VALUES (311317201900002, '190519TNRDAY', null, null, null, null, null, null, 6110000, 3170000);
INSERT INTO NEWSOULMATE.SHELTER (SHELTER_NO, SHELTER_NAME, SHELTER_EMAIL, SHELTER_ADDRESS, SHELTER_TEL, SHELTER_LANDLINE, COMPANY_NUM, TRANSFER_ACCOUNT, CITY_NO, VILLAGE_NO) VALUES (311310201000001, '한국동물구조관리협회', null, '경기도 양주시 남면 감악산로 63-37 (남면) ', null, '02-2116-4268', null, null, 6110000, 3100000);
INSERT INTO NEWSOULMATE.SHELTER (SHELTER_NO, SHELTER_NAME, SHELTER_EMAIL, SHELTER_ADDRESS, SHELTER_TEL, SHELTER_LANDLINE, COMPANY_NUM, TRANSFER_ACCOUNT, CITY_NO, VILLAGE_NO) VALUES (311310201400002, '시마동물병원', null, null, null, null, null, null, 6110000, 3100000);
INSERT INTO NEWSOULMATE.SHELTER (SHELTER_NO, SHELTER_NAME, SHELTER_EMAIL, SHELTER_ADDRESS, SHELTER_TEL, SHELTER_LANDLINE, COMPANY_NUM, TRANSFER_ACCOUNT, CITY_NO, VILLAGE_NO) VALUES (311310201400001, '25시동물병원', null, null, null, null, null, null, 6110000, 3100000);
INSERT INTO NEWSOULMATE.SHELTER (SHELTER_NO, SHELTER_NAME, SHELTER_EMAIL, SHELTER_ADDRESS, SHELTER_TEL, SHELTER_LANDLINE, COMPANY_NUM, TRANSFER_ACCOUNT, CITY_NO, VILLAGE_NO) VALUES (311310201700001, '노원 TNR DAY', null, null, null, null, null, null, 6110000, 3100000);
INSERT INTO NEWSOULMATE.SHELTER (SHELTER_NO, SHELTER_NAME, SHELTER_EMAIL, SHELTER_ADDRESS, SHELTER_TEL, SHELTER_LANDLINE, COMPANY_NUM, TRANSFER_ACCOUNT, CITY_NO, VILLAGE_NO) VALUES (311310202100001, '이n김동물병원', null, null, null, null, null, null, 6110000, 3100000);
INSERT INTO NEWSOULMATE.SHELTER (SHELTER_NO, SHELTER_NAME, SHELTER_EMAIL, SHELTER_ADDRESS, SHELTER_TEL, SHELTER_LANDLINE, COMPANY_NUM, TRANSFER_ACCOUNT, CITY_NO, VILLAGE_NO) VALUES (311310202000001, '러브펫(상계점)', null, null, null, null, null, null, 6110000, 3100000);
INSERT INTO NEWSOULMATE.SHELTER (SHELTER_NO, SHELTER_NAME, SHELTER_EMAIL, SHELTER_ADDRESS, SHELTER_TEL, SHELTER_LANDLINE, COMPANY_NUM, TRANSFER_ACCOUNT, CITY_NO, VILLAGE_NO) VALUES (311310202000003, '엔젤동물병원', null, null, null, null, null, null, 6110000, 3100000);
INSERT INTO NEWSOULMATE.SHELTER (SHELTER_NO, SHELTER_NAME, SHELTER_EMAIL, SHELTER_ADDRESS, SHELTER_TEL, SHELTER_LANDLINE, COMPANY_NUM, TRANSFER_ACCOUNT, CITY_NO, VILLAGE_NO) VALUES (311310202000004, '노원반려동물문화센터', null, null, null, null, null, null, 6110000, 3100000);
INSERT INTO NEWSOULMATE.SHELTER (SHELTER_NO, SHELTER_NAME, SHELTER_EMAIL, SHELTER_ADDRESS, SHELTER_TEL, SHELTER_LANDLINE, COMPANY_NUM, TRANSFER_ACCOUNT, CITY_NO, VILLAGE_NO) VALUES (311310202000002, '러브펫(공릉점)', null, null, null, null, null, null, 6110000, 3100000);
INSERT INTO NEWSOULMATE.SHELTER (SHELTER_NO, SHELTER_NAME, SHELTER_EMAIL, SHELTER_ADDRESS, SHELTER_TEL, SHELTER_LANDLINE, COMPANY_NUM, TRANSFER_ACCOUNT, CITY_NO, VILLAGE_NO) VALUES (311309201900002, '화신종합동물병원', null, null, null, null, null, null, 6110000, 3090000);
INSERT INTO NEWSOULMATE.SHELTER (SHELTER_NO, SHELTER_NAME, SHELTER_EMAIL, SHELTER_ADDRESS, SHELTER_TEL, SHELTER_LANDLINE, COMPANY_NUM, TRANSFER_ACCOUNT, CITY_NO, VILLAGE_NO) VALUES (311309200900001, '한국동물구조관리협회', null, '경기도 양주시 남면 상수리 410-1', null, '02-2091-3213', null, null, 6110000, 3090000);
INSERT INTO NEWSOULMATE.SHELTER (SHELTER_NO, SHELTER_NAME, SHELTER_EMAIL, SHELTER_ADDRESS, SHELTER_TEL, SHELTER_LANDLINE, COMPANY_NUM, TRANSFER_ACCOUNT, CITY_NO, VILLAGE_NO) VALUES (311309202200001, '서울동물복지지원센터', null, null, null, null, null, null, 6110000, 3090000);
INSERT INTO NEWSOULMATE.SHELTER (SHELTER_NO, SHELTER_NAME, SHELTER_EMAIL, SHELTER_ADDRESS, SHELTER_TEL, SHELTER_LANDLINE, COMPANY_NUM, TRANSFER_ACCOUNT, CITY_NO, VILLAGE_NO) VALUES (311305201300001, '한국동물구조관리협회', null, '경기도 양주시 남면 감악산로 63-37 ', null, '02-2127-4268', null, null, 6110000, 3050000);
INSERT INTO NEWSOULMATE.SHELTER (SHELTER_NO, SHELTER_NAME, SHELTER_EMAIL, SHELTER_ADDRESS, SHELTER_TEL, SHELTER_LANDLINE, COMPANY_NUM, TRANSFER_ACCOUNT, CITY_NO, VILLAGE_NO) VALUES (311305201600002, '푸른종합동물병원', null, null, null, null, null, null, 6110000, 3050000);
INSERT INTO NEWSOULMATE.SHELTER (SHELTER_NO, SHELTER_NAME, SHELTER_EMAIL, SHELTER_ADDRESS, SHELTER_TEL, SHELTER_LANDLINE, COMPANY_NUM, TRANSFER_ACCOUNT, CITY_NO, VILLAGE_NO) VALUES (311305201800002, '주주동물병원', null, null, null, null, null, null, 6110000, 3050000);
INSERT INTO NEWSOULMATE.SHELTER (SHELTER_NO, SHELTER_NAME, SHELTER_EMAIL, SHELTER_ADDRESS, SHELTER_TEL, SHELTER_LANDLINE, COMPANY_NUM, TRANSFER_ACCOUNT, CITY_NO, VILLAGE_NO) VALUES (311305202000001, '박철환동물병원', null, null, null, null, null, null, 6110000, 3050000);
INSERT INTO NEWSOULMATE.SHELTER (SHELTER_NO, SHELTER_NAME, SHELTER_EMAIL, SHELTER_ADDRESS, SHELTER_TEL, SHELTER_LANDLINE, COMPANY_NUM, TRANSFER_ACCOUNT, CITY_NO, VILLAGE_NO) VALUES (311319201200001, '디아크동물종합병원', null, '서울특별시 동작구 장승배기로27길 18 (노량진동) ', null, '02-820-1420', null, null, 6110000, 3190000);
INSERT INTO NEWSOULMATE.SHELTER (SHELTER_NO, SHELTER_NAME, SHELTER_EMAIL, SHELTER_ADDRESS, SHELTER_TEL, SHELTER_LANDLINE, COMPANY_NUM, TRANSFER_ACCOUNT, CITY_NO, VILLAGE_NO) VALUES (311319201800003, '20181014TNR데이', null, null, null, null, null, null, 6110000, 3190000);
INSERT INTO NEWSOULMATE.SHELTER (SHELTER_NO, SHELTER_NAME, SHELTER_EMAIL, SHELTER_ADDRESS, SHELTER_TEL, SHELTER_LANDLINE, COMPANY_NUM, TRANSFER_ACCOUNT, CITY_NO, VILLAGE_NO) VALUES (311319201800001, '디아크종합동물병원', null, null, null, null, null, null, 6110000, 3190000);
INSERT INTO NEWSOULMATE.SHELTER (SHELTER_NO, SHELTER_NAME, SHELTER_EMAIL, SHELTER_ADDRESS, SHELTER_TEL, SHELTER_LANDLINE, COMPANY_NUM, TRANSFER_ACCOUNT, CITY_NO, VILLAGE_NO) VALUES (311313201000006, '박창석동물병원', null, '서울특별시 마포구 도화길 42 (도화동) ', null, '02-3153-8543', null, null, 6110000, 3130000);
INSERT INTO NEWSOULMATE.SHELTER (SHELTER_NO, SHELTER_NAME, SHELTER_EMAIL, SHELTER_ADDRESS, SHELTER_TEL, SHELTER_LANDLINE, COMPANY_NUM, TRANSFER_ACCOUNT, CITY_NO, VILLAGE_NO) VALUES (311313201000017, '홍익동물병원', null, '서울특별시 마포구 독막로 45 (합정동) ', null, '02-3153-8543', null, null, 6110000, 3130000);
INSERT INTO NEWSOULMATE.SHELTER (SHELTER_NO, SHELTER_NAME, SHELTER_EMAIL, SHELTER_ADDRESS, SHELTER_TEL, SHELTER_LANDLINE, COMPANY_NUM, TRANSFER_ACCOUNT, CITY_NO, VILLAGE_NO) VALUES (311313201300003, '웰케어 동물병원', null, '서울특별시 마포구 월드컵북로 27 (서교동, 이화빌딩) 서교동447-2', null, '02-3153-8543', null, null, 6110000, 3130000);
INSERT INTO NEWSOULMATE.SHELTER (SHELTER_NO, SHELTER_NAME, SHELTER_EMAIL, SHELTER_ADDRESS, SHELTER_TEL, SHELTER_LANDLINE, COMPANY_NUM, TRANSFER_ACCOUNT, CITY_NO, VILLAGE_NO) VALUES (311313201800001, '동물보호시민단체카라', null, null, null, null, null, null, 6110000, 3130000);
INSERT INTO NEWSOULMATE.SHELTER (SHELTER_NO, SHELTER_NAME, SHELTER_EMAIL, SHELTER_ADDRESS, SHELTER_TEL, SHELTER_LANDLINE, COMPANY_NUM, TRANSFER_ACCOUNT, CITY_NO, VILLAGE_NO) VALUES (311313201800003, '마포TNRDAY', null, null, null, null, null, null, 6110000, 3130000);
INSERT INTO NEWSOULMATE.SHELTER (SHELTER_NO, SHELTER_NAME, SHELTER_EMAIL, SHELTER_ADDRESS, SHELTER_TEL, SHELTER_LANDLINE, COMPANY_NUM, TRANSFER_ACCOUNT, CITY_NO, VILLAGE_NO) VALUES (311313202000001, 'C.T종합동물병원', null, null, null, null, null, null, 6110000, 3130000);
INSERT INTO NEWSOULMATE.SHELTER (SHELTER_NO, SHELTER_NAME, SHELTER_EMAIL, SHELTER_ADDRESS, SHELTER_TEL, SHELTER_LANDLINE, COMPANY_NUM, TRANSFER_ACCOUNT, CITY_NO, VILLAGE_NO) VALUES (311313202000003, '마포구청', null, null, null, null, null, null, 6110000, 3130000);
INSERT INTO NEWSOULMATE.SHELTER (SHELTER_NO, SHELTER_NAME, SHELTER_EMAIL, SHELTER_ADDRESS, SHELTER_TEL, SHELTER_LANDLINE, COMPANY_NUM, TRANSFER_ACCOUNT, CITY_NO, VILLAGE_NO) VALUES (311313202000002, '월드펫동물병원', null, null, null, null, null, null, 6110000, 3130000);
INSERT INTO NEWSOULMATE.SHELTER (SHELTER_NO, SHELTER_NAME, SHELTER_EMAIL, SHELTER_ADDRESS, SHELTER_TEL, SHELTER_LANDLINE, COMPANY_NUM, TRANSFER_ACCOUNT, CITY_NO, VILLAGE_NO) VALUES (311312201100001, '한국동물구조관리협회', null, '경기도 양주시 남면 감악산로 63-37  ', null, '02-330-4373', null, null, 6110000, 3120000);
INSERT INTO NEWSOULMATE.SHELTER (SHELTER_NO, SHELTER_NAME, SHELTER_EMAIL, SHELTER_ADDRESS, SHELTER_TEL, SHELTER_LANDLINE, COMPANY_NUM, TRANSFER_ACCOUNT, CITY_NO, VILLAGE_NO) VALUES (311611201700002, '서울동물학대방지연합', null, null, null, null, null, null, 6110000, 6119998);
INSERT INTO NEWSOULMATE.SHELTER (SHELTER_NO, SHELTER_NAME, SHELTER_EMAIL, SHELTER_ADDRESS, SHELTER_TEL, SHELTER_LANDLINE, COMPANY_NUM, TRANSFER_ACCOUNT, CITY_NO, VILLAGE_NO) VALUES (311611201700001, '케어', null, null, null, null, null, null, 6110000, 6119998);
INSERT INTO NEWSOULMATE.SHELTER (SHELTER_NO, SHELTER_NAME, SHELTER_EMAIL, SHELTER_ADDRESS, SHELTER_TEL, SHELTER_LANDLINE, COMPANY_NUM, TRANSFER_ACCOUNT, CITY_NO, VILLAGE_NO) VALUES (311611201600001, '한국고양이보호협회', null, null, null, null, null, null, 6110000, 6119998);
INSERT INTO NEWSOULMATE.SHELTER (SHELTER_NO, SHELTER_NAME, SHELTER_EMAIL, SHELTER_ADDRESS, SHELTER_TEL, SHELTER_LANDLINE, COMPANY_NUM, TRANSFER_ACCOUNT, CITY_NO, VILLAGE_NO) VALUES (311611201800002, '팅커벨프로젝트', null, null, null, null, null, null, 6110000, 6119998);
INSERT INTO NEWSOULMATE.SHELTER (SHELTER_NO, SHELTER_NAME, SHELTER_EMAIL, SHELTER_ADDRESS, SHELTER_TEL, SHELTER_LANDLINE, COMPANY_NUM, TRANSFER_ACCOUNT, CITY_NO, VILLAGE_NO) VALUES (311611201800001, '(사)한국고양이연맹', null, null, null, null, null, null, 6110000, 6119998);
INSERT INTO NEWSOULMATE.SHELTER (SHELTER_NO, SHELTER_NAME, SHELTER_EMAIL, SHELTER_ADDRESS, SHELTER_TEL, SHELTER_LANDLINE, COMPANY_NUM, TRANSFER_ACCOUNT, CITY_NO, VILLAGE_NO) VALUES (311611201900001, '동물과함께행복한세상', null, null, null, null, null, null, 6110000, 6119998);
INSERT INTO NEWSOULMATE.SHELTER (SHELTER_NO, SHELTER_NAME, SHELTER_EMAIL, SHELTER_ADDRESS, SHELTER_TEL, SHELTER_LANDLINE, COMPANY_NUM, TRANSFER_ACCOUNT, CITY_NO, VILLAGE_NO) VALUES (311611201900002, '한국동물복지시민연합', null, null, null, null, null, null, 6110000, 6119998);
INSERT INTO NEWSOULMATE.SHELTER (SHELTER_NO, SHELTER_NAME, SHELTER_EMAIL, SHELTER_ADDRESS, SHELTER_TEL, SHELTER_LANDLINE, COMPANY_NUM, TRANSFER_ACCOUNT, CITY_NO, VILLAGE_NO) VALUES (311611202000001, '서울동물복지지원센터', null, null, null, null, null, null, 6110000, 6119998);
INSERT INTO NEWSOULMATE.SHELTER (SHELTER_NO, SHELTER_NAME, SHELTER_EMAIL, SHELTER_ADDRESS, SHELTER_TEL, SHELTER_LANDLINE, COMPANY_NUM, TRANSFER_ACCOUNT, CITY_NO, VILLAGE_NO) VALUES (311611202000003, '동물구조119', null, null, null, null, null, null, 6110000, 6119998);
INSERT INTO NEWSOULMATE.SHELTER (SHELTER_NO, SHELTER_NAME, SHELTER_EMAIL, SHELTER_ADDRESS, SHELTER_TEL, SHELTER_LANDLINE, COMPANY_NUM, TRANSFER_ACCOUNT, CITY_NO, VILLAGE_NO) VALUES (311611202000002, '동물보호단체 다솜', null, null, null, null, null, null, 6110000, 6119998);
INSERT INTO NEWSOULMATE.SHELTER (SHELTER_NO, SHELTER_NAME, SHELTER_EMAIL, SHELTER_ADDRESS, SHELTER_TEL, SHELTER_LANDLINE, COMPANY_NUM, TRANSFER_ACCOUNT, CITY_NO, VILLAGE_NO) VALUES (311611202000004, '서울동물복지지원구로', null, null, null, null, null, null, 6110000, 6119998);
INSERT INTO NEWSOULMATE.SHELTER (SHELTER_NO, SHELTER_NAME, SHELTER_EMAIL, SHELTER_ADDRESS, SHELTER_TEL, SHELTER_LANDLINE, COMPANY_NUM, TRANSFER_ACCOUNT, CITY_NO, VILLAGE_NO) VALUES (311611202100002, '동길사', null, null, null, null, null, null, 6110000, 6119998);
INSERT INTO NEWSOULMATE.SHELTER (SHELTER_NO, SHELTER_NAME, SHELTER_EMAIL, SHELTER_ADDRESS, SHELTER_TEL, SHELTER_LANDLINE, COMPANY_NUM, TRANSFER_ACCOUNT, CITY_NO, VILLAGE_NO) VALUES (311321201400005, '한동물병원', null, null, null, null, null, null, 6110000, 3210000);
INSERT INTO NEWSOULMATE.SHELTER (SHELTER_NO, SHELTER_NAME, SHELTER_EMAIL, SHELTER_ADDRESS, SHELTER_TEL, SHELTER_LANDLINE, COMPANY_NUM, TRANSFER_ACCOUNT, CITY_NO, VILLAGE_NO) VALUES (311321201800003, '20181014TNR데이', null, null, null, null, null, null, 6110000, 3210000);
INSERT INTO NEWSOULMATE.SHELTER (SHELTER_NO, SHELTER_NAME, SHELTER_EMAIL, SHELTER_ADDRESS, SHELTER_TEL, SHELTER_LANDLINE, COMPANY_NUM, TRANSFER_ACCOUNT, CITY_NO, VILLAGE_NO) VALUES (311321201800002, '서초동물사랑센터', null, '서울특별시 서초구 양재천로19길 22 (양재동, 숨빌딩) 서초동물사랑센터', null, '02-2155-8756', null, null, 6110000, 3210000);
INSERT INTO NEWSOULMATE.SHELTER (SHELTER_NO, SHELTER_NAME, SHELTER_EMAIL, SHELTER_ADDRESS, SHELTER_TEL, SHELTER_LANDLINE, COMPANY_NUM, TRANSFER_ACCOUNT, CITY_NO, VILLAGE_NO) VALUES (311321201400004, '한국동물구조관리협회', null, null, null, null, null, null, 6110000, 3210000);
INSERT INTO NEWSOULMATE.SHELTER (SHELTER_NO, SHELTER_NAME, SHELTER_EMAIL, SHELTER_ADDRESS, SHELTER_TEL, SHELTER_LANDLINE, COMPANY_NUM, TRANSFER_ACCOUNT, CITY_NO, VILLAGE_NO) VALUES (311303200900001, '한국동물구조관리협회', null, '경기도 양주시 남면 감악산로 63-37 (남면) ', null, '02-2286-5465', null, null, 6110000, 3030000);
INSERT INTO NEWSOULMATE.SHELTER (SHELTER_NO, SHELTER_NAME, SHELTER_EMAIL, SHELTER_ADDRESS, SHELTER_TEL, SHELTER_LANDLINE, COMPANY_NUM, TRANSFER_ACCOUNT, CITY_NO, VILLAGE_NO) VALUES (311323201100001, '한국동물구조관리협회', null, '경기도 양주시 남면 감악산로 63-37 (남면) ', null, '02-2147-2835', null, null, 6110000, 3230000);
INSERT INTO NEWSOULMATE.SHELTER (SHELTER_NO, SHELTER_NAME, SHELTER_EMAIL, SHELTER_ADDRESS, SHELTER_TEL, SHELTER_LANDLINE, COMPANY_NUM, TRANSFER_ACCOUNT, CITY_NO, VILLAGE_NO) VALUES (311323202200001, '잠실종합동물병원', null, null, null, null, null, null, 6110000, 3230000);
INSERT INTO NEWSOULMATE.SHELTER (SHELTER_NO, SHELTER_NAME, SHELTER_EMAIL, SHELTER_ADDRESS, SHELTER_TEL, SHELTER_LANDLINE, COMPANY_NUM, TRANSFER_ACCOUNT, CITY_NO, VILLAGE_NO) VALUES (311314201000001, '강현림동물병원', null, '서울특별시 양천구 등촌로 160 (목동) 1층', null, '02-2620-4918', null, null, 6110000, 3140000);
INSERT INTO NEWSOULMATE.SHELTER (SHELTER_NO, SHELTER_NAME, SHELTER_EMAIL, SHELTER_ADDRESS, SHELTER_TEL, SHELTER_LANDLINE, COMPANY_NUM, TRANSFER_ACCOUNT, CITY_NO, VILLAGE_NO) VALUES (311318201200001, '한국동물구조관리협회', null, '경기도 양주시 남면 감악산로 63-37 ', null, '02-2670-3417', null, null, 6110000, 3180000);
INSERT INTO NEWSOULMATE.SHELTER (SHELTER_NO, SHELTER_NAME, SHELTER_EMAIL, SHELTER_ADDRESS, SHELTER_TEL, SHELTER_LANDLINE, COMPANY_NUM, TRANSFER_ACCOUNT, CITY_NO, VILLAGE_NO) VALUES (311318201600002, '참동물병원', null, null, null, null, null, null, 6110000, 3180000);
INSERT INTO NEWSOULMATE.SHELTER (SHELTER_NO, SHELTER_NAME, SHELTER_EMAIL, SHELTER_ADDRESS, SHELTER_TEL, SHELTER_LANDLINE, COMPANY_NUM, TRANSFER_ACCOUNT, CITY_NO, VILLAGE_NO) VALUES (311318201700002, '신풍동물종합병원', null, null, null, null, null, null, 6110000, 3180000);
INSERT INTO NEWSOULMATE.SHELTER (SHELTER_NO, SHELTER_NAME, SHELTER_EMAIL, SHELTER_ADDRESS, SHELTER_TEL, SHELTER_LANDLINE, COMPANY_NUM, TRANSFER_ACCOUNT, CITY_NO, VILLAGE_NO) VALUES (311318201600001, '여의도동물병원은하점', null, null, null, null, null, null, 6110000, 3180000);
INSERT INTO NEWSOULMATE.SHELTER (SHELTER_NO, SHELTER_NAME, SHELTER_EMAIL, SHELTER_ADDRESS, SHELTER_TEL, SHELTER_LANDLINE, COMPANY_NUM, TRANSFER_ACCOUNT, CITY_NO, VILLAGE_NO) VALUES (311318201700005, '영등포TNRDAY', null, null, null, null, null, null, 6110000, 3180000);
INSERT INTO NEWSOULMATE.SHELTER (SHELTER_NO, SHELTER_NAME, SHELTER_EMAIL, SHELTER_ADDRESS, SHELTER_TEL, SHELTER_LANDLINE, COMPANY_NUM, TRANSFER_ACCOUNT, CITY_NO, VILLAGE_NO) VALUES (311318201700001, '영등포동물병원', null, null, null, null, null, null, 6110000, 3180000);
INSERT INTO NEWSOULMATE.SHELTER (SHELTER_NO, SHELTER_NAME, SHELTER_EMAIL, SHELTER_ADDRESS, SHELTER_TEL, SHELTER_LANDLINE, COMPANY_NUM, TRANSFER_ACCOUNT, CITY_NO, VILLAGE_NO) VALUES (311318201700003, 'I-pet 동물병원', null, null, null, null, null, null, 6110000, 3180000);
INSERT INTO NEWSOULMATE.SHELTER (SHELTER_NO, SHELTER_NAME, SHELTER_EMAIL, SHELTER_ADDRESS, SHELTER_TEL, SHELTER_LANDLINE, COMPANY_NUM, TRANSFER_ACCOUNT, CITY_NO, VILLAGE_NO) VALUES (311318202000001, '한샘동물병원', null, null, null, null, null, null, 6110000, 3180000);
INSERT INTO NEWSOULMATE.SHELTER (SHELTER_NO, SHELTER_NAME, SHELTER_EMAIL, SHELTER_ADDRESS, SHELTER_TEL, SHELTER_LANDLINE, COMPANY_NUM, TRANSFER_ACCOUNT, CITY_NO, VILLAGE_NO) VALUES (311302201000003, '21세기동물병원', null, '서울특별시 용산구 보광동 259-1', null, '02-2199-8054', null, null, 6110000, 3020000);
INSERT INTO NEWSOULMATE.SHELTER (SHELTER_NO, SHELTER_NAME, SHELTER_EMAIL, SHELTER_ADDRESS, SHELTER_TEL, SHELTER_LANDLINE, COMPANY_NUM, TRANSFER_ACCOUNT, CITY_NO, VILLAGE_NO) VALUES (311302201000005, '이태원동물병원', null, '서울특별시 용산구 이태원동 531', null, '02-2199-8054', null, null, 6110000, 3020000);
INSERT INTO NEWSOULMATE.SHELTER (SHELTER_NO, SHELTER_NAME, SHELTER_EMAIL, SHELTER_ADDRESS, SHELTER_TEL, SHELTER_LANDLINE, COMPANY_NUM, TRANSFER_ACCOUNT, CITY_NO, VILLAGE_NO) VALUES (311302201000006, '열린동물병원', null, '서울특별시 용산구 원효로2가 84-10', null, '02-2199-8054', null, null, 6110000, 3020000);
INSERT INTO NEWSOULMATE.SHELTER (SHELTER_NO, SHELTER_NAME, SHELTER_EMAIL, SHELTER_ADDRESS, SHELTER_TEL, SHELTER_LANDLINE, COMPANY_NUM, TRANSFER_ACCOUNT, CITY_NO, VILLAGE_NO) VALUES (311302201000007, '보광동물병원', null, null, null, null, null, null, 6110000, 3020000);
INSERT INTO NEWSOULMATE.SHELTER (SHELTER_NO, SHELTER_NAME, SHELTER_EMAIL, SHELTER_ADDRESS, SHELTER_TEL, SHELTER_LANDLINE, COMPANY_NUM, TRANSFER_ACCOUNT, CITY_NO, VILLAGE_NO) VALUES (311302201000013, '차오름동물병원', null, null, null, null, null, null, 6110000, 3020000);
INSERT INTO NEWSOULMATE.SHELTER (SHELTER_NO, SHELTER_NAME, SHELTER_EMAIL, SHELTER_ADDRESS, SHELTER_TEL, SHELTER_LANDLINE, COMPANY_NUM, TRANSFER_ACCOUNT, CITY_NO, VILLAGE_NO) VALUES (311302201000020, '남산동물병원', null, '서울특별시 용산구 후암동 244-60', null, '02-2199-8054', null, null, 6110000, 3020000);
INSERT INTO NEWSOULMATE.SHELTER (SHELTER_NO, SHELTER_NAME, SHELTER_EMAIL, SHELTER_ADDRESS, SHELTER_TEL, SHELTER_LANDLINE, COMPANY_NUM, TRANSFER_ACCOUNT, CITY_NO, VILLAGE_NO) VALUES (311302201000019, '금강동물병원', null, null, null, null, null, null, 6110000, 3020000);
INSERT INTO NEWSOULMATE.SHELTER (SHELTER_NO, SHELTER_NAME, SHELTER_EMAIL, SHELTER_ADDRESS, SHELTER_TEL, SHELTER_LANDLINE, COMPANY_NUM, TRANSFER_ACCOUNT, CITY_NO, VILLAGE_NO) VALUES (311302201000008, '원효동물병원', null, null, null, null, null, null, 6110000, 3020000);
INSERT INTO NEWSOULMATE.SHELTER (SHELTER_NO, SHELTER_NAME, SHELTER_EMAIL, SHELTER_ADDRESS, SHELTER_TEL, SHELTER_LANDLINE, COMPANY_NUM, TRANSFER_ACCOUNT, CITY_NO, VILLAGE_NO) VALUES (311302201000014, '이상윤동물병원', null, null, null, null, null, null, 6110000, 3020000);
INSERT INTO NEWSOULMATE.SHELTER (SHELTER_NO, SHELTER_NAME, SHELTER_EMAIL, SHELTER_ADDRESS, SHELTER_TEL, SHELTER_LANDLINE, COMPANY_NUM, TRANSFER_ACCOUNT, CITY_NO, VILLAGE_NO) VALUES (311302201000002, '효창동물병원', null, null, null, null, null, null, 6110000, 3020000);
INSERT INTO NEWSOULMATE.SHELTER (SHELTER_NO, SHELTER_NAME, SHELTER_EMAIL, SHELTER_ADDRESS, SHELTER_TEL, SHELTER_LANDLINE, COMPANY_NUM, TRANSFER_ACCOUNT, CITY_NO, VILLAGE_NO) VALUES (311302201000011, '청화동물병원', null, null, null, null, null, null, 6110000, 3020000);
INSERT INTO NEWSOULMATE.SHELTER (SHELTER_NO, SHELTER_NAME, SHELTER_EMAIL, SHELTER_ADDRESS, SHELTER_TEL, SHELTER_LANDLINE, COMPANY_NUM, TRANSFER_ACCOUNT, CITY_NO, VILLAGE_NO) VALUES (311302201000018, '라온동물병원', null, null, null, null, null, null, 6110000, 3020000);
INSERT INTO NEWSOULMATE.SHELTER (SHELTER_NO, SHELTER_NAME, SHELTER_EMAIL, SHELTER_ADDRESS, SHELTER_TEL, SHELTER_LANDLINE, COMPANY_NUM, TRANSFER_ACCOUNT, CITY_NO, VILLAGE_NO) VALUES (311302201400001, '민트동물병원', null, null, null, null, null, null, 6110000, 3020000);
INSERT INTO NEWSOULMATE.SHELTER (SHELTER_NO, SHELTER_NAME, SHELTER_EMAIL, SHELTER_ADDRESS, SHELTER_TEL, SHELTER_LANDLINE, COMPANY_NUM, TRANSFER_ACCOUNT, CITY_NO, VILLAGE_NO) VALUES (311302201000012, '펫토이동물병원', null, '서울특별시 용산구 한남동 653-26', null, '02-2199-8054', null, null, 6110000, 3020000);
INSERT INTO NEWSOULMATE.SHELTER (SHELTER_NO, SHELTER_NAME, SHELTER_EMAIL, SHELTER_ADDRESS, SHELTER_TEL, SHELTER_LANDLINE, COMPANY_NUM, TRANSFER_ACCOUNT, CITY_NO, VILLAGE_NO) VALUES (311302201000004, '한남동물병원', null, null, null, null, null, null, 6110000, 3020000);
INSERT INTO NEWSOULMATE.SHELTER (SHELTER_NO, SHELTER_NAME, SHELTER_EMAIL, SHELTER_ADDRESS, SHELTER_TEL, SHELTER_LANDLINE, COMPANY_NUM, TRANSFER_ACCOUNT, CITY_NO, VILLAGE_NO) VALUES (311311201100001, '한국동물구조관리협회', null, '경기도 양주시 남면 감악산로 63-48  ', null, '02-351-6842', null, null, 6110000, 3110000);
INSERT INTO NEWSOULMATE.SHELTER (SHELTER_NO, SHELTER_NAME, SHELTER_EMAIL, SHELTER_ADDRESS, SHELTER_TEL, SHELTER_LANDLINE, COMPANY_NUM, TRANSFER_ACCOUNT, CITY_NO, VILLAGE_NO) VALUES (311311202000001, '우리동물병원생명사회', null, '서울특별시 마포구 월드컵북로12길 22 (성산동) 우리동물병원생명사회적협동조합', null, '02-351-6842', null, null, 6110000, 3110000);
INSERT INTO NEWSOULMATE.SHELTER (SHELTER_NO, SHELTER_NAME, SHELTER_EMAIL, SHELTER_ADDRESS, SHELTER_TEL, SHELTER_LANDLINE, COMPANY_NUM, TRANSFER_ACCOUNT, CITY_NO, VILLAGE_NO) VALUES (311301201000001, '한국동물구조관리협회', null, '경기도 양주시 남면 감악산로 63-37 (남면) ', null, '02-3396-5073', null, null, 6110000, 3010000);
INSERT INTO NEWSOULMATE.SHELTER (SHELTER_NO, SHELTER_NAME, SHELTER_EMAIL, SHELTER_ADDRESS, SHELTER_TEL, SHELTER_LANDLINE, COMPANY_NUM, TRANSFER_ACCOUNT, CITY_NO, VILLAGE_NO) VALUES (326336202000001, '부산동물보호센터', null, null, null, null, null, null, 6260000, 3360000);
INSERT INTO NEWSOULMATE.SHELTER (SHELTER_NO, SHELTER_NAME, SHELTER_EMAIL, SHELTER_ADDRESS, SHELTER_TEL, SHELTER_LANDLINE, COMPANY_NUM, TRANSFER_ACCOUNT, CITY_NO, VILLAGE_NO) VALUES (326332201000001, '부산동물보호센터', null, '부산광역시 강서구 맥도강변길 752-15 (대저2동) ', null, '051-309-4651', null, null, 6260000, 3320000);
INSERT INTO NEWSOULMATE.SHELTER (SHELTER_NO, SHELTER_NAME, SHELTER_EMAIL, SHELTER_ADDRESS, SHELTER_TEL, SHELTER_LANDLINE, COMPANY_NUM, TRANSFER_ACCOUNT, CITY_NO, VILLAGE_NO) VALUES (327344201600001, '대구유기동물보호협회', null, '대구광역시 동구 금강로 151-13 (금강동) ', null, '053-664-2644', null, null, 6270000, 3440000);
INSERT INTO NEWSOULMATE.SHELTER (SHELTER_NO, SHELTER_NAME, SHELTER_EMAIL, SHELTER_ADDRESS, SHELTER_TEL, SHELTER_LANDLINE, COMPANY_NUM, TRANSFER_ACCOUNT, CITY_NO, VILLAGE_NO) VALUES (327347201400001, '대구유기동물보호협회', null, '대구광역시 동구 금강로 151-13 (금강동) ', null, '053-667-2692', null, null, 6270000, 3470000);
INSERT INTO NEWSOULMATE.SHELTER (SHELTER_NO, SHELTER_NAME, SHELTER_EMAIL, SHELTER_ADDRESS, SHELTER_TEL, SHELTER_LANDLINE, COMPANY_NUM, TRANSFER_ACCOUNT, CITY_NO, VILLAGE_NO) VALUES (327347202100008, '세림종합동물병원', null, null, null, null, null, null, 6270000, 3470000);
INSERT INTO NEWSOULMATE.SHELTER (SHELTER_NO, SHELTER_NAME, SHELTER_EMAIL, SHELTER_ADDRESS, SHELTER_TEL, SHELTER_LANDLINE, COMPANY_NUM, TRANSFER_ACCOUNT, CITY_NO, VILLAGE_NO) VALUES (327347202100009, '본리종합동물병원', null, null, null, null, null, null, 6270000, 3470000);
INSERT INTO NEWSOULMATE.SHELTER (SHELTER_NO, SHELTER_NAME, SHELTER_EMAIL, SHELTER_ADDRESS, SHELTER_TEL, SHELTER_LANDLINE, COMPANY_NUM, TRANSFER_ACCOUNT, CITY_NO, VILLAGE_NO) VALUES (327347202100002, '온누리동물병원', null, null, null, null, null, null, 6270000, 3470000);
INSERT INTO NEWSOULMATE.SHELTER (SHELTER_NO, SHELTER_NAME, SHELTER_EMAIL, SHELTER_ADDRESS, SHELTER_TEL, SHELTER_LANDLINE, COMPANY_NUM, TRANSFER_ACCOUNT, CITY_NO, VILLAGE_NO) VALUES (327347202100004, '초록동물병원', null, null, null, null, null, null, 6270000, 3470000);
INSERT INTO NEWSOULMATE.SHELTER (SHELTER_NO, SHELTER_NAME, SHELTER_EMAIL, SHELTER_ADDRESS, SHELTER_TEL, SHELTER_LANDLINE, COMPANY_NUM, TRANSFER_ACCOUNT, CITY_NO, VILLAGE_NO) VALUES (327347202100006, '애플동물병원', null, null, null, null, null, null, 6270000, 3470000);
INSERT INTO NEWSOULMATE.SHELTER (SHELTER_NO, SHELTER_NAME, SHELTER_EMAIL, SHELTER_ADDRESS, SHELTER_TEL, SHELTER_LANDLINE, COMPANY_NUM, TRANSFER_ACCOUNT, CITY_NO, VILLAGE_NO) VALUES (327347202100001, '대구광역시수의사회', null, null, null, null, null, null, 6270000, 3470000);
INSERT INTO NEWSOULMATE.SHELTER (SHELTER_NO, SHELTER_NAME, SHELTER_EMAIL, SHELTER_ADDRESS, SHELTER_TEL, SHELTER_LANDLINE, COMPANY_NUM, TRANSFER_ACCOUNT, CITY_NO, VILLAGE_NO) VALUES (327347202100003, '두류동물병원', null, null, null, null, null, null, 6270000, 3470000);
INSERT INTO NEWSOULMATE.SHELTER (SHELTER_NO, SHELTER_NAME, SHELTER_EMAIL, SHELTER_ADDRESS, SHELTER_TEL, SHELTER_LANDLINE, COMPANY_NUM, TRANSFER_ACCOUNT, CITY_NO, VILLAGE_NO) VALUES (327347202100005, '어진종합동물병원', null, null, null, null, null, null, 6270000, 3470000);
INSERT INTO NEWSOULMATE.SHELTER (SHELTER_NO, SHELTER_NAME, SHELTER_EMAIL, SHELTER_ADDRESS, SHELTER_TEL, SHELTER_LANDLINE, COMPANY_NUM, TRANSFER_ACCOUNT, CITY_NO, VILLAGE_NO) VALUES (327348201300001, '대구수의사회(달성군)', null, null, null, null, null, null, 6270000, 3480000);
INSERT INTO NEWSOULMATE.SHELTER (SHELTER_NO, SHELTER_NAME, SHELTER_EMAIL, SHELTER_ADDRESS, SHELTER_TEL, SHELTER_LANDLINE, COMPANY_NUM, TRANSFER_ACCOUNT, CITY_NO, VILLAGE_NO) VALUES (327348201500004, '화원연합동물병원', null, '대구광역시 달성군 화원읍 사문진로 447 (화원읍) 화원읍 관할', null, '053-668-3863', null, null, 6270000, 3480000);
INSERT INTO NEWSOULMATE.SHELTER (SHELTER_NO, SHELTER_NAME, SHELTER_EMAIL, SHELTER_ADDRESS, SHELTER_TEL, SHELTER_LANDLINE, COMPANY_NUM, TRANSFER_ACCOUNT, CITY_NO, VILLAGE_NO) VALUES (327348201500001, '포산동물병원', null, '대구광역시 달성군 현풍면 비슬로 614-1 (현풍면) 논공읍 관할', null, '053-668-3863', null, null, 6270000, 3480000);
INSERT INTO NEWSOULMATE.SHELTER (SHELTER_NO, SHELTER_NAME, SHELTER_EMAIL, SHELTER_ADDRESS, SHELTER_TEL, SHELTER_LANDLINE, COMPANY_NUM, TRANSFER_ACCOUNT, CITY_NO, VILLAGE_NO) VALUES (327348201500002, '현풍동물병원', null, '대구광역시 달성군 유가읍 테크노공원로 51 (유가읍) ', null, '053-668-3863', null, null, 6270000, 3480000);
INSERT INTO NEWSOULMATE.SHELTER (SHELTER_NO, SHELTER_NAME, SHELTER_EMAIL, SHELTER_ADDRESS, SHELTER_TEL, SHELTER_LANDLINE, COMPANY_NUM, TRANSFER_ACCOUNT, CITY_NO, VILLAGE_NO) VALUES (327348201500003, '달성축산동물병원', null, '대구광역시 달성군 현풍면 원교길 6 (현풍면) ', null, '053-668-3863', null, null, 6270000, 3480000);
INSERT INTO NEWSOULMATE.SHELTER (SHELTER_NO, SHELTER_NAME, SHELTER_EMAIL, SHELTER_ADDRESS, SHELTER_TEL, SHELTER_LANDLINE, COMPANY_NUM, TRANSFER_ACCOUNT, CITY_NO, VILLAGE_NO) VALUES (327348201700001, '동인동물병원', null, '대구광역시 중구 동인동4가 국채보상로 724 (동인동4가) 가창면 관할', null, '053-668-3863', null, null, 6270000, 3480000);
INSERT INTO NEWSOULMATE.SHELTER (SHELTER_NO, SHELTER_NAME, SHELTER_EMAIL, SHELTER_ADDRESS, SHELTER_TEL, SHELTER_LANDLINE, COMPANY_NUM, TRANSFER_ACCOUNT, CITY_NO, VILLAGE_NO) VALUES (327348201700004, '명곡역동물병원', null, null, null, null, null, null, 6270000, 3480000);
INSERT INTO NEWSOULMATE.SHELTER (SHELTER_NO, SHELTER_NAME, SHELTER_EMAIL, SHELTER_ADDRESS, SHELTER_TEL, SHELTER_LANDLINE, COMPANY_NUM, TRANSFER_ACCOUNT, CITY_NO, VILLAGE_NO) VALUES (327342201100001, '(재)한국동물보호협회', null, null, null, null, null, null, 6270000, 3420000);
INSERT INTO NEWSOULMATE.SHELTER (SHELTER_NO, SHELTER_NAME, SHELTER_EMAIL, SHELTER_ADDRESS, SHELTER_TEL, SHELTER_LANDLINE, COMPANY_NUM, TRANSFER_ACCOUNT, CITY_NO, VILLAGE_NO) VALUES (327342201400001, '대구유기동물보호센터', null, '대구광역시 동구 금강로 151-13 (금강동) ', null, '053-662-2654', null, null, 6270000, 3420000);
INSERT INTO NEWSOULMATE.SHELTER (SHELTER_NO, SHELTER_NAME, SHELTER_EMAIL, SHELTER_ADDRESS, SHELTER_TEL, SHELTER_LANDLINE, COMPANY_NUM, TRANSFER_ACCOUNT, CITY_NO, VILLAGE_NO) VALUES (327342202100001, '다사랑종합동물병원', null, null, null, null, null, null, 6270000, 3420000);
INSERT INTO NEWSOULMATE.SHELTER (SHELTER_NO, SHELTER_NAME, SHELTER_EMAIL, SHELTER_ADDRESS, SHELTER_TEL, SHELTER_LANDLINE, COMPANY_NUM, TRANSFER_ACCOUNT, CITY_NO, VILLAGE_NO) VALUES (327342202100002, '율하동물병원', null, null, null, null, null, null, 6270000, 3420000);
INSERT INTO NEWSOULMATE.SHELTER (SHELTER_NO, SHELTER_NAME, SHELTER_EMAIL, SHELTER_ADDRESS, SHELTER_TEL, SHELTER_LANDLINE, COMPANY_NUM, TRANSFER_ACCOUNT, CITY_NO, VILLAGE_NO) VALUES (327342202100004, '대구시수의사회', null, null, null, null, null, null, 6270000, 3420000);
INSERT INTO NEWSOULMATE.SHELTER (SHELTER_NO, SHELTER_NAME, SHELTER_EMAIL, SHELTER_ADDRESS, SHELTER_TEL, SHELTER_LANDLINE, COMPANY_NUM, TRANSFER_ACCOUNT, CITY_NO, VILLAGE_NO) VALUES (327345201400001, '대구유기동물보호협회', null, '대구광역시 동구 금강로 151-13 (금강동) ', null, '053-665-3192', null, null, 6270000, 3450000);
INSERT INTO NEWSOULMATE.SHELTER (SHELTER_NO, SHELTER_NAME, SHELTER_EMAIL, SHELTER_ADDRESS, SHELTER_TEL, SHELTER_LANDLINE, COMPANY_NUM, TRANSFER_ACCOUNT, CITY_NO, VILLAGE_NO) VALUES (327343201500001, '대구시수의사회(삼성)', null, '대구광역시 서구 서대구로 24 (내당동) ', null, '053-663-2644', null, null, 6270000, 3430000);
INSERT INTO NEWSOULMATE.SHELTER (SHELTER_NO, SHELTER_NAME, SHELTER_EMAIL, SHELTER_ADDRESS, SHELTER_TEL, SHELTER_LANDLINE, COMPANY_NUM, TRANSFER_ACCOUNT, CITY_NO, VILLAGE_NO) VALUES (327343201500003, '대구시수의사회(보경)', null, '대구광역시 서구 달서로 165 (비산동) ', null, '053-663-2644', null, null, 6270000, 3430000);
INSERT INTO NEWSOULMATE.SHELTER (SHELTER_NO, SHELTER_NAME, SHELTER_EMAIL, SHELTER_ADDRESS, SHELTER_TEL, SHELTER_LANDLINE, COMPANY_NUM, TRANSFER_ACCOUNT, CITY_NO, VILLAGE_NO) VALUES (327343201500005, '대구시수의사회(평리)', null, '대구광역시 서구 서대구로 189 (평리동) 2층', null, '053-663-2644', null, null, 6270000, 3430000);
INSERT INTO NEWSOULMATE.SHELTER (SHELTER_NO, SHELTER_NAME, SHELTER_EMAIL, SHELTER_ADDRESS, SHELTER_TEL, SHELTER_LANDLINE, COMPANY_NUM, TRANSFER_ACCOUNT, CITY_NO, VILLAGE_NO) VALUES (327343201900001, '대구시수의사회(더펫)', null, '대구광역시 서구 서대구로 361 (비산동) 2층', null, '053-663-2644', null, null, 6270000, 3430000);
INSERT INTO NEWSOULMATE.SHELTER (SHELTER_NO, SHELTER_NAME, SHELTER_EMAIL, SHELTER_ADDRESS, SHELTER_TEL, SHELTER_LANDLINE, COMPANY_NUM, TRANSFER_ACCOUNT, CITY_NO, VILLAGE_NO) VALUES (327346201500009, '제니스동물병원', null, '대구광역시 수성구 달구벌대로 2475 (범어동) ', null, '053-666-2651', null, null, 6270000, 3460000);
INSERT INTO NEWSOULMATE.SHELTER (SHELTER_NO, SHELTER_NAME, SHELTER_EMAIL, SHELTER_ADDRESS, SHELTER_TEL, SHELTER_LANDLINE, COMPANY_NUM, TRANSFER_ACCOUNT, CITY_NO, VILLAGE_NO) VALUES (327346201500011, '신세계동물병원', null, '대구광역시 수성구 수성동1가 명덕로 393 (수성동1가) ', null, '053-666-2651', null, null, 6270000, 3460000);
INSERT INTO NEWSOULMATE.SHELTER (SHELTER_NO, SHELTER_NAME, SHELTER_EMAIL, SHELTER_ADDRESS, SHELTER_TEL, SHELTER_LANDLINE, COMPANY_NUM, TRANSFER_ACCOUNT, CITY_NO, VILLAGE_NO) VALUES (327346201500001, '(사)대구수의사회', null, null, null, null, null, null, 6270000, 3460000);
INSERT INTO NEWSOULMATE.SHELTER (SHELTER_NO, SHELTER_NAME, SHELTER_EMAIL, SHELTER_ADDRESS, SHELTER_TEL, SHELTER_LANDLINE, COMPANY_NUM, TRANSFER_ACCOUNT, CITY_NO, VILLAGE_NO) VALUES (327346201500015, '예스동물병원', null, '대구광역시 수성구 동대구로 207 (황금동) ', null, '053-666-2651', null, null, 6270000, 3460000);
INSERT INTO NEWSOULMATE.SHELTER (SHELTER_NO, SHELTER_NAME, SHELTER_EMAIL, SHELTER_ADDRESS, SHELTER_TEL, SHELTER_LANDLINE, COMPANY_NUM, TRANSFER_ACCOUNT, CITY_NO, VILLAGE_NO) VALUES (327346201800001, '허동물병원', null, '대구광역시 수성구 수성동2가 명덕로 421 (수성동2가) 허동물병원', null, '053-666-2651', null, null, 6270000, 3460000);
INSERT INTO NEWSOULMATE.SHELTER (SHELTER_NO, SHELTER_NAME, SHELTER_EMAIL, SHELTER_ADDRESS, SHELTER_TEL, SHELTER_LANDLINE, COMPANY_NUM, TRANSFER_ACCOUNT, CITY_NO, VILLAGE_NO) VALUES (327346201800002, '금강동물병원', null, '대구광역시 수성구 동원로 150 (만촌동) 금강동물병원', null, '053-666-2651', null, null, 6270000, 3460000);
INSERT INTO NEWSOULMATE.SHELTER (SHELTER_NO, SHELTER_NAME, SHELTER_EMAIL, SHELTER_ADDRESS, SHELTER_TEL, SHELTER_LANDLINE, COMPANY_NUM, TRANSFER_ACCOUNT, CITY_NO, VILLAGE_NO) VALUES (327346201900001, '펫동물병원', null, '대구광역시 수성구 달구벌대로 3144 (노변동) 펫동물병원', null, '053-666-2651', null, null, 6270000, 3460000);
INSERT INTO NEWSOULMATE.SHELTER (SHELTER_NO, SHELTER_NAME, SHELTER_EMAIL, SHELTER_ADDRESS, SHELTER_TEL, SHELTER_LANDLINE, COMPANY_NUM, TRANSFER_ACCOUNT, CITY_NO, VILLAGE_NO) VALUES (328357200900001, '베스트동물병원', null, '인천광역시 강화군 강화읍 강화대로 217 (강화읍, 린나이보일러) ', null, '032-930-4533', null, null, 6280000, 3570000);
INSERT INTO NEWSOULMATE.SHELTER (SHELTER_NO, SHELTER_NAME, SHELTER_EMAIL, SHELTER_ADDRESS, SHELTER_TEL, SHELTER_LANDLINE, COMPANY_NUM, TRANSFER_ACCOUNT, CITY_NO, VILLAGE_NO) VALUES (328357201700001, '서울동물병원', null, null, null, null, null, null, 6280000, 3570000);
INSERT INTO NEWSOULMATE.SHELTER (SHELTER_NO, SHELTER_NAME, SHELTER_EMAIL, SHELTER_ADDRESS, SHELTER_TEL, SHELTER_LANDLINE, COMPANY_NUM, TRANSFER_ACCOUNT, CITY_NO, VILLAGE_NO) VALUES (328357202200001, 'Dr.G동물병원', null, null, null, null, null, null, 6280000, 3570000);
INSERT INTO NEWSOULMATE.SHELTER (SHELTER_NO, SHELTER_NAME, SHELTER_EMAIL, SHELTER_ADDRESS, SHELTER_TEL, SHELTER_LANDLINE, COMPANY_NUM, TRANSFER_ACCOUNT, CITY_NO, VILLAGE_NO) VALUES (328355200900001, '신영재동물병원', null, '인천광역시 계양구 장제로 923 (병방동) ', null, '032-450-6844', null, null, 6280000, 3550000);
INSERT INTO NEWSOULMATE.SHELTER (SHELTER_NO, SHELTER_NAME, SHELTER_EMAIL, SHELTER_ADDRESS, SHELTER_TEL, SHELTER_LANDLINE, COMPANY_NUM, TRANSFER_ACCOUNT, CITY_NO, VILLAGE_NO) VALUES (328355202100004, '계산동물병원', null, null, null, null, null, null, 6280000, 3550000);
INSERT INTO NEWSOULMATE.SHELTER (SHELTER_NO, SHELTER_NAME, SHELTER_EMAIL, SHELTER_ADDRESS, SHELTER_TEL, SHELTER_LANDLINE, COMPANY_NUM, TRANSFER_ACCOUNT, CITY_NO, VILLAGE_NO) VALUES (328355202100001, '다오동물병원', null, null, null, null, null, null, 6280000, 3550000);
INSERT INTO NEWSOULMATE.SHELTER (SHELTER_NO, SHELTER_NAME, SHELTER_EMAIL, SHELTER_ADDRESS, SHELTER_TEL, SHELTER_LANDLINE, COMPANY_NUM, TRANSFER_ACCOUNT, CITY_NO, VILLAGE_NO) VALUES (328350202100002, '도그플러스동물병원', null, null, null, null, null, null, 6280000, 3500000);
INSERT INTO NEWSOULMATE.SHELTER (SHELTER_NO, SHELTER_NAME, SHELTER_EMAIL, SHELTER_ADDRESS, SHELTER_TEL, SHELTER_LANDLINE, COMPANY_NUM, TRANSFER_ACCOUNT, CITY_NO, VILLAGE_NO) VALUES (328350202100001, '경동동물병원', null, '인천광역시 중구 개항로 68 (경동) 경동동물병원', null, '032-770-6382', null, null, 6280000, 3500000);
INSERT INTO NEWSOULMATE.SHELTER (SHELTER_NO, SHELTER_NAME, SHELTER_EMAIL, SHELTER_ADDRESS, SHELTER_TEL, SHELTER_LANDLINE, COMPANY_NUM, TRANSFER_ACCOUNT, CITY_NO, VILLAGE_NO) VALUES (328351200900001, '인천광역시 수의사회', null, '인천광역시 계양구 다남로165번길 56 (다남동, 유기동물보호소) ', null, '032-880-4384', null, null, 6280000, 3510500);
INSERT INTO NEWSOULMATE.SHELTER (SHELTER_NO, SHELTER_NAME, SHELTER_EMAIL, SHELTER_ADDRESS, SHELTER_TEL, SHELTER_LANDLINE, COMPANY_NUM, TRANSFER_ACCOUNT, CITY_NO, VILLAGE_NO) VALUES (328351201800002, '학익동물병원', null, null, null, null, null, null, 6280000, 3510500);
INSERT INTO NEWSOULMATE.SHELTER (SHELTER_NO, SHELTER_NAME, SHELTER_EMAIL, SHELTER_ADDRESS, SHELTER_TEL, SHELTER_LANDLINE, COMPANY_NUM, TRANSFER_ACCOUNT, CITY_NO, VILLAGE_NO) VALUES (328351201900001, '펫홈종합동물병원', null, null, null, null, null, null, 6280000, 3510500);
INSERT INTO NEWSOULMATE.SHELTER (SHELTER_NO, SHELTER_NAME, SHELTER_EMAIL, SHELTER_ADDRESS, SHELTER_TEL, SHELTER_LANDLINE, COMPANY_NUM, TRANSFER_ACCOUNT, CITY_NO, VILLAGE_NO) VALUES (328354201700002, '늘푸른동물병원', null, '인천광역시 부평구 후정동로 60 (삼산동) ', null, '032-509-6554', null, null, 6280000, 3540000);
INSERT INTO NEWSOULMATE.SHELTER (SHELTER_NO, SHELTER_NAME, SHELTER_EMAIL, SHELTER_ADDRESS, SHELTER_TEL, SHELTER_LANDLINE, COMPANY_NUM, TRANSFER_ACCOUNT, CITY_NO, VILLAGE_NO) VALUES (328354201600001, '세림동물병원', null, '인천광역시 부평구 원적로 392 (산곡동) ', null, '032-509-6554', null, null, 6280000, 3540000);
INSERT INTO NEWSOULMATE.SHELTER (SHELTER_NO, SHELTER_NAME, SHELTER_EMAIL, SHELTER_ADDRESS, SHELTER_TEL, SHELTER_LANDLINE, COMPANY_NUM, TRANSFER_ACCOUNT, CITY_NO, VILLAGE_NO) VALUES (328354201700003, '삼산종합동물병원', null, '인천광역시 부평구 체육관로 40 (삼산동) ', null, '032-509-6554', null, null, 6280000, 3540000);
INSERT INTO NEWSOULMATE.SHELTER (SHELTER_NO, SHELTER_NAME, SHELTER_EMAIL, SHELTER_ADDRESS, SHELTER_TEL, SHELTER_LANDLINE, COMPANY_NUM, TRANSFER_ACCOUNT, CITY_NO, VILLAGE_NO) VALUES (328354201900001, '짱구네동물병원', null, '인천광역시 부평구 평천로 356 (갈산동) ', null, '032-509-6554', null, null, 6280000, 3540000);
INSERT INTO NEWSOULMATE.SHELTER (SHELTER_NO, SHELTER_NAME, SHELTER_EMAIL, SHELTER_ADDRESS, SHELTER_TEL, SHELTER_LANDLINE, COMPANY_NUM, TRANSFER_ACCOUNT, CITY_NO, VILLAGE_NO) VALUES (328356201000001, '가정동물병원', null, '인천광역시 서구 가정로 346 (가정동) ', null, '032-560-1903', null, null, 6280000, 3560000);
INSERT INTO NEWSOULMATE.SHELTER (SHELTER_NO, SHELTER_NAME, SHELTER_EMAIL, SHELTER_ADDRESS, SHELTER_TEL, SHELTER_LANDLINE, COMPANY_NUM, TRANSFER_ACCOUNT, CITY_NO, VILLAGE_NO) VALUES (328356201600002, '서구종합동물병원', null, null, null, null, null, null, 6280000, 3560000);
INSERT INTO NEWSOULMATE.SHELTER (SHELTER_NO, SHELTER_NAME, SHELTER_EMAIL, SHELTER_ADDRESS, SHELTER_TEL, SHELTER_LANDLINE, COMPANY_NUM, TRANSFER_ACCOUNT, CITY_NO, VILLAGE_NO) VALUES (328356201600003, '예스동물병원', null, null, null, null, null, null, 6280000, 3560000);
INSERT INTO NEWSOULMATE.SHELTER (SHELTER_NO, SHELTER_NAME, SHELTER_EMAIL, SHELTER_ADDRESS, SHELTER_TEL, SHELTER_LANDLINE, COMPANY_NUM, TRANSFER_ACCOUNT, CITY_NO, VILLAGE_NO) VALUES (328356201600005, '우리동물병원', null, '인천광역시 서구 서곶로 349 (연희동) 우리동물병원', null, '032-560-1903', null, null, 6280000, 3560000);
INSERT INTO NEWSOULMATE.SHELTER (SHELTER_NO, SHELTER_NAME, SHELTER_EMAIL, SHELTER_ADDRESS, SHELTER_TEL, SHELTER_LANDLINE, COMPANY_NUM, TRANSFER_ACCOUNT, CITY_NO, VILLAGE_NO) VALUES (328356201800001, '동물에반하다동물병원', null, null, null, null, null, null, 6280000, 3560000);
INSERT INTO NEWSOULMATE.SHELTER (SHELTER_NO, SHELTER_NAME, SHELTER_EMAIL, SHELTER_ADDRESS, SHELTER_TEL, SHELTER_LANDLINE, COMPANY_NUM, TRANSFER_ACCOUNT, CITY_NO, VILLAGE_NO) VALUES (328356202100001, '진현우동물병원', null, null, null, null, null, null, 6280000, 3560000);
INSERT INTO NEWSOULMATE.SHELTER (SHELTER_NO, SHELTER_NAME, SHELTER_EMAIL, SHELTER_ADDRESS, SHELTER_TEL, SHELTER_LANDLINE, COMPANY_NUM, TRANSFER_ACCOUNT, CITY_NO, VILLAGE_NO) VALUES (328356202200002, '가온동물의료센터', null, null, null, null, null, null, 6280000, 3560000);
INSERT INTO NEWSOULMATE.SHELTER (SHELTER_NO, SHELTER_NAME, SHELTER_EMAIL, SHELTER_ADDRESS, SHELTER_TEL, SHELTER_LANDLINE, COMPANY_NUM, TRANSFER_ACCOUNT, CITY_NO, VILLAGE_NO) VALUES (328352201400005, '노성남동물병원', null, null, null, null, null, null, 6280000, 3520000);
INSERT INTO NEWSOULMATE.SHELTER (SHELTER_NO, SHELTER_NAME, SHELTER_EMAIL, SHELTER_ADDRESS, SHELTER_TEL, SHELTER_LANDLINE, COMPANY_NUM, TRANSFER_ACCOUNT, CITY_NO, VILLAGE_NO) VALUES (328352201400004, '신퍼피클럽동물병원', null, null, null, null, null, null, 6280000, 3520000);
INSERT INTO NEWSOULMATE.SHELTER (SHELTER_NO, SHELTER_NAME, SHELTER_EMAIL, SHELTER_ADDRESS, SHELTER_TEL, SHELTER_LANDLINE, COMPANY_NUM, TRANSFER_ACCOUNT, CITY_NO, VILLAGE_NO) VALUES (328352201400001, '인천광역시수의사회', null, '인천광역시 계양구 다남로165번길 56 (다남동, 유기동물보호소) ', null, '032-749-7803', null, null, 6280000, 3520000);
INSERT INTO NEWSOULMATE.SHELTER (SHELTER_NO, SHELTER_NAME, SHELTER_EMAIL, SHELTER_ADDRESS, SHELTER_TEL, SHELTER_LANDLINE, COMPANY_NUM, TRANSFER_ACCOUNT, CITY_NO, VILLAGE_NO) VALUES (328352201400002, '주주동물병원', null, null, null, null, null, null, 6280000, 3520000);
INSERT INTO NEWSOULMATE.SHELTER (SHELTER_NO, SHELTER_NAME, SHELTER_EMAIL, SHELTER_ADDRESS, SHELTER_TEL, SHELTER_LANDLINE, COMPANY_NUM, TRANSFER_ACCOUNT, CITY_NO, VILLAGE_NO) VALUES (328352201600002, '웰니스클리닉 연수점', null, null, null, null, null, null, 6280000, 3520000);
INSERT INTO NEWSOULMATE.SHELTER (SHELTER_NO, SHELTER_NAME, SHELTER_EMAIL, SHELTER_ADDRESS, SHELTER_TEL, SHELTER_LANDLINE, COMPANY_NUM, TRANSFER_ACCOUNT, CITY_NO, VILLAGE_NO) VALUES (328352201900001, '웰 동물병원 ', null, null, null, null, null, null, 6280000, 3520000);
INSERT INTO NEWSOULMATE.SHELTER (SHELTER_NO, SHELTER_NAME, SHELTER_EMAIL, SHELTER_ADDRESS, SHELTER_TEL, SHELTER_LANDLINE, COMPANY_NUM, TRANSFER_ACCOUNT, CITY_NO, VILLAGE_NO) VALUES (328352201700002, '송도건국동물병원', null, null, null, null, null, null, 6280000, 3520000);
INSERT INTO NEWSOULMATE.SHELTER (SHELTER_NO, SHELTER_NAME, SHELTER_EMAIL, SHELTER_ADDRESS, SHELTER_TEL, SHELTER_LANDLINE, COMPANY_NUM, TRANSFER_ACCOUNT, CITY_NO, VILLAGE_NO) VALUES (328352201800002, '연수동물병원', null, null, null, null, null, null, 6280000, 3520000);
INSERT INTO NEWSOULMATE.SHELTER (SHELTER_NO, SHELTER_NAME, SHELTER_EMAIL, SHELTER_ADDRESS, SHELTER_TEL, SHELTER_LANDLINE, COMPANY_NUM, TRANSFER_ACCOUNT, CITY_NO, VILLAGE_NO) VALUES (328352201800003, '닥터비 동물병원', null, null, null, null, null, null, 6280000, 3520000);
INSERT INTO NEWSOULMATE.SHELTER (SHELTER_NO, SHELTER_NAME, SHELTER_EMAIL, SHELTER_ADDRESS, SHELTER_TEL, SHELTER_LANDLINE, COMPANY_NUM, TRANSFER_ACCOUNT, CITY_NO, VILLAGE_NO) VALUES (328352201800004, '따뜻한 동물병원', null, null, null, null, null, null, 6280000, 3520000);
INSERT INTO NEWSOULMATE.SHELTER (SHELTER_NO, SHELTER_NAME, SHELTER_EMAIL, SHELTER_ADDRESS, SHELTER_TEL, SHELTER_LANDLINE, COMPANY_NUM, TRANSFER_ACCOUNT, CITY_NO, VILLAGE_NO) VALUES (328352201800001, '베리떼 동물병원', null, null, null, null, null, null, 6280000, 3520000);
INSERT INTO NEWSOULMATE.SHELTER (SHELTER_NO, SHELTER_NAME, SHELTER_EMAIL, SHELTER_ADDRESS, SHELTER_TEL, SHELTER_LANDLINE, COMPANY_NUM, TRANSFER_ACCOUNT, CITY_NO, VILLAGE_NO) VALUES (328352202000004, '아름다운 동물병원', null, null, null, null, null, null, 6280000, 3520000);
INSERT INTO NEWSOULMATE.SHELTER (SHELTER_NO, SHELTER_NAME, SHELTER_EMAIL, SHELTER_ADDRESS, SHELTER_TEL, SHELTER_LANDLINE, COMPANY_NUM, TRANSFER_ACCOUNT, CITY_NO, VILLAGE_NO) VALUES (328352202000001, '포시즌 동물병원', null, null, null, null, null, null, 6280000, 3520000);
INSERT INTO NEWSOULMATE.SHELTER (SHELTER_NO, SHELTER_NAME, SHELTER_EMAIL, SHELTER_ADDRESS, SHELTER_TEL, SHELTER_LANDLINE, COMPANY_NUM, TRANSFER_ACCOUNT, CITY_NO, VILLAGE_NO) VALUES (328352202000003, '라파엘 동물병원', null, null, null, null, null, null, 6280000, 3520000);
INSERT INTO NEWSOULMATE.SHELTER (SHELTER_NO, SHELTER_NAME, SHELTER_EMAIL, SHELTER_ADDRESS, SHELTER_TEL, SHELTER_LANDLINE, COMPANY_NUM, TRANSFER_ACCOUNT, CITY_NO, VILLAGE_NO) VALUES (328358201000001, '인천수의사회유기동물', null, '인천광역시 계양구 다남동 35-8', null, '032-899-2982', null, null, 6280000, 3580000);
INSERT INTO NEWSOULMATE.SHELTER (SHELTER_NO, SHELTER_NAME, SHELTER_EMAIL, SHELTER_ADDRESS, SHELTER_TEL, SHELTER_LANDLINE, COMPANY_NUM, TRANSFER_ACCOUNT, CITY_NO, VILLAGE_NO) VALUES (328358202100001, '현대종합동물병원', null, null, null, null, null, null, 6280000, 3580000);
INSERT INTO NEWSOULMATE.SHELTER (SHELTER_NO, SHELTER_NAME, SHELTER_EMAIL, SHELTER_ADDRESS, SHELTER_TEL, SHELTER_LANDLINE, COMPANY_NUM, TRANSFER_ACCOUNT, CITY_NO, VILLAGE_NO) VALUES (328358202100002, '필종합동물병원', null, null, null, null, null, null, 6280000, 3580000);
INSERT INTO NEWSOULMATE.SHELTER (SHELTER_NO, SHELTER_NAME, SHELTER_EMAIL, SHELTER_ADDRESS, SHELTER_TEL, SHELTER_LANDLINE, COMPANY_NUM, TRANSFER_ACCOUNT, CITY_NO, VILLAGE_NO) VALUES (328358202100003, '참동물병원', null, null, null, null, null, null, 6280000, 3580000);
INSERT INTO NEWSOULMATE.SHELTER (SHELTER_NO, SHELTER_NAME, SHELTER_EMAIL, SHELTER_ADDRESS, SHELTER_TEL, SHELTER_LANDLINE, COMPANY_NUM, TRANSFER_ACCOUNT, CITY_NO, VILLAGE_NO) VALUES (328358202100005, '연수동물메디컬센터', null, null, null, null, null, null, 6280000, 3580000);
INSERT INTO NEWSOULMATE.SHELTER (SHELTER_NO, SHELTER_NAME, SHELTER_EMAIL, SHELTER_ADDRESS, SHELTER_TEL, SHELTER_LANDLINE, COMPANY_NUM, TRANSFER_ACCOUNT, CITY_NO, VILLAGE_NO) VALUES (328358202100006, '시민동물병원', null, null, null, null, null, null, 6280000, 3580000);
INSERT INTO NEWSOULMATE.SHELTER (SHELTER_NO, SHELTER_NAME, SHELTER_EMAIL, SHELTER_ADDRESS, SHELTER_TEL, SHELTER_LANDLINE, COMPANY_NUM, TRANSFER_ACCOUNT, CITY_NO, VILLAGE_NO) VALUES (328358202100008, '삼산종합동물병원', null, null, null, null, null, null, 6280000, 3580000);
INSERT INTO NEWSOULMATE.SHELTER (SHELTER_NO, SHELTER_NAME, SHELTER_EMAIL, SHELTER_ADDRESS, SHELTER_TEL, SHELTER_LANDLINE, COMPANY_NUM, TRANSFER_ACCOUNT, CITY_NO, VILLAGE_NO) VALUES (328358202100004, '짱구네동물병원', null, null, null, null, null, null, 6280000, 3580000);
INSERT INTO NEWSOULMATE.SHELTER (SHELTER_NO, SHELTER_NAME, SHELTER_EMAIL, SHELTER_ADDRESS, SHELTER_TEL, SHELTER_LANDLINE, COMPANY_NUM, TRANSFER_ACCOUNT, CITY_NO, VILLAGE_NO) VALUES (329363201300001, '광주 동물보호소', null, '광주광역시 북구 본촌마을길 27 (본촌동) 광주공역시 동물보호소', null, '062-571-2808', null, null, 6290000, 3630000);
INSERT INTO NEWSOULMATE.SHELTER (SHELTER_NO, SHELTER_NAME, SHELTER_EMAIL, SHELTER_ADDRESS, SHELTER_TEL, SHELTER_LANDLINE, COMPANY_NUM, TRANSFER_ACCOUNT, CITY_NO, VILLAGE_NO) VALUES (329361201300001, '광주 동물보호소', null, '광주광역시 북구 본촌마을길 27 (본촌동) 광주광역시 동물보호소', null, '062-607-2754', null, null, 6290000, 3610000);
INSERT INTO NEWSOULMATE.SHELTER (SHELTER_NO, SHELTER_NAME, SHELTER_EMAIL, SHELTER_ADDRESS, SHELTER_TEL, SHELTER_LANDLINE, COMPANY_NUM, TRANSFER_ACCOUNT, CITY_NO, VILLAGE_NO) VALUES (329359201300001, '광주 동물보호소', null, '광주광역시 북구 본촌마을길 27 (본촌동) 광주광역시 동물보호소', null, '062-608-2724', null, null, 6290000, 3590000);
INSERT INTO NEWSOULMATE.SHELTER (SHELTER_NO, SHELTER_NAME, SHELTER_EMAIL, SHELTER_ADDRESS, SHELTER_TEL, SHELTER_LANDLINE, COMPANY_NUM, TRANSFER_ACCOUNT, CITY_NO, VILLAGE_NO) VALUES (329359201700001, '현동물병원', null, null, null, null, null, null, 6290000, 3590000);
INSERT INTO NEWSOULMATE.SHELTER (SHELTER_NO, SHELTER_NAME, SHELTER_EMAIL, SHELTER_ADDRESS, SHELTER_TEL, SHELTER_LANDLINE, COMPANY_NUM, TRANSFER_ACCOUNT, CITY_NO, VILLAGE_NO) VALUES (329359201700004, '신세계동물병원', null, null, null, null, null, null, 6290000, 3590000);
INSERT INTO NEWSOULMATE.SHELTER (SHELTER_NO, SHELTER_NAME, SHELTER_EMAIL, SHELTER_ADDRESS, SHELTER_TEL, SHELTER_LANDLINE, COMPANY_NUM, TRANSFER_ACCOUNT, CITY_NO, VILLAGE_NO) VALUES (329359201700005, '튼튼동물병원', null, null, null, null, null, null, 6290000, 3590000);
INSERT INTO NEWSOULMATE.SHELTER (SHELTER_NO, SHELTER_NAME, SHELTER_EMAIL, SHELTER_ADDRESS, SHELTER_TEL, SHELTER_LANDLINE, COMPANY_NUM, TRANSFER_ACCOUNT, CITY_NO, VILLAGE_NO) VALUES (329359201700003, '두손너에게', null, null, null, null, null, null, 6290000, 3590000);
INSERT INTO NEWSOULMATE.SHELTER (SHELTER_NO, SHELTER_NAME, SHELTER_EMAIL, SHELTER_ADDRESS, SHELTER_TEL, SHELTER_LANDLINE, COMPANY_NUM, TRANSFER_ACCOUNT, CITY_NO, VILLAGE_NO) VALUES (329362201300001, '광주 동물보호소', null, '광주광역시 북구 본촌마을길 27 (본촌동) 광주광역시 동물보호소', null, '062-410-6557', null, null, 6290000, 3620000);
INSERT INTO NEWSOULMATE.SHELTER (SHELTER_NO, SHELTER_NAME, SHELTER_EMAIL, SHELTER_ADDRESS, SHELTER_TEL, SHELTER_LANDLINE, COMPANY_NUM, TRANSFER_ACCOUNT, CITY_NO, VILLAGE_NO) VALUES (331370200900003, '미래펫동물병원', null, '울산광역시 남구 중앙로 218-1 (신정동) ', null, '052-226-5264', null, null, 6310000, 3700000);
INSERT INTO NEWSOULMATE.SHELTER (SHELTER_NO, SHELTER_NAME, SHELTER_EMAIL, SHELTER_ADDRESS, SHELTER_TEL, SHELTER_LANDLINE, COMPANY_NUM, TRANSFER_ACCOUNT, CITY_NO, VILLAGE_NO) VALUES (331370200900001, '사랑동물병원', null, '울산광역시 남구 중앙로 165-1 (신정동) ', null, '052-226-5264', null, null, 6310000, 3700000);
INSERT INTO NEWSOULMATE.SHELTER (SHELTER_NO, SHELTER_NAME, SHELTER_EMAIL, SHELTER_ADDRESS, SHELTER_TEL, SHELTER_LANDLINE, COMPANY_NUM, TRANSFER_ACCOUNT, CITY_NO, VILLAGE_NO) VALUES (331370201200001, '스마일동물병원', null, '울산광역시 남구 대학로 112 (무거동) ', null, '052-226-5264', null, null, 6310000, 3700000);
INSERT INTO NEWSOULMATE.SHELTER (SHELTER_NO, SHELTER_NAME, SHELTER_EMAIL, SHELTER_ADDRESS, SHELTER_TEL, SHELTER_LANDLINE, COMPANY_NUM, TRANSFER_ACCOUNT, CITY_NO, VILLAGE_NO) VALUES (331370201200003, '울산유기동물보호센터', null, '울산광역시 울주군 온양읍 화산발리로 543 (온양읍) ', null, '052-226-5264', null, null, 6310000, 3700000);
INSERT INTO NEWSOULMATE.SHELTER (SHELTER_NO, SHELTER_NAME, SHELTER_EMAIL, SHELTER_ADDRESS, SHELTER_TEL, SHELTER_LANDLINE, COMPANY_NUM, TRANSFER_ACCOUNT, CITY_NO, VILLAGE_NO) VALUES (331370201600002, '리틀쥬동물의료원', null, null, null, null, null, null, 6310000, 3700000);
INSERT INTO NEWSOULMATE.SHELTER (SHELTER_NO, SHELTER_NAME, SHELTER_EMAIL, SHELTER_ADDRESS, SHELTER_TEL, SHELTER_LANDLINE, COMPANY_NUM, TRANSFER_ACCOUNT, CITY_NO, VILLAGE_NO) VALUES (331370201800001, '강남동물병원', null, '울산광역시 남구 돋질로 232 (달동) 1층', null, '052-226-5264', null, null, 6310000, 3700000);
INSERT INTO NEWSOULMATE.SHELTER (SHELTER_NO, SHELTER_NAME, SHELTER_EMAIL, SHELTER_ADDRESS, SHELTER_TEL, SHELTER_LANDLINE, COMPANY_NUM, TRANSFER_ACCOUNT, CITY_NO, VILLAGE_NO) VALUES (331371201000001, '일산동물의료센터', null, '울산광역시 동구 방어진순환도로 645 (일산동) ', null, '052-209-3538', null, null, 6310000, 3710000);
INSERT INTO NEWSOULMATE.SHELTER (SHELTER_NO, SHELTER_NAME, SHELTER_EMAIL, SHELTER_ADDRESS, SHELTER_TEL, SHELTER_LANDLINE, COMPANY_NUM, TRANSFER_ACCOUNT, CITY_NO, VILLAGE_NO) VALUES (331372200900002, '이솝동물병원', null, null, null, null, null, null, 6310000, 3720000);
INSERT INTO NEWSOULMATE.SHELTER (SHELTER_NO, SHELTER_NAME, SHELTER_EMAIL, SHELTER_ADDRESS, SHELTER_TEL, SHELTER_LANDLINE, COMPANY_NUM, TRANSFER_ACCOUNT, CITY_NO, VILLAGE_NO) VALUES (331372200900003, '쿨펫동물병원', null, null, null, null, null, null, 6310000, 3720000);
INSERT INTO NEWSOULMATE.SHELTER (SHELTER_NO, SHELTER_NAME, SHELTER_EMAIL, SHELTER_ADDRESS, SHELTER_TEL, SHELTER_LANDLINE, COMPANY_NUM, TRANSFER_ACCOUNT, CITY_NO, VILLAGE_NO) VALUES (331372201200001, '울산유기동물보호센터', null, '울산광역시 울주군 온양읍 화산발리로 543  ', null, '052-241-8085', null, null, 6310000, 3720000);
INSERT INTO NEWSOULMATE.SHELTER (SHELTER_NO, SHELTER_NAME, SHELTER_EMAIL, SHELTER_ADDRESS, SHELTER_TEL, SHELTER_LANDLINE, COMPANY_NUM, TRANSFER_ACCOUNT, CITY_NO, VILLAGE_NO) VALUES (331372202000002, '쿨펫 홈플러스 북구점', null, null, null, null, null, null, 6310000, 3720000);
INSERT INTO NEWSOULMATE.SHELTER (SHELTER_NO, SHELTER_NAME, SHELTER_EMAIL, SHELTER_ADDRESS, SHELTER_TEL, SHELTER_LANDLINE, COMPANY_NUM, TRANSFER_ACCOUNT, CITY_NO, VILLAGE_NO) VALUES (331372202000001, '정철동물병원', null, '울산광역시 북구 진장17길 11 (진장동) 정철동물병원', null, '052-241-8085', null, null, 6310000, 3720000);
INSERT INTO NEWSOULMATE.SHELTER (SHELTER_NO, SHELTER_NAME, SHELTER_EMAIL, SHELTER_ADDRESS, SHELTER_TEL, SHELTER_LANDLINE, COMPANY_NUM, TRANSFER_ACCOUNT, CITY_NO, VILLAGE_NO) VALUES (331372202200001, '호계동물병원', null, null, null, null, null, null, 6310000, 3720000);
INSERT INTO NEWSOULMATE.SHELTER (SHELTER_NO, SHELTER_NAME, SHELTER_EMAIL, SHELTER_ADDRESS, SHELTER_TEL, SHELTER_LANDLINE, COMPANY_NUM, TRANSFER_ACCOUNT, CITY_NO, VILLAGE_NO) VALUES (331373201200002, '울산유기동물보호센터', null, '울산광역시 울주군 온양읍 발리 1144', null, '052-204-1635', null, null, 6310000, 3730000);
INSERT INTO NEWSOULMATE.SHELTER (SHELTER_NO, SHELTER_NAME, SHELTER_EMAIL, SHELTER_ADDRESS, SHELTER_TEL, SHELTER_LANDLINE, COMPANY_NUM, TRANSFER_ACCOUNT, CITY_NO, VILLAGE_NO) VALUES (331373201200001, '와우동물병원', null, null, null, null, null, null, 6310000, 3730000);
INSERT INTO NEWSOULMATE.SHELTER (SHELTER_NO, SHELTER_NAME, SHELTER_EMAIL, SHELTER_ADDRESS, SHELTER_TEL, SHELTER_LANDLINE, COMPANY_NUM, TRANSFER_ACCOUNT, CITY_NO, VILLAGE_NO) VALUES (331373201600003, '온양 발리동물병원', null, null, null, null, null, null, 6310000, 3730000);
INSERT INTO NEWSOULMATE.SHELTER (SHELTER_NO, SHELTER_NAME, SHELTER_EMAIL, SHELTER_ADDRESS, SHELTER_TEL, SHELTER_LANDLINE, COMPANY_NUM, TRANSFER_ACCOUNT, CITY_NO, VILLAGE_NO) VALUES (331373201600001, '범서조은동물병원', null, null, null, null, null, null, 6310000, 3730000);
INSERT INTO NEWSOULMATE.SHELTER (SHELTER_NO, SHELTER_NAME, SHELTER_EMAIL, SHELTER_ADDRESS, SHELTER_TEL, SHELTER_LANDLINE, COMPANY_NUM, TRANSFER_ACCOUNT, CITY_NO, VILLAGE_NO) VALUES (331373201600005, '와우동물병원', null, null, null, null, null, null, 6310000, 3730000);
INSERT INTO NEWSOULMATE.SHELTER (SHELTER_NO, SHELTER_NAME, SHELTER_EMAIL, SHELTER_ADDRESS, SHELTER_TEL, SHELTER_LANDLINE, COMPANY_NUM, TRANSFER_ACCOUNT, CITY_NO, VILLAGE_NO) VALUES (331373201600002, '초록동물병원', null, null, null, null, null, null, 6310000, 3730000);
INSERT INTO NEWSOULMATE.SHELTER (SHELTER_NO, SHELTER_NAME, SHELTER_EMAIL, SHELTER_ADDRESS, SHELTER_TEL, SHELTER_LANDLINE, COMPANY_NUM, TRANSFER_ACCOUNT, CITY_NO, VILLAGE_NO) VALUES (331373201600006, '남창미르동물병원', null, null, null, null, null, null, 6310000, 3730000);
INSERT INTO NEWSOULMATE.SHELTER (SHELTER_NO, SHELTER_NAME, SHELTER_EMAIL, SHELTER_ADDRESS, SHELTER_TEL, SHELTER_LANDLINE, COMPANY_NUM, TRANSFER_ACCOUNT, CITY_NO, VILLAGE_NO) VALUES (331373201600007, 'BB동물병원', null, null, null, null, null, null, 6310000, 3730000);
INSERT INTO NEWSOULMATE.SHELTER (SHELTER_NO, SHELTER_NAME, SHELTER_EMAIL, SHELTER_ADDRESS, SHELTER_TEL, SHELTER_LANDLINE, COMPANY_NUM, TRANSFER_ACCOUNT, CITY_NO, VILLAGE_NO) VALUES (341397202100002, '하은동물병원', null, null, null, null, null, null, 6410000, 3970000);
INSERT INTO NEWSOULMATE.SHELTER (SHELTER_NO, SHELTER_NAME, SHELTER_EMAIL, SHELTER_ADDRESS, SHELTER_TEL, SHELTER_LANDLINE, COMPANY_NUM, TRANSFER_ACCOUNT, CITY_NO, VILLAGE_NO) VALUES (341390201300001, '한국야생동물보호협회', null, '경기도 안산시 상록구 청곡길 50 (부곡동) 한국야생동물보호협회', null, '02-2680-2329', null, null, 6410000, 3900000);
INSERT INTO NEWSOULMATE.SHELTER (SHELTER_NO, SHELTER_NAME, SHELTER_EMAIL, SHELTER_ADDRESS, SHELTER_TEL, SHELTER_LANDLINE, COMPANY_NUM, TRANSFER_ACCOUNT, CITY_NO, VILLAGE_NO) VALUES (341390201900002, '한샘종합동물병원', null, null, null, null, null, null, 6410000, 3900000);
INSERT INTO NEWSOULMATE.SHELTER (SHELTER_NO, SHELTER_NAME, SHELTER_EMAIL, SHELTER_ADDRESS, SHELTER_TEL, SHELTER_LANDLINE, COMPANY_NUM, TRANSFER_ACCOUNT, CITY_NO, VILLAGE_NO) VALUES (341390202100001, '해피동물병원', null, null, null, null, null, null, 6410000, 3900000);
INSERT INTO NEWSOULMATE.SHELTER (SHELTER_NO, SHELTER_NAME, SHELTER_EMAIL, SHELTER_ADDRESS, SHELTER_TEL, SHELTER_LANDLINE, COMPANY_NUM, TRANSFER_ACCOUNT, CITY_NO, VILLAGE_NO) VALUES (341390202000001, '뉴광명동물메디컬센터', null, null, null, null, null, null, 6410000, 3900000);
INSERT INTO NEWSOULMATE.SHELTER (SHELTER_NO, SHELTER_NAME, SHELTER_EMAIL, SHELTER_ADDRESS, SHELTER_TEL, SHELTER_LANDLINE, COMPANY_NUM, TRANSFER_ACCOUNT, CITY_NO, VILLAGE_NO) VALUES (341390202100002, '광명반함센터', null, '경기도 광명시 오리로854번길 10 (철산동) 지하1층', null, '02-2680-2329', null, null, 6410000, 3900000);
INSERT INTO NEWSOULMATE.SHELTER (SHELTER_NO, SHELTER_NAME, SHELTER_EMAIL, SHELTER_ADDRESS, SHELTER_TEL, SHELTER_LANDLINE, COMPANY_NUM, TRANSFER_ACCOUNT, CITY_NO, VILLAGE_NO) VALUES (341390202200002, '마음동물병원', null, null, null, null, null, null, 6410000, 3900000);
INSERT INTO NEWSOULMATE.SHELTER (SHELTER_NO, SHELTER_NAME, SHELTER_EMAIL, SHELTER_ADDRESS, SHELTER_TEL, SHELTER_LANDLINE, COMPANY_NUM, TRANSFER_ACCOUNT, CITY_NO, VILLAGE_NO) VALUES (341554201300008, '광주TNR동물병원송정', null, '경기도 광주시 경안천로 142 (송정동) 광주TNR동물병원', null, '031-760-4419', null, null, 6410000, 5540000);
INSERT INTO NEWSOULMATE.SHELTER (SHELTER_NO, SHELTER_NAME, SHELTER_EMAIL, SHELTER_ADDRESS, SHELTER_TEL, SHELTER_LANDLINE, COMPANY_NUM, TRANSFER_ACCOUNT, CITY_NO, VILLAGE_NO) VALUES (341398200900001, '한국동물구조관리협회', null, '경기도 양주시 남면 감악산로 63-37  ', null, '031-550-2315', null, null, 6410000, 3980000);
INSERT INTO NEWSOULMATE.SHELTER (SHELTER_NO, SHELTER_NAME, SHELTER_EMAIL, SHELTER_ADDRESS, SHELTER_TEL, SHELTER_LANDLINE, COMPANY_NUM, TRANSFER_ACCOUNT, CITY_NO, VILLAGE_NO) VALUES (341402201900002, '군포시청', null, null, null, null, null, null, 6410000, 4020000);
INSERT INTO NEWSOULMATE.SHELTER (SHELTER_NO, SHELTER_NAME, SHELTER_EMAIL, SHELTER_ADDRESS, SHELTER_TEL, SHELTER_LANDLINE, COMPANY_NUM, TRANSFER_ACCOUNT, CITY_NO, VILLAGE_NO) VALUES (341402202000001, '한빛동물병원', null, null, null, null, null, null, 6410000, 4020000);
INSERT INTO NEWSOULMATE.SHELTER (SHELTER_NO, SHELTER_NAME, SHELTER_EMAIL, SHELTER_ADDRESS, SHELTER_TEL, SHELTER_LANDLINE, COMPANY_NUM, TRANSFER_ACCOUNT, CITY_NO, VILLAGE_NO) VALUES (341399201500001, '남양주동물보호협회', null, '경기도 남양주시 금곡로 44 (금곡동, 성원빌딩) 1층', null, '031-590-3991', null, null, 6410000, 3990000);
INSERT INTO NEWSOULMATE.SHELTER (SHELTER_NO, SHELTER_NAME, SHELTER_EMAIL, SHELTER_ADDRESS, SHELTER_TEL, SHELTER_LANDLINE, COMPANY_NUM, TRANSFER_ACCOUNT, CITY_NO, VILLAGE_NO) VALUES (341399201900001, '동인동물병원', null, null, null, null, null, null, 6410000, 3990000);
INSERT INTO NEWSOULMATE.SHELTER (SHELTER_NO, SHELTER_NAME, SHELTER_EMAIL, SHELTER_ADDRESS, SHELTER_TEL, SHELTER_LANDLINE, COMPANY_NUM, TRANSFER_ACCOUNT, CITY_NO, VILLAGE_NO) VALUES (341399201900003, '장현동물병원', null, null, null, null, null, null, 6410000, 3990000);
INSERT INTO NEWSOULMATE.SHELTER (SHELTER_NO, SHELTER_NAME, SHELTER_EMAIL, SHELTER_ADDRESS, SHELTER_TEL, SHELTER_LANDLINE, COMPANY_NUM, TRANSFER_ACCOUNT, CITY_NO, VILLAGE_NO) VALUES (341399202200001, '25시동물병원', null, null, null, null, null, null, 6410000, 3990000);
INSERT INTO NEWSOULMATE.SHELTER (SHELTER_NO, SHELTER_NAME, SHELTER_EMAIL, SHELTER_ADDRESS, SHELTER_TEL, SHELTER_LANDLINE, COMPANY_NUM, TRANSFER_ACCOUNT, CITY_NO, VILLAGE_NO) VALUES (341392201300001, '한국동물구조관리협회', null, '경기도 양주시 남면 감악산로 63-37 ', null, '031-860-2322', null, null, 6410000, 3920000);
INSERT INTO NEWSOULMATE.SHELTER (SHELTER_NO, SHELTER_NAME, SHELTER_EMAIL, SHELTER_ADDRESS, SHELTER_TEL, SHELTER_LANDLINE, COMPANY_NUM, TRANSFER_ACCOUNT, CITY_NO, VILLAGE_NO) VALUES (341392202000002, '러브펫동물병원', null, null, null, null, null, null, 6410000, 3920000);
INSERT INTO NEWSOULMATE.SHELTER (SHELTER_NO, SHELTER_NAME, SHELTER_EMAIL, SHELTER_ADDRESS, SHELTER_TEL, SHELTER_LANDLINE, COMPANY_NUM, TRANSFER_ACCOUNT, CITY_NO, VILLAGE_NO) VALUES (341386200900001, '24시아이동물메디컬', null, '경기도 부천시 오정구 원종동 229-8', null, '032-625-2803', null, null, 6410000, 3860000);
INSERT INTO NEWSOULMATE.SHELTER (SHELTER_NO, SHELTER_NAME, SHELTER_EMAIL, SHELTER_ADDRESS, SHELTER_TEL, SHELTER_LANDLINE, COMPANY_NUM, TRANSFER_ACCOUNT, CITY_NO, VILLAGE_NO) VALUES (341386201500001, '부천시수의사회', null, '경기도 부천시 길주로 660 (춘의동) ', null, '032-625-2803', null, null, 6410000, 3860000);
INSERT INTO NEWSOULMATE.SHELTER (SHELTER_NO, SHELTER_NAME, SHELTER_EMAIL, SHELTER_ADDRESS, SHELTER_TEL, SHELTER_LANDLINE, COMPANY_NUM, TRANSFER_ACCOUNT, CITY_NO, VILLAGE_NO) VALUES (341386201800001, '가나동물병원', null, '경기도 부천시 경인로 72 (송내동) ', null, '032-625-2803', null, null, 6410000, 3860000);
INSERT INTO NEWSOULMATE.SHELTER (SHELTER_NO, SHELTER_NAME, SHELTER_EMAIL, SHELTER_ADDRESS, SHELTER_TEL, SHELTER_LANDLINE, COMPANY_NUM, TRANSFER_ACCOUNT, CITY_NO, VILLAGE_NO) VALUES (341386201800004, 'cj동물병원', null, '경기도 부천시 소향로 246 (중동, 새롬프라자6차) ', null, '032-625-2803', null, null, 6410000, 3860000);
INSERT INTO NEWSOULMATE.SHELTER (SHELTER_NO, SHELTER_NAME, SHELTER_EMAIL, SHELTER_ADDRESS, SHELTER_TEL, SHELTER_LANDLINE, COMPANY_NUM, TRANSFER_ACCOUNT, CITY_NO, VILLAGE_NO) VALUES (341378201300002, '펫앤쉘터동물병원', null, '경기도 성남시 분당구 불정로 266 (수내동, 유신제일조합) ', null, '031-729-3287', null, null, 6410000, 3780000);
INSERT INTO NEWSOULMATE.SHELTER (SHELTER_NO, SHELTER_NAME, SHELTER_EMAIL, SHELTER_ADDRESS, SHELTER_TEL, SHELTER_LANDLINE, COMPANY_NUM, TRANSFER_ACCOUNT, CITY_NO, VILLAGE_NO) VALUES (341378201500001, '우리동물병원', null, null, null, null, null, null, 6410000, 3780000);
INSERT INTO NEWSOULMATE.SHELTER (SHELTER_NO, SHELTER_NAME, SHELTER_EMAIL, SHELTER_ADDRESS, SHELTER_TEL, SHELTER_LANDLINE, COMPANY_NUM, TRANSFER_ACCOUNT, CITY_NO, VILLAGE_NO) VALUES (341401201300001, '한국야생동물보호협회', null, null, null, null, null, null, 6410000, 4010000);
INSERT INTO NEWSOULMATE.SHELTER (SHELTER_NO, SHELTER_NAME, SHELTER_EMAIL, SHELTER_ADDRESS, SHELTER_TEL, SHELTER_LANDLINE, COMPANY_NUM, TRANSFER_ACCOUNT, CITY_NO, VILLAGE_NO) VALUES (341401201700001, '시흥시농업기술센터', null, null, null, null, null, null, 6410000, 4010000);
INSERT INTO NEWSOULMATE.SHELTER (SHELTER_NO, SHELTER_NAME, SHELTER_EMAIL, SHELTER_ADDRESS, SHELTER_TEL, SHELTER_LANDLINE, COMPANY_NUM, TRANSFER_ACCOUNT, CITY_NO, VILLAGE_NO) VALUES (341401201900001, '호수동물병원', null, null, null, null, null, null, 6410000, 4010000);
INSERT INTO NEWSOULMATE.SHELTER (SHELTER_NO, SHELTER_NAME, SHELTER_EMAIL, SHELTER_ADDRESS, SHELTER_TEL, SHELTER_LANDLINE, COMPANY_NUM, TRANSFER_ACCOUNT, CITY_NO, VILLAGE_NO) VALUES (341401202100001, '닥터원동물병원', null, null, null, null, null, null, 6410000, 4010000);
INSERT INTO NEWSOULMATE.SHELTER (SHELTER_NO, SHELTER_NAME, SHELTER_EMAIL, SHELTER_ADDRESS, SHELTER_TEL, SHELTER_LANDLINE, COMPANY_NUM, TRANSFER_ACCOUNT, CITY_NO, VILLAGE_NO) VALUES (341401202000002, '목감동물병원', null, null, null, null, null, null, 6410000, 4010000);
INSERT INTO NEWSOULMATE.SHELTER (SHELTER_NO, SHELTER_NAME, SHELTER_EMAIL, SHELTER_ADDRESS, SHELTER_TEL, SHELTER_LANDLINE, COMPANY_NUM, TRANSFER_ACCOUNT, CITY_NO, VILLAGE_NO) VALUES (341393200900001, '한국야생동물보호협회', null, '경기도 안산시 상록구 청곡길 50 (부곡동) 안산시 상록구 부곡동 231-5', null, '031-481-2494', null, null, 6410000, 3930000);
INSERT INTO NEWSOULMATE.SHELTER (SHELTER_NO, SHELTER_NAME, SHELTER_EMAIL, SHELTER_ADDRESS, SHELTER_TEL, SHELTER_LANDLINE, COMPANY_NUM, TRANSFER_ACCOUNT, CITY_NO, VILLAGE_NO) VALUES (341393201900001, '스타캣츠', null, '경기도 안산시 단원구 한양대학로 208 (고잔동) 2층 스타캣츠', null, '031-481-2494', null, null, 6410000, 3930000);
INSERT INTO NEWSOULMATE.SHELTER (SHELTER_NO, SHELTER_NAME, SHELTER_EMAIL, SHELTER_ADDRESS, SHELTER_TEL, SHELTER_LANDLINE, COMPANY_NUM, TRANSFER_ACCOUNT, CITY_NO, VILLAGE_NO) VALUES (341383201300001, '한국야생동물보호협회', null, '경기도 안산시 상록구 청곡길 50 (부곡동) ', null, '031-8045-2605', null, null, 6410000, 3830000);
INSERT INTO NEWSOULMATE.SHELTER (SHELTER_NO, SHELTER_NAME, SHELTER_EMAIL, SHELTER_ADDRESS, SHELTER_TEL, SHELTER_LANDLINE, COMPANY_NUM, TRANSFER_ACCOUNT, CITY_NO, VILLAGE_NO) VALUES (341383201800001, '하은동물병원', null, null, null, null, null, null, 6410000, 3830000);
INSERT INTO NEWSOULMATE.SHELTER (SHELTER_NO, SHELTER_NAME, SHELTER_EMAIL, SHELTER_ADDRESS, SHELTER_TEL, SHELTER_LANDLINE, COMPANY_NUM, TRANSFER_ACCOUNT, CITY_NO, VILLAGE_NO) VALUES (341400200900001, '오산 유기동물보호소', null, '경기도 오산시 성호대로 36 (오산동) ', null, '031-8036-7643', null, null, 6410000, 4000000);
INSERT INTO NEWSOULMATE.SHELTER (SHELTER_NO, SHELTER_NAME, SHELTER_EMAIL, SHELTER_ADDRESS, SHELTER_TEL, SHELTER_LANDLINE, COMPANY_NUM, TRANSFER_ACCOUNT, CITY_NO, VILLAGE_NO) VALUES (341400201800001, '미소동물병원', null, null, null, null, null, null, 6410000, 4000000);
INSERT INTO NEWSOULMATE.SHELTER (SHELTER_NO, SHELTER_NAME, SHELTER_EMAIL, SHELTER_ADDRESS, SHELTER_TEL, SHELTER_LANDLINE, COMPANY_NUM, TRANSFER_ACCOUNT, CITY_NO, VILLAGE_NO) VALUES (341400201900003, '우리동물병원', null, null, null, null, null, null, 6410000, 4000000);
INSERT INTO NEWSOULMATE.SHELTER (SHELTER_NO, SHELTER_NAME, SHELTER_EMAIL, SHELTER_ADDRESS, SHELTER_TEL, SHELTER_LANDLINE, COMPANY_NUM, TRANSFER_ACCOUNT, CITY_NO, VILLAGE_NO) VALUES (341400201900001, '장수동물의료원', null, null, null, null, null, null, 6410000, 4000000);
INSERT INTO NEWSOULMATE.SHELTER (SHELTER_NO, SHELTER_NAME, SHELTER_EMAIL, SHELTER_ADDRESS, SHELTER_TEL, SHELTER_LANDLINE, COMPANY_NUM, TRANSFER_ACCOUNT, CITY_NO, VILLAGE_NO) VALUES (341400201900002, '25시종합동물병원', null, null, null, null, null, null, 6410000, 4000000);
INSERT INTO NEWSOULMATE.SHELTER (SHELTER_NO, SHELTER_NAME, SHELTER_EMAIL, SHELTER_ADDRESS, SHELTER_TEL, SHELTER_LANDLINE, COMPANY_NUM, TRANSFER_ACCOUNT, CITY_NO, VILLAGE_NO) VALUES (341400201900004, '원 동물병원', null, null, null, null, null, null, 6410000, 4000000);
INSERT INTO NEWSOULMATE.SHELTER (SHELTER_NO, SHELTER_NAME, SHELTER_EMAIL, SHELTER_ADDRESS, SHELTER_TEL, SHELTER_LANDLINE, COMPANY_NUM, TRANSFER_ACCOUNT, CITY_NO, VILLAGE_NO) VALUES (341403202100001, '한국야생동물보호협회', null, '경기도 안산시 상록구 청곡길 50 (부곡동) ', null, '031-345-2383', null, null, 6410000, 4030000);
INSERT INTO NEWSOULMATE.SHELTER (SHELTER_NO, SHELTER_NAME, SHELTER_EMAIL, SHELTER_ADDRESS, SHELTER_TEL, SHELTER_LANDLINE, COMPANY_NUM, TRANSFER_ACCOUNT, CITY_NO, VILLAGE_NO) VALUES (341403202000001, '의왕시청', null, null, null, null, null, null, 6410000, 4030000);
INSERT INTO NEWSOULMATE.SHELTER (SHELTER_NO, SHELTER_NAME, SHELTER_EMAIL, SHELTER_ADDRESS, SHELTER_TEL, SHELTER_LANDLINE, COMPANY_NUM, TRANSFER_ACCOUNT, CITY_NO, VILLAGE_NO) VALUES (341403202200002, '청계종합동물병원', null, null, null, null, null, null, 6410000, 4030000);
INSERT INTO NEWSOULMATE.SHELTER (SHELTER_NO, SHELTER_NAME, SHELTER_EMAIL, SHELTER_ADDRESS, SHELTER_TEL, SHELTER_LANDLINE, COMPANY_NUM, TRANSFER_ACCOUNT, CITY_NO, VILLAGE_NO) VALUES (341382200900001, '한국동물구조관리협회', null, '경기도 양주시 남면 감악산로 63-37 (남면) ', null, '031-828-4083', null, null, 6410000, 3820000);
INSERT INTO NEWSOULMATE.SHELTER (SHELTER_NO, SHELTER_NAME, SHELTER_EMAIL, SHELTER_ADDRESS, SHELTER_TEL, SHELTER_LANDLINE, COMPANY_NUM, TRANSFER_ACCOUNT, CITY_NO, VILLAGE_NO) VALUES (341407201900001, '위더스 동물보호센터', null, '경기도 여주시 능서면 능서공원길 34 (능서면) ', null, '031-644-2612', null, null, 6410000, 4070000);
INSERT INTO NEWSOULMATE.SHELTER (SHELTER_NO, SHELTER_NAME, SHELTER_EMAIL, SHELTER_ADDRESS, SHELTER_TEL, SHELTER_LANDLINE, COMPANY_NUM, TRANSFER_ACCOUNT, CITY_NO, VILLAGE_NO) VALUES (341406201300006, '행복한동물병원', null, null, null, null, null, null, 6410000, 4060000);
INSERT INTO NEWSOULMATE.SHELTER (SHELTER_NO, SHELTER_NAME, SHELTER_EMAIL, SHELTER_ADDRESS, SHELTER_TEL, SHELTER_LANDLINE, COMPANY_NUM, TRANSFER_ACCOUNT, CITY_NO, VILLAGE_NO) VALUES (341406201300009, '나은동물병원', null, '경기도 파주시 새꽃로 207 (아동동) 나은동물병원', null, '031-940-4824', null, null, 6410000, 4060000);
INSERT INTO NEWSOULMATE.SHELTER (SHELTER_NO, SHELTER_NAME, SHELTER_EMAIL, SHELTER_ADDRESS, SHELTER_TEL, SHELTER_LANDLINE, COMPANY_NUM, TRANSFER_ACCOUNT, CITY_NO, VILLAGE_NO) VALUES (341406201300005, '파주24시동물병원', null, '경기도 파주시 교하로 87 (목동동) 삼성프라자 201', null, '031-940-4824', null, null, 6410000, 4060000);
INSERT INTO NEWSOULMATE.SHELTER (SHELTER_NO, SHELTER_NAME, SHELTER_EMAIL, SHELTER_ADDRESS, SHELTER_TEL, SHELTER_LANDLINE, COMPANY_NUM, TRANSFER_ACCOUNT, CITY_NO, VILLAGE_NO) VALUES (341406201300004, '버디종합동물병원', null, null, null, null, null, null, 6410000, 4060000);
INSERT INTO NEWSOULMATE.SHELTER (SHELTER_NO, SHELTER_NAME, SHELTER_EMAIL, SHELTER_ADDRESS, SHELTER_TEL, SHELTER_LANDLINE, COMPANY_NUM, TRANSFER_ACCOUNT, CITY_NO, VILLAGE_NO) VALUES (341406201500002, '웰니스클리닉', null, '경기도 파주시 한울로 123 (동패동, 이마트운정점) 2층, 웰니스클리닉', null, '031-940-4824', null, null, 6410000, 4060000);
INSERT INTO NEWSOULMATE.SHELTER (SHELTER_NO, SHELTER_NAME, SHELTER_EMAIL, SHELTER_ADDRESS, SHELTER_TEL, SHELTER_LANDLINE, COMPANY_NUM, TRANSFER_ACCOUNT, CITY_NO, VILLAGE_NO) VALUES (341406201700010, '야당동물병원', null, null, null, null, null, null, 6410000, 4060000);
INSERT INTO NEWSOULMATE.SHELTER (SHELTER_NO, SHELTER_NAME, SHELTER_EMAIL, SHELTER_ADDRESS, SHELTER_TEL, SHELTER_LANDLINE, COMPANY_NUM, TRANSFER_ACCOUNT, CITY_NO, VILLAGE_NO) VALUES (341406201700002, '가온동물병원', null, null, null, null, null, null, 6410000, 4060000);
INSERT INTO NEWSOULMATE.SHELTER (SHELTER_NO, SHELTER_NAME, SHELTER_EMAIL, SHELTER_ADDRESS, SHELTER_TEL, SHELTER_LANDLINE, COMPANY_NUM, TRANSFER_ACCOUNT, CITY_NO, VILLAGE_NO) VALUES (341406201700009, '로뎀동물병원', null, null, null, null, null, null, 6410000, 4060000);
INSERT INTO NEWSOULMATE.SHELTER (SHELTER_NO, SHELTER_NAME, SHELTER_EMAIL, SHELTER_ADDRESS, SHELTER_TEL, SHELTER_LANDLINE, COMPANY_NUM, TRANSFER_ACCOUNT, CITY_NO, VILLAGE_NO) VALUES (341406201700001, '금릉동물병원', null, null, null, null, null, null, 6410000, 4060000);
INSERT INTO NEWSOULMATE.SHELTER (SHELTER_NO, SHELTER_NAME, SHELTER_EMAIL, SHELTER_ADDRESS, SHELTER_TEL, SHELTER_LANDLINE, COMPANY_NUM, TRANSFER_ACCOUNT, CITY_NO, VILLAGE_NO) VALUES (341406201700003, '미엘동물병원', null, '경기도 파주시 청석로 264 (동패동) 2층 201호 거북목프라자', null, '031-940-4824', null, null, 6410000, 4060000);
INSERT INTO NEWSOULMATE.SHELTER (SHELTER_NO, SHELTER_NAME, SHELTER_EMAIL, SHELTER_ADDRESS, SHELTER_TEL, SHELTER_LANDLINE, COMPANY_NUM, TRANSFER_ACCOUNT, CITY_NO, VILLAGE_NO) VALUES (341406201900001, '파주독 애견호텔', null, '경기도 파주시 탄현면 방촌로 732-96 (탄현면) ', null, '031-940-4824', null, null, 6410000, 4060000);
INSERT INTO NEWSOULMATE.SHELTER (SHELTER_NO, SHELTER_NAME, SHELTER_EMAIL, SHELTER_ADDRESS, SHELTER_TEL, SHELTER_LANDLINE, COMPANY_NUM, TRANSFER_ACCOUNT, CITY_NO, VILLAGE_NO) VALUES (341406201300003, '문산동물병원', null, null, null, null, null, null, 6410000, 4060000);
INSERT INTO NEWSOULMATE.SHELTER (SHELTER_NO, SHELTER_NAME, SHELTER_EMAIL, SHELTER_ADDRESS, SHELTER_TEL, SHELTER_LANDLINE, COMPANY_NUM, TRANSFER_ACCOUNT, CITY_NO, VILLAGE_NO) VALUES (341391200900001, '평택시유기동물보호소', null, '경기도 평택시 진위면 야막길 108-86 (진위면) ', null, '031-8024-3808', null, null, 6410000, 3910000);
INSERT INTO NEWSOULMATE.SHELTER (SHELTER_NO, SHELTER_NAME, SHELTER_EMAIL, SHELTER_ADDRESS, SHELTER_TEL, SHELTER_LANDLINE, COMPANY_NUM, TRANSFER_ACCOUNT, CITY_NO, VILLAGE_NO) VALUES (341391201800002, '코리아 동물병원', null, null, null, null, null, null, 6410000, 3910000);
INSERT INTO NEWSOULMATE.SHELTER (SHELTER_NO, SHELTER_NAME, SHELTER_EMAIL, SHELTER_ADDRESS, SHELTER_TEL, SHELTER_LANDLINE, COMPANY_NUM, TRANSFER_ACCOUNT, CITY_NO, VILLAGE_NO) VALUES (341391201800003, '필립 동물병원', null, null, null, null, null, null, 6410000, 3910000);
INSERT INTO NEWSOULMATE.SHELTER (SHELTER_NO, SHELTER_NAME, SHELTER_EMAIL, SHELTER_ADDRESS, SHELTER_TEL, SHELTER_LANDLINE, COMPANY_NUM, TRANSFER_ACCOUNT, CITY_NO, VILLAGE_NO) VALUES (341391201900001, '강남동물병원', null, null, null, null, null, null, 6410000, 3910000);
INSERT INTO NEWSOULMATE.SHELTER (SHELTER_NO, SHELTER_NAME, SHELTER_EMAIL, SHELTER_ADDRESS, SHELTER_TEL, SHELTER_LANDLINE, COMPANY_NUM, TRANSFER_ACCOUNT, CITY_NO, VILLAGE_NO) VALUES (341391201900002, 'two현동물병원', null, null, null, null, null, null, 6410000, 3910000);
INSERT INTO NEWSOULMATE.SHELTER (SHELTER_NO, SHELTER_NAME, SHELTER_EMAIL, SHELTER_ADDRESS, SHELTER_TEL, SHELTER_LANDLINE, COMPANY_NUM, TRANSFER_ACCOUNT, CITY_NO, VILLAGE_NO) VALUES (341391201900004, '안중중앙동물병원', null, null, null, null, null, null, 6410000, 3910000);
INSERT INTO NEWSOULMATE.SHELTER (SHELTER_NO, SHELTER_NAME, SHELTER_EMAIL, SHELTER_ADDRESS, SHELTER_TEL, SHELTER_LANDLINE, COMPANY_NUM, TRANSFER_ACCOUNT, CITY_NO, VILLAGE_NO) VALUES (341391201900005, 'PET25시 동물병원', null, null, null, null, null, null, 6410000, 3910000);
INSERT INTO NEWSOULMATE.SHELTER (SHELTER_NO, SHELTER_NAME, SHELTER_EMAIL, SHELTER_ADDRESS, SHELTER_TEL, SHELTER_LANDLINE, COMPANY_NUM, TRANSFER_ACCOUNT, CITY_NO, VILLAGE_NO) VALUES (341391201900003, '펫필드동물병원', null, null, null, null, null, null, 6410000, 3910000);
INSERT INTO NEWSOULMATE.SHELTER (SHELTER_NO, SHELTER_NAME, SHELTER_EMAIL, SHELTER_ADDRESS, SHELTER_TEL, SHELTER_LANDLINE, COMPANY_NUM, TRANSFER_ACCOUNT, CITY_NO, VILLAGE_NO) VALUES (341391202000002, '쿨펫동물병원', null, null, null, null, null, null, 6410000, 3910000);
INSERT INTO NEWSOULMATE.SHELTER (SHELTER_NO, SHELTER_NAME, SHELTER_EMAIL, SHELTER_ADDRESS, SHELTER_TEL, SHELTER_LANDLINE, COMPANY_NUM, TRANSFER_ACCOUNT, CITY_NO, VILLAGE_NO) VALUES (341391202100001, '심재훈동물병원', null, null, null, null, null, null, 6410000, 3910000);
INSERT INTO NEWSOULMATE.SHELTER (SHELTER_NO, SHELTER_NAME, SHELTER_EMAIL, SHELTER_ADDRESS, SHELTER_TEL, SHELTER_LANDLINE, COMPANY_NUM, TRANSFER_ACCOUNT, CITY_NO, VILLAGE_NO) VALUES (342424201900001, '삼척동물병원', null, null, null, null, null, null, 6420000, 4240000);
INSERT INTO NEWSOULMATE.SHELTER (SHELTER_NO, SHELTER_NAME, SHELTER_EMAIL, SHELTER_ADDRESS, SHELTER_TEL, SHELTER_LANDLINE, COMPANY_NUM, TRANSFER_ACCOUNT, CITY_NO, VILLAGE_NO) VALUES (342424201800001, '두타동물병원', null, null, null, null, null, null, 6420000, 4240000);
INSERT INTO NEWSOULMATE.SHELTER (SHELTER_NO, SHELTER_NAME, SHELTER_EMAIL, SHELTER_ADDRESS, SHELTER_TEL, SHELTER_LANDLINE, COMPANY_NUM, TRANSFER_ACCOUNT, CITY_NO, VILLAGE_NO) VALUES (342427201400001, '영월군위탁동물보호소', null, '강원도 영월군 영월읍 덕포우회길 329  ', null, '033-370-1613', null, null, 6420000, 4270000);
INSERT INTO NEWSOULMATE.SHELTER (SHELTER_NO, SHELTER_NAME, SHELTER_EMAIL, SHELTER_ADDRESS, SHELTER_TEL, SHELTER_LANDLINE, COMPANY_NUM, TRANSFER_ACCOUNT, CITY_NO, VILLAGE_NO) VALUES (342427202000001, '수호동물병원', null, null, null, null, null, null, 6420000, 4270000);
INSERT INTO NEWSOULMATE.SHELTER (SHELTER_NO, SHELTER_NAME, SHELTER_EMAIL, SHELTER_ADDRESS, SHELTER_TEL, SHELTER_LANDLINE, COMPANY_NUM, TRANSFER_ACCOUNT, CITY_NO, VILLAGE_NO) VALUES (342429201300002, '다나동물병원', null, '강원도 정선군 정선읍 비봉로 46  ', null, '033-560-2446', null, null, 6420000, 4290000);
INSERT INTO NEWSOULMATE.SHELTER (SHELTER_NO, SHELTER_NAME, SHELTER_EMAIL, SHELTER_ADDRESS, SHELTER_TEL, SHELTER_LANDLINE, COMPANY_NUM, TRANSFER_ACCOUNT, CITY_NO, VILLAGE_NO) VALUES (342430200900001, '성일동물병원', null, null, null, null, null, null, 6420000, 4300000);
INSERT INTO NEWSOULMATE.SHELTER (SHELTER_NO, SHELTER_NAME, SHELTER_EMAIL, SHELTER_ADDRESS, SHELTER_TEL, SHELTER_LANDLINE, COMPANY_NUM, TRANSFER_ACCOUNT, CITY_NO, VILLAGE_NO) VALUES (342418201300001, '춘천시 동물보호센터', null, '강원도 춘천시 신북읍 영서로 3282 (신북읍) (전)102보충대 주차장', null, '033-245-5785', null, null, 6420000, 4180000);
INSERT INTO NEWSOULMATE.SHELTER (SHELTER_NO, SHELTER_NAME, SHELTER_EMAIL, SHELTER_ADDRESS, SHELTER_TEL, SHELTER_LANDLINE, COMPANY_NUM, TRANSFER_ACCOUNT, CITY_NO, VILLAGE_NO) VALUES (342418202200005, '고려동물병원', null, null, null, null, null, null, 6420000, 4180000);
INSERT INTO NEWSOULMATE.SHELTER (SHELTER_NO, SHELTER_NAME, SHELTER_EMAIL, SHELTER_ADDRESS, SHELTER_TEL, SHELTER_LANDLINE, COMPANY_NUM, TRANSFER_ACCOUNT, CITY_NO, VILLAGE_NO) VALUES (342418202200003, '강남종합동물병원', null, null, null, null, null, null, 6420000, 4180000);
INSERT INTO NEWSOULMATE.SHELTER (SHELTER_NO, SHELTER_NAME, SHELTER_EMAIL, SHELTER_ADDRESS, SHELTER_TEL, SHELTER_LANDLINE, COMPANY_NUM, TRANSFER_ACCOUNT, CITY_NO, VILLAGE_NO) VALUES (343442201300001, '최상오동물병원', null, '충청북도 보은군 보은읍 보은로 119-1 (보은읍) ', '010-7238-0046', '043-540-3643', null, null, 6430000, 4420000);
INSERT INTO NEWSOULMATE.SHELTER (SHELTER_NO, SHELTER_NAME, SHELTER_EMAIL, SHELTER_ADDRESS, SHELTER_TEL, SHELTER_LANDLINE, COMPANY_NUM, TRANSFER_ACCOUNT, CITY_NO, VILLAGE_NO) VALUES (343445202200001, '괴산증평보호소', null, '충청북도 증평군 도안면 입장길 239  ', '010-3169-1151', '043-539-3562', null, null, 6430000, 4450000);
INSERT INTO NEWSOULMATE.SHELTER (SHELTER_NO, SHELTER_NAME, SHELTER_EMAIL, SHELTER_ADDRESS, SHELTER_TEL, SHELTER_LANDLINE, COMPANY_NUM, TRANSFER_ACCOUNT, CITY_NO, VILLAGE_NO) VALUES (344558201300001, '계룡시유기동물보호소', null, '충청남도 계룡시 엄사면 천마로 12 ', '010-5408-8461', '042-840-2653', null, null, 6440000, 5580000);
INSERT INTO NEWSOULMATE.SHELTER (SHELTER_NO, SHELTER_NAME, SHELTER_EMAIL, SHELTER_ADDRESS, SHELTER_TEL, SHELTER_LANDLINE, COMPANY_NUM, TRANSFER_ACCOUNT, CITY_NO, VILLAGE_NO) VALUES (344450201900001, '공주시 동물보호소', null, null, null, null, null, null, 6440000, 4500000);
INSERT INTO NEWSOULMATE.SHELTER (SHELTER_NO, SHELTER_NAME, SHELTER_EMAIL, SHELTER_ADDRESS, SHELTER_TEL, SHELTER_LANDLINE, COMPANY_NUM, TRANSFER_ACCOUNT, CITY_NO, VILLAGE_NO) VALUES (344450201500001, '강북동물병원', null, null, null, null, null, null, 6440000, 4500000);
INSERT INTO NEWSOULMATE.SHELTER (SHELTER_NO, SHELTER_NAME, SHELTER_EMAIL, SHELTER_ADDRESS, SHELTER_TEL, SHELTER_LANDLINE, COMPANY_NUM, TRANSFER_ACCOUNT, CITY_NO, VILLAGE_NO) VALUES (344455201800001, '우신동물병원', null, null, null, null, null, null, 6440000, 4550000);
INSERT INTO NEWSOULMATE.SHELTER (SHELTER_NO, SHELTER_NAME, SHELTER_EMAIL, SHELTER_ADDRESS, SHELTER_TEL, SHELTER_LANDLINE, COMPANY_NUM, TRANSFER_ACCOUNT, CITY_NO, VILLAGE_NO) VALUES (344455202100001, '월드동물병원', null, '충청남도 금산군 금산읍 비단로 102  103호', null, '041-750-2584', null, null, 6440000, 4550000);
INSERT INTO NEWSOULMATE.SHELTER (SHELTER_NO, SHELTER_NAME, SHELTER_EMAIL, SHELTER_ADDRESS, SHELTER_TEL, SHELTER_LANDLINE, COMPANY_NUM, TRANSFER_ACCOUNT, CITY_NO, VILLAGE_NO) VALUES (344455202100003, '중부야생동물병원', null, null, null, null, null, null, 6440000, 4550000);
INSERT INTO NEWSOULMATE.SHELTER (SHELTER_NO, SHELTER_NAME, SHELTER_EMAIL, SHELTER_ADDRESS, SHELTER_TEL, SHELTER_LANDLINE, COMPANY_NUM, TRANSFER_ACCOUNT, CITY_NO, VILLAGE_NO) VALUES (344568201700001, '당진시동물보호소', null, '충청남도 당진시 고대면 연동로 30-6 (고대면) ', null, '041-350-4250', null, null, 6440000, 5680000);
INSERT INTO NEWSOULMATE.SHELTER (SHELTER_NO, SHELTER_NAME, SHELTER_EMAIL, SHELTER_ADDRESS, SHELTER_TEL, SHELTER_LANDLINE, COMPANY_NUM, TRANSFER_ACCOUNT, CITY_NO, VILLAGE_NO) VALUES (344568202000002, '행담동물병원', null, null, null, null, null, null, 6440000, 5680000);
INSERT INTO NEWSOULMATE.SHELTER (SHELTER_NO, SHELTER_NAME, SHELTER_EMAIL, SHELTER_ADDRESS, SHELTER_TEL, SHELTER_LANDLINE, COMPANY_NUM, TRANSFER_ACCOUNT, CITY_NO, VILLAGE_NO) VALUES (344568202000001, '현대동물병원', null, null, null, null, null, null, 6440000, 5680000);
INSERT INTO NEWSOULMATE.SHELTER (SHELTER_NO, SHELTER_NAME, SHELTER_EMAIL, SHELTER_ADDRESS, SHELTER_TEL, SHELTER_LANDLINE, COMPANY_NUM, TRANSFER_ACCOUNT, CITY_NO, VILLAGE_NO) VALUES (344568202000003, '건국동물병원', null, null, null, null, null, null, 6440000, 5680000);
INSERT INTO NEWSOULMATE.SHELTER (SHELTER_NO, SHELTER_NAME, SHELTER_EMAIL, SHELTER_ADDRESS, SHELTER_TEL, SHELTER_LANDLINE, COMPANY_NUM, TRANSFER_ACCOUNT, CITY_NO, VILLAGE_NO) VALUES (344451201300001, '보령시유기동물보호소', null, '충청남도 보령시 녹문3길 7 (내항동) ', '010-5427-7210', '041-930-7924', null, null, 6440000, 4510000);
INSERT INTO NEWSOULMATE.SHELTER (SHELTER_NO, SHELTER_NAME, SHELTER_EMAIL, SHELTER_ADDRESS, SHELTER_TEL, SHELTER_LANDLINE, COMPANY_NUM, TRANSFER_ACCOUNT, CITY_NO, VILLAGE_NO) VALUES (344453202100003, '서산시 동물보호센터', null, '충청남도 서산시 인지면 무학재1길 99  ', null, '041-660-2392', null, null, 6440000, 4530000);
INSERT INTO NEWSOULMATE.SHELTER (SHELTER_NO, SHELTER_NAME, SHELTER_EMAIL, SHELTER_ADDRESS, SHELTER_TEL, SHELTER_LANDLINE, COMPANY_NUM, TRANSFER_ACCOUNT, CITY_NO, VILLAGE_NO) VALUES (344458201300001, '서천군유기동물보호소', null, '충청남도 서천군 마산면 한마로 1189-19 ', null, '041-950-4388', null, null, 6440000, 4580000);
INSERT INTO NEWSOULMATE.SHELTER (SHELTER_NO, SHELTER_NAME, SHELTER_EMAIL, SHELTER_ADDRESS, SHELTER_TEL, SHELTER_LANDLINE, COMPANY_NUM, TRANSFER_ACCOUNT, CITY_NO, VILLAGE_NO) VALUES (344458202100002, '서해동물병원', null, null, null, null, null, null, 6440000, 4580000);
INSERT INTO NEWSOULMATE.SHELTER (SHELTER_NO, SHELTER_NAME, SHELTER_EMAIL, SHELTER_ADDRESS, SHELTER_TEL, SHELTER_LANDLINE, COMPANY_NUM, TRANSFER_ACCOUNT, CITY_NO, VILLAGE_NO) VALUES (344449201200001, '천안시유기동물보호소', null, null, null, null, null, null, 6440000, 4490000);
INSERT INTO NEWSOULMATE.SHELTER (SHELTER_NO, SHELTER_NAME, SHELTER_EMAIL, SHELTER_ADDRESS, SHELTER_TEL, SHELTER_LANDLINE, COMPANY_NUM, TRANSFER_ACCOUNT, CITY_NO, VILLAGE_NO) VALUES (344449201900001, '중앙동물병원', null, null, null, null, null, null, 6440000, 4490000);
INSERT INTO NEWSOULMATE.SHELTER (SHELTER_NO, SHELTER_NAME, SHELTER_EMAIL, SHELTER_ADDRESS, SHELTER_TEL, SHELTER_LANDLINE, COMPANY_NUM, TRANSFER_ACCOUNT, CITY_NO, VILLAGE_NO) VALUES (344449201900005, '닥터전동물병원', null, null, null, null, null, null, 6440000, 4490000);
INSERT INTO NEWSOULMATE.SHELTER (SHELTER_NO, SHELTER_NAME, SHELTER_EMAIL, SHELTER_ADDRESS, SHELTER_TEL, SHELTER_LANDLINE, COMPANY_NUM, TRANSFER_ACCOUNT, CITY_NO, VILLAGE_NO) VALUES (344449202000003, '디어마이프렌즈', null, null, null, null, null, null, 6440000, 4490000);
INSERT INTO NEWSOULMATE.SHELTER (SHELTER_NO, SHELTER_NAME, SHELTER_EMAIL, SHELTER_ADDRESS, SHELTER_TEL, SHELTER_LANDLINE, COMPANY_NUM, TRANSFER_ACCOUNT, CITY_NO, VILLAGE_NO) VALUES (344449202100001, '유실유기동물보호소', null, '충청남도 천안시 동남구 충절로 437 (삼룡동) ', '010-5913-5119', '041-521-5735', null, null, 6440000, 4490000);
INSERT INTO NEWSOULMATE.SHELTER (SHELTER_NO, SHELTER_NAME, SHELTER_EMAIL, SHELTER_ADDRESS, SHELTER_TEL, SHELTER_LANDLINE, COMPANY_NUM, TRANSFER_ACCOUNT, CITY_NO, VILLAGE_NO) VALUES (344449202100002, '중부벳동물병원', null, null, null, null, null, null, 6440000, 4490000);
INSERT INTO NEWSOULMATE.SHELTER (SHELTER_NO, SHELTER_NAME, SHELTER_EMAIL, SHELTER_ADDRESS, SHELTER_TEL, SHELTER_LANDLINE, COMPANY_NUM, TRANSFER_ACCOUNT, CITY_NO, VILLAGE_NO) VALUES (344459202000001, '청양보호소', null, '충청남도 청양군 대치면 청산로 446-17 (대치면) ', null, '041-940-2972', null, null, 6440000, 4590000);
INSERT INTO NEWSOULMATE.SHELTER (SHELTER_NO, SHELTER_NAME, SHELTER_EMAIL, SHELTER_ADDRESS, SHELTER_TEL, SHELTER_LANDLINE, COMPANY_NUM, TRANSFER_ACCOUNT, CITY_NO, VILLAGE_NO) VALUES (344462200900001, '최동물병원', null, '충청남도 태안군 태안읍 남문리 504-6', null, '041-670-2827', null, null, 6440000, 4620000);
INSERT INTO NEWSOULMATE.SHELTER (SHELTER_NO, SHELTER_NAME, SHELTER_EMAIL, SHELTER_ADDRESS, SHELTER_TEL, SHELTER_LANDLINE, COMPANY_NUM, TRANSFER_ACCOUNT, CITY_NO, VILLAGE_NO) VALUES (344462202100002, '태안동물병원', null, null, null, null, null, null, 6440000, 4620000);
INSERT INTO NEWSOULMATE.SHELTER (SHELTER_NO, SHELTER_NAME, SHELTER_EMAIL, SHELTER_ADDRESS, SHELTER_TEL, SHELTER_LANDLINE, COMPANY_NUM, TRANSFER_ACCOUNT, CITY_NO, VILLAGE_NO) VALUES (345467201000001, '군산유기동물보호센터', null, '전라북도 군산시 대야면 보덕안정길 108-20  ', null, '063-454-5913', null, null, 6450000, 4670000);
INSERT INTO NEWSOULMATE.SHELTER (SHELTER_NO, SHELTER_NAME, SHELTER_EMAIL, SHELTER_ADDRESS, SHELTER_TEL, SHELTER_LANDLINE, COMPANY_NUM, TRANSFER_ACCOUNT, CITY_NO, VILLAGE_NO) VALUES (345470200900001, '청원동물병원', null, '전라북도 남원시 죽항동 278번지', null, '063-620-6420', null, null, 6450000, 4700000);
INSERT INTO NEWSOULMATE.SHELTER (SHELTER_NO, SHELTER_NAME, SHELTER_EMAIL, SHELTER_ADDRESS, SHELTER_TEL, SHELTER_LANDLINE, COMPANY_NUM, TRANSFER_ACCOUNT, CITY_NO, VILLAGE_NO) VALUES (345470201300002, '하나동물병원', null, '전라북도 남원시 왕정동 67 ', null, '063-620-6420', null, null, 6450000, 4700000);
INSERT INTO NEWSOULMATE.SHELTER (SHELTER_NO, SHELTER_NAME, SHELTER_EMAIL, SHELTER_ADDRESS, SHELTER_TEL, SHELTER_LANDLINE, COMPANY_NUM, TRANSFER_ACCOUNT, CITY_NO, VILLAGE_NO) VALUES (345479201600002, '연합동물병원', null, '전라북도 부안군 부안읍 번영로 185 (부안읍, 르노삼성자동차) 연합동물병원', null, '063-580-4499', null, null, 6450000, 4790000);
INSERT INTO NEWSOULMATE.SHELTER (SHELTER_NO, SHELTER_NAME, SHELTER_EMAIL, SHELTER_ADDRESS, SHELTER_TEL, SHELTER_LANDLINE, COMPANY_NUM, TRANSFER_ACCOUNT, CITY_NO, VILLAGE_NO) VALUES (345479202100001, '부안군 동물보호센터', null, '전라북도 부안군 주산면 주산로 369  부안군 동물보호센터', null, '063-580-4499', null, null, 6450000, 4790000);
INSERT INTO NEWSOULMATE.SHELTER (SHELTER_NO, SHELTER_NAME, SHELTER_EMAIL, SHELTER_ADDRESS, SHELTER_TEL, SHELTER_LANDLINE, COMPANY_NUM, TRANSFER_ACCOUNT, CITY_NO, VILLAGE_NO) VALUES (345479202200002, '미래동물병원', null, null, null, null, null, null, 6450000, 4790000);
INSERT INTO NEWSOULMATE.SHELTER (SHELTER_NO, SHELTER_NAME, SHELTER_EMAIL, SHELTER_ADDRESS, SHELTER_TEL, SHELTER_LANDLINE, COMPANY_NUM, TRANSFER_ACCOUNT, CITY_NO, VILLAGE_NO) VALUES (345476201300001, '오수동물병원', null, null, null, null, null, null, 6450000, 4760000);
INSERT INTO NEWSOULMATE.SHELTER (SHELTER_NO, SHELTER_NAME, SHELTER_EMAIL, SHELTER_ADDRESS, SHELTER_TEL, SHELTER_LANDLINE, COMPANY_NUM, TRANSFER_ACCOUNT, CITY_NO, VILLAGE_NO) VALUES (345476202000001, '임실 임시보호소', null, null, null, null, null, null, 6450000, 4760000);
INSERT INTO NEWSOULMATE.SHELTER (SHELTER_NO, SHELTER_NAME, SHELTER_EMAIL, SHELTER_ADDRESS, SHELTER_TEL, SHELTER_LANDLINE, COMPANY_NUM, TRANSFER_ACCOUNT, CITY_NO, VILLAGE_NO) VALUES (345476202000002, '박영재동물병원', null, null, null, null, null, null, 6450000, 4760000);
INSERT INTO NEWSOULMATE.SHELTER (SHELTER_NO, SHELTER_NAME, SHELTER_EMAIL, SHELTER_ADDRESS, SHELTER_TEL, SHELTER_LANDLINE, COMPANY_NUM, TRANSFER_ACCOUNT, CITY_NO, VILLAGE_NO) VALUES (345476202200001, '하루동물병원', null, null, null, null, null, null, 6450000, 4760000);
INSERT INTO NEWSOULMATE.SHELTER (SHELTER_NO, SHELTER_NAME, SHELTER_EMAIL, SHELTER_ADDRESS, SHELTER_TEL, SHELTER_LANDLINE, COMPANY_NUM, TRANSFER_ACCOUNT, CITY_NO, VILLAGE_NO) VALUES (345475202100001, '제이준동물병원', null, null, null, null, null, null, 6450000, 4750000);
INSERT INTO NEWSOULMATE.SHELTER (SHELTER_NO, SHELTER_NAME, SHELTER_EMAIL, SHELTER_ADDRESS, SHELTER_TEL, SHELTER_LANDLINE, COMPANY_NUM, TRANSFER_ACCOUNT, CITY_NO, VILLAGE_NO) VALUES (345475202200001, '제이준동물병원', null, null, null, null, null, null, 6450000, 4750000);
INSERT INTO NEWSOULMATE.SHELTER (SHELTER_NO, SHELTER_NAME, SHELTER_EMAIL, SHELTER_ADDRESS, SHELTER_TEL, SHELTER_LANDLINE, COMPANY_NUM, TRANSFER_ACCOUNT, CITY_NO, VILLAGE_NO) VALUES (345475202200002, '도담', null, null, null, null, null, null, 6450000, 4750000);
INSERT INTO NEWSOULMATE.SHELTER (SHELTER_NO, SHELTER_NAME, SHELTER_EMAIL, SHELTER_ADDRESS, SHELTER_TEL, SHELTER_LANDLINE, COMPANY_NUM, TRANSFER_ACCOUNT, CITY_NO, VILLAGE_NO) VALUES (345464200900001, '프렌즈동물병원', null, '전라북도 전주시 완산구 삼천동1가 592-1', null, '063-281-5277', null, null, 6450000, 4640000);
INSERT INTO NEWSOULMATE.SHELTER (SHELTER_NO, SHELTER_NAME, SHELTER_EMAIL, SHELTER_ADDRESS, SHELTER_TEL, SHELTER_LANDLINE, COMPANY_NUM, TRANSFER_ACCOUNT, CITY_NO, VILLAGE_NO) VALUES (345464201100008, '수동물병원', null, null, null, null, null, null, 6450000, 4640000);
INSERT INTO NEWSOULMATE.SHELTER (SHELTER_NO, SHELTER_NAME, SHELTER_EMAIL, SHELTER_ADDRESS, SHELTER_TEL, SHELTER_LANDLINE, COMPANY_NUM, TRANSFER_ACCOUNT, CITY_NO, VILLAGE_NO) VALUES (345464201100009, '21세기동물병원', null, '전라북도 전주시 덕진구 송천동1가 626-42', null, '063-281-5277', null, null, 6450000, 4640000);
INSERT INTO NEWSOULMATE.SHELTER (SHELTER_NO, SHELTER_NAME, SHELTER_EMAIL, SHELTER_ADDRESS, SHELTER_TEL, SHELTER_LANDLINE, COMPANY_NUM, TRANSFER_ACCOUNT, CITY_NO, VILLAGE_NO) VALUES (345464201200001, '행복한동물병원', null, '전라북도 전주시 덕진구 인후동1가 806-6', null, '063-281-5277', null, null, 6450000, 4640000);
INSERT INTO NEWSOULMATE.SHELTER (SHELTER_NO, SHELTER_NAME, SHELTER_EMAIL, SHELTER_ADDRESS, SHELTER_TEL, SHELTER_LANDLINE, COMPANY_NUM, TRANSFER_ACCOUNT, CITY_NO, VILLAGE_NO) VALUES (345464201100001, '박영재동물병원', null, '전라북도 전주시 완산구 전주천서로 111 (서서학동) ', null, '063-281-5277', null, null, 6450000, 4640000);
INSERT INTO NEWSOULMATE.SHELTER (SHELTER_NO, SHELTER_NAME, SHELTER_EMAIL, SHELTER_ADDRESS, SHELTER_TEL, SHELTER_LANDLINE, COMPANY_NUM, TRANSFER_ACCOUNT, CITY_NO, VILLAGE_NO) VALUES (345464201100011, '아프리카동물병원', null, '전라북도 전주시 덕진구 인후동1가 928-1', null, '063-281-5277', null, null, 6450000, 4640000);
INSERT INTO NEWSOULMATE.SHELTER (SHELTER_NO, SHELTER_NAME, SHELTER_EMAIL, SHELTER_ADDRESS, SHELTER_TEL, SHELTER_LANDLINE, COMPANY_NUM, TRANSFER_ACCOUNT, CITY_NO, VILLAGE_NO) VALUES (345464201100003, '서신동물병원', null, '전라북도 전주시 완산구 서신동 831-4', null, '063-281-5277', null, null, 6450000, 4640000);
INSERT INTO NEWSOULMATE.SHELTER (SHELTER_NO, SHELTER_NAME, SHELTER_EMAIL, SHELTER_ADDRESS, SHELTER_TEL, SHELTER_LANDLINE, COMPANY_NUM, TRANSFER_ACCOUNT, CITY_NO, VILLAGE_NO) VALUES (345464201100004, '동부동물병원', null, '전라북도 전주시 완산구 경원동1가 3-10', null, '063-281-5277', null, null, 6450000, 4640000);
INSERT INTO NEWSOULMATE.SHELTER (SHELTER_NO, SHELTER_NAME, SHELTER_EMAIL, SHELTER_ADDRESS, SHELTER_TEL, SHELTER_LANDLINE, COMPANY_NUM, TRANSFER_ACCOUNT, CITY_NO, VILLAGE_NO) VALUES (345464201300003, '하나동물병원', null, '전라북도 전주시 덕진구 덕진동2가 송천중앙로 17 (덕진동2가) ', null, '063-281-5277', null, null, 6450000, 4640000);
INSERT INTO NEWSOULMATE.SHELTER (SHELTER_NO, SHELTER_NAME, SHELTER_EMAIL, SHELTER_ADDRESS, SHELTER_TEL, SHELTER_LANDLINE, COMPANY_NUM, TRANSFER_ACCOUNT, CITY_NO, VILLAGE_NO) VALUES (345464201700001, '늘푸른동물병원', null, '전라북도 전주시 완산구 다가동3가 충경로 11 (다가동3가, 늘푸른동물병원) ', null, '063-281-5277', null, null, 6450000, 4640000);
INSERT INTO NEWSOULMATE.SHELTER (SHELTER_NO, SHELTER_NAME, SHELTER_EMAIL, SHELTER_ADDRESS, SHELTER_TEL, SHELTER_LANDLINE, COMPANY_NUM, TRANSFER_ACCOUNT, CITY_NO, VILLAGE_NO) VALUES (346482201400002, '대한동물사랑협회', null, '전라남도 순천시 상사면 민속마을길 978 (상사면) .', null, '061-749-3094', null, null, 6460000, 4820000);
INSERT INTO NEWSOULMATE.SHELTER (SHELTER_NO, SHELTER_NAME, SHELTER_EMAIL, SHELTER_ADDRESS, SHELTER_TEL, SHELTER_LANDLINE, COMPANY_NUM, TRANSFER_ACCOUNT, CITY_NO, VILLAGE_NO) VALUES (346498202000001, '장성군동물보호센터', null, '전라남도 장성군 삼서면 대중길 29-27  ', '010-6484-2949', '061-390-8425', null, null, 6460000, 4980000);
INSERT INTO NEWSOULMATE.SHELTER (SHELTER_NO, SHELTER_NAME, SHELTER_EMAIL, SHELTER_ADDRESS, SHELTER_TEL, SHELTER_LANDLINE, COMPANY_NUM, TRANSFER_ACCOUNT, CITY_NO, VILLAGE_NO) VALUES (347508202000001, '구미시 동물보호센터', null, '경상북도 구미시 해평면 낙동대로 2206  ', null, '054-480-5842', null, null, 6470000, 5080000);
INSERT INTO NEWSOULMATE.SHELTER (SHELTER_NO, SHELTER_NAME, SHELTER_EMAIL, SHELTER_ADDRESS, SHELTER_TEL, SHELTER_LANDLINE, COMPANY_NUM, TRANSFER_ACCOUNT, CITY_NO, VILLAGE_NO) VALUES (347508202200006, '인동동물병원', null, null, null, null, null, null, 6470000, 5080000);
INSERT INTO NEWSOULMATE.SHELTER (SHELTER_NO, SHELTER_NAME, SHELTER_EMAIL, SHELTER_ADDRESS, SHELTER_TEL, SHELTER_LANDLINE, COMPANY_NUM, TRANSFER_ACCOUNT, CITY_NO, VILLAGE_NO) VALUES (347508202200008, '쿨펫동물병원', null, null, null, null, null, null, 6470000, 5080000);
INSERT INTO NEWSOULMATE.SHELTER (SHELTER_NO, SHELTER_NAME, SHELTER_EMAIL, SHELTER_ADDRESS, SHELTER_TEL, SHELTER_LANDLINE, COMPANY_NUM, TRANSFER_ACCOUNT, CITY_NO, VILLAGE_NO) VALUES (347508202200002, '강남동물병원', null, null, null, null, null, null, 6470000, 5080000);
INSERT INTO NEWSOULMATE.SHELTER (SHELTER_NO, SHELTER_NAME, SHELTER_EMAIL, SHELTER_ADDRESS, SHELTER_TEL, SHELTER_LANDLINE, COMPANY_NUM, TRANSFER_ACCOUNT, CITY_NO, VILLAGE_NO) VALUES (347508202200003, '금오동물병원', null, null, null, null, null, null, 6470000, 5080000);
INSERT INTO NEWSOULMATE.SHELTER (SHELTER_NO, SHELTER_NAME, SHELTER_EMAIL, SHELTER_ADDRESS, SHELTER_TEL, SHELTER_LANDLINE, COMPANY_NUM, TRANSFER_ACCOUNT, CITY_NO, VILLAGE_NO) VALUES (347508202200007, '정다운동물병원', null, null, null, null, null, null, 6470000, 5080000);
INSERT INTO NEWSOULMATE.SHELTER (SHELTER_NO, SHELTER_NAME, SHELTER_EMAIL, SHELTER_ADDRESS, SHELTER_TEL, SHELTER_LANDLINE, COMPANY_NUM, TRANSFER_ACCOUNT, CITY_NO, VILLAGE_NO) VALUES (347508202200001, '가나동물병원', null, null, null, null, null, null, 6470000, 5080000);
INSERT INTO NEWSOULMATE.SHELTER (SHELTER_NO, SHELTER_NAME, SHELTER_EMAIL, SHELTER_ADDRESS, SHELTER_TEL, SHELTER_LANDLINE, COMPANY_NUM, TRANSFER_ACCOUNT, CITY_NO, VILLAGE_NO) VALUES (347508202200004, '봉곡동물병원', null, null, null, null, null, null, 6470000, 5080000);
INSERT INTO NEWSOULMATE.SHELTER (SHELTER_NO, SHELTER_NAME, SHELTER_EMAIL, SHELTER_ADDRESS, SHELTER_TEL, SHELTER_LANDLINE, COMPANY_NUM, TRANSFER_ACCOUNT, CITY_NO, VILLAGE_NO) VALUES (347511202000001, '상주시 동물보호센터', null, '경상북도 상주시 청리면 남상주로 1205-59  ', '010-9270-1191', '054-537-7471', null, null, 6470000, 5110000);
INSERT INTO NEWSOULMATE.SHELTER (SHELTER_NO, SHELTER_NAME, SHELTER_EMAIL, SHELTER_ADDRESS, SHELTER_TEL, SHELTER_LANDLINE, COMPANY_NUM, TRANSFER_ACCOUNT, CITY_NO, VILLAGE_NO) VALUES (347511202200001, '가람동물병원', null, null, null, null, null, null, 6470000, 5110000);
INSERT INTO NEWSOULMATE.SHELTER (SHELTER_NO, SHELTER_NAME, SHELTER_EMAIL, SHELTER_ADDRESS, SHELTER_TEL, SHELTER_LANDLINE, COMPANY_NUM, TRANSFER_ACCOUNT, CITY_NO, VILLAGE_NO) VALUES (347521201900002, '성주유기동물보호센터', null, '경상북도 성주군 선남면 선노로 522 (선남면) ', '010-2949-6699', '054-930-6684', null, null, 6470000, 5210000);
INSERT INTO NEWSOULMATE.SHELTER (SHELTER_NO, SHELTER_NAME, SHELTER_EMAIL, SHELTER_ADDRESS, SHELTER_TEL, SHELTER_LANDLINE, COMPANY_NUM, TRANSFER_ACCOUNT, CITY_NO, VILLAGE_NO) VALUES (347518201000001, '영덕유기동물보호센터', null, '경상북도 영덕군 영덕읍 구미2길 14-1 (영덕읍) 영덕군유기동물보호센터', null, '054-730-6286', null, null, 6470000, 5180000);
INSERT INTO NEWSOULMATE.SHELTER (SHELTER_NO, SHELTER_NAME, SHELTER_EMAIL, SHELTER_ADDRESS, SHELTER_TEL, SHELTER_LANDLINE, COMPANY_NUM, TRANSFER_ACCOUNT, CITY_NO, VILLAGE_NO) VALUES (347518202000001, '영덕종합동물병원', null, null, null, null, null, null, 6470000, 5180000);
INSERT INTO NEWSOULMATE.SHELTER (SHELTER_NO, SHELTER_NAME, SHELTER_EMAIL, SHELTER_ADDRESS, SHELTER_TEL, SHELTER_LANDLINE, COMPANY_NUM, TRANSFER_ACCOUNT, CITY_NO, VILLAGE_NO) VALUES (348547202000002, '우리동물병원(TNR)', null, '경상남도 거창군 거창읍 거함대로5길 71 (거창읍) ', null, '055-940-8140', null, null, 6480000, 5470000);
INSERT INTO NEWSOULMATE.SHELTER (SHELTER_NO, SHELTER_NAME, SHELTER_EMAIL, SHELTER_ADDRESS, SHELTER_TEL, SHELTER_LANDLINE, COMPANY_NUM, TRANSFER_ACCOUNT, CITY_NO, VILLAGE_NO) VALUES (348547202200002, '나래동물병원(TNR)', null, null, null, null, null, null, 6480000, 5470000);
INSERT INTO NEWSOULMATE.SHELTER (SHELTER_NO, SHELTER_NAME, SHELTER_EMAIL, SHELTER_ADDRESS, SHELTER_TEL, SHELTER_LANDLINE, COMPANY_NUM, TRANSFER_ACCOUNT, CITY_NO, VILLAGE_NO) VALUES (348542202000002, '고성군유기동물보호소', null, '경상남도 고성군 고성읍 남해안대로 2829-60  고성군농업기술센터 동물보호센터', null, '055-670-4316', null, null, 6480000, 5420000);
INSERT INTO NEWSOULMATE.SHELTER (SHELTER_NO, SHELTER_NAME, SHELTER_EMAIL, SHELTER_ADDRESS, SHELTER_TEL, SHELTER_LANDLINE, COMPANY_NUM, TRANSFER_ACCOUNT, CITY_NO, VILLAGE_NO) VALUES (348542202200002, '제일가축병원', null, null, null, null, null, null, 6480000, 5420000);
INSERT INTO NEWSOULMATE.SHELTER (SHELTER_NO, SHELTER_NAME, SHELTER_EMAIL, SHELTER_ADDRESS, SHELTER_TEL, SHELTER_LANDLINE, COMPANY_NUM, TRANSFER_ACCOUNT, CITY_NO, VILLAGE_NO) VALUES (348542202200003, '송하동물병원', null, null, null, null, null, null, 6480000, 5420000);
INSERT INTO NEWSOULMATE.SHELTER (SHELTER_NO, SHELTER_NAME, SHELTER_EMAIL, SHELTER_ADDRESS, SHELTER_TEL, SHELTER_LANDLINE, COMPANY_NUM, TRANSFER_ACCOUNT, CITY_NO, VILLAGE_NO) VALUES (348542202200004, '대성동물병원', null, null, null, null, null, null, 6480000, 5420000);
INSERT INTO NEWSOULMATE.SHELTER (SHELTER_NO, SHELTER_NAME, SHELTER_EMAIL, SHELTER_ADDRESS, SHELTER_TEL, SHELTER_LANDLINE, COMPANY_NUM, TRANSFER_ACCOUNT, CITY_NO, VILLAGE_NO) VALUES (348535201200001, '유기동물및관리협회', null, null, null, null, null, null, 6480000, 5350000);
INSERT INTO NEWSOULMATE.SHELTER (SHELTER_NO, SHELTER_NAME, SHELTER_EMAIL, SHELTER_ADDRESS, SHELTER_TEL, SHELTER_LANDLINE, COMPANY_NUM, TRANSFER_ACCOUNT, CITY_NO, VILLAGE_NO) VALUES (348535201800001, '(사)부산동물구조협회', null, null, null, null, null, null, 6480000, 5350000);
INSERT INTO NEWSOULMATE.SHELTER (SHELTER_NO, SHELTER_NAME, SHELTER_EMAIL, SHELTER_ADDRESS, SHELTER_TEL, SHELTER_LANDLINE, COMPANY_NUM, TRANSFER_ACCOUNT, CITY_NO, VILLAGE_NO) VALUES (348535202100001, '누리동물병원', null, null, null, null, null, null, 6480000, 5350000);
INSERT INTO NEWSOULMATE.SHELTER (SHELTER_NO, SHELTER_NAME, SHELTER_EMAIL, SHELTER_ADDRESS, SHELTER_TEL, SHELTER_LANDLINE, COMPANY_NUM, TRANSFER_ACCOUNT, CITY_NO, VILLAGE_NO) VALUES (348533202200002, '도천동물병원', null, null, null, null, null, null, 6480000, 5330000);
INSERT INTO NEWSOULMATE.SHELTER (SHELTER_NO, SHELTER_NAME, SHELTER_EMAIL, SHELTER_ADDRESS, SHELTER_TEL, SHELTER_LANDLINE, COMPANY_NUM, TRANSFER_ACCOUNT, CITY_NO, VILLAGE_NO) VALUES (348533202200003, '사랑애완동물병원', null, null, null, null, null, null, 6480000, 5330000);
INSERT INTO NEWSOULMATE.SHELTER (SHELTER_NO, SHELTER_NAME, SHELTER_EMAIL, SHELTER_ADDRESS, SHELTER_TEL, SHELTER_LANDLINE, COMPANY_NUM, TRANSFER_ACCOUNT, CITY_NO, VILLAGE_NO) VALUES (348533202200004, '센텀동물병원', null, null, null, null, null, null, 6480000, 5330000);
INSERT INTO NEWSOULMATE.SHELTER (SHELTER_NO, SHELTER_NAME, SHELTER_EMAIL, SHELTER_ADDRESS, SHELTER_TEL, SHELTER_LANDLINE, COMPANY_NUM, TRANSFER_ACCOUNT, CITY_NO, VILLAGE_NO) VALUES (348533202200007, '통영동물병원', null, null, null, null, null, null, 6480000, 5330000);
INSERT INTO NEWSOULMATE.SHELTER (SHELTER_NO, SHELTER_NAME, SHELTER_EMAIL, SHELTER_ADDRESS, SHELTER_TEL, SHELTER_LANDLINE, COMPANY_NUM, TRANSFER_ACCOUNT, CITY_NO, VILLAGE_NO) VALUES (348533202200005, '쿨펫동물병원', null, null, null, null, null, null, 6480000, 5330000);
INSERT INTO NEWSOULMATE.SHELTER (SHELTER_NO, SHELTER_NAME, SHELTER_EMAIL, SHELTER_ADDRESS, SHELTER_TEL, SHELTER_LANDLINE, COMPANY_NUM, TRANSFER_ACCOUNT, CITY_NO, VILLAGE_NO) VALUES (348533202200006, '탑동물병원', null, null, null, null, null, null, 6480000, 5330000);
INSERT INTO NEWSOULMATE.SHELTER (SHELTER_NO, SHELTER_NAME, SHELTER_EMAIL, SHELTER_ADDRESS, SHELTER_TEL, SHELTER_LANDLINE, COMPANY_NUM, TRANSFER_ACCOUNT, CITY_NO, VILLAGE_NO) VALUES (350652200900001, '제주동물보호센터', null, null, null, null, null, null, 6500000, 6520000);
INSERT INTO NEWSOULMATE.SHELTER (SHELTER_NO, SHELTER_NAME, SHELTER_EMAIL, SHELTER_ADDRESS, SHELTER_TEL, SHELTER_LANDLINE, COMPANY_NUM, TRANSFER_ACCOUNT, CITY_NO, VILLAGE_NO) VALUES (350652202200002, '한림동물병원', null, null, null, null, null, null, 6500000, 6520000);
INSERT INTO NEWSOULMATE.SHELTER (SHELTER_NO, SHELTER_NAME, SHELTER_EMAIL, SHELTER_ADDRESS, SHELTER_TEL, SHELTER_LANDLINE, COMPANY_NUM, TRANSFER_ACCOUNT, CITY_NO, VILLAGE_NO) VALUES (350652202200003, '캣츠앤독스', null, null, null, null, null, null, 6500000, 6520000);
INSERT INTO NEWSOULMATE.SHELTER (SHELTER_NO, SHELTER_NAME, SHELTER_EMAIL, SHELTER_ADDRESS, SHELTER_TEL, SHELTER_LANDLINE, COMPANY_NUM, TRANSFER_ACCOUNT, CITY_NO, VILLAGE_NO) VALUES (350652202200004, '현클리닉', null, null, null, null, null, null, 6500000, 6520000);
INSERT INTO NEWSOULMATE.SHELTER (SHELTER_NO, SHELTER_NAME, SHELTER_EMAIL, SHELTER_ADDRESS, SHELTER_TEL, SHELTER_LANDLINE, COMPANY_NUM, TRANSFER_ACCOUNT, CITY_NO, VILLAGE_NO) VALUES (350652202200005, '표선동물병원', null, null, null, null, null, null, 6500000, 6520000);
INSERT INTO NEWSOULMATE.SHELTER (SHELTER_NO, SHELTER_NAME, SHELTER_EMAIL, SHELTER_ADDRESS, SHELTER_TEL, SHELTER_LANDLINE, COMPANY_NUM, TRANSFER_ACCOUNT, CITY_NO, VILLAGE_NO) VALUES (350651201100001, '제주동물보호센터', null, null, null, null, null, null, 6500000, 6510000);
INSERT INTO NEWSOULMATE.SHELTER (SHELTER_NO, SHELTER_NAME, SHELTER_EMAIL, SHELTER_ADDRESS, SHELTER_TEL, SHELTER_LANDLINE, COMPANY_NUM, TRANSFER_ACCOUNT, CITY_NO, VILLAGE_NO) VALUES (350651201800002, '해맑은동물병원', null, null, null, null, null, null, 6500000, 6510000);
INSERT INTO NEWSOULMATE.SHELTER (SHELTER_NO, SHELTER_NAME, SHELTER_EMAIL, SHELTER_ADDRESS, SHELTER_TEL, SHELTER_LANDLINE, COMPANY_NUM, TRANSFER_ACCOUNT, CITY_NO, VILLAGE_NO) VALUES (350651201800003, '해밀동물병원', null, null, null, null, null, null, 6500000, 6510000);
INSERT INTO NEWSOULMATE.SHELTER (SHELTER_NO, SHELTER_NAME, SHELTER_EMAIL, SHELTER_ADDRESS, SHELTER_TEL, SHELTER_LANDLINE, COMPANY_NUM, TRANSFER_ACCOUNT, CITY_NO, VILLAGE_NO) VALUES (350651201900001, '리더스동물병원', null, null, null, null, null, null, 6500000, 6510000);
INSERT INTO NEWSOULMATE.SHELTER (SHELTER_NO, SHELTER_NAME, SHELTER_EMAIL, SHELTER_ADDRESS, SHELTER_TEL, SHELTER_LANDLINE, COMPANY_NUM, TRANSFER_ACCOUNT, CITY_NO, VILLAGE_NO) VALUES (350651202000001, '노형동물병원', null, null, null, null, null, null, 6500000, 6510000);
INSERT INTO NEWSOULMATE.SHELTER (SHELTER_NO, SHELTER_NAME, SHELTER_EMAIL, SHELTER_ADDRESS, SHELTER_TEL, SHELTER_LANDLINE, COMPANY_NUM, TRANSFER_ACCOUNT, CITY_NO, VILLAGE_NO) VALUES (350651202100001, '삼화훈동물병원', null, null, null, null, null, null, 6500000, 6510000);
INSERT INTO NEWSOULMATE.SHELTER (SHELTER_NO, SHELTER_NAME, SHELTER_EMAIL, SHELTER_ADDRESS, SHELTER_TEL, SHELTER_LANDLINE, COMPANY_NUM, TRANSFER_ACCOUNT, CITY_NO, VILLAGE_NO) VALUES (350651202100002, '서사라동물병원', null, null, null, null, null, null, 6500000, 6510000);
INSERT INTO NEWSOULMATE.SHELTER (SHELTER_NO, SHELTER_NAME, SHELTER_EMAIL, SHELTER_ADDRESS, SHELTER_TEL, SHELTER_LANDLINE, COMPANY_NUM, TRANSFER_ACCOUNT, CITY_NO, VILLAGE_NO) VALUES (350651202100003, '푸른동물병원', null, null, null, null, null, null, 6500000, 6510000);
INSERT INTO NEWSOULMATE.SHELTER (SHELTER_NO, SHELTER_NAME, SHELTER_EMAIL, SHELTER_ADDRESS, SHELTER_TEL, SHELTER_LANDLINE, COMPANY_NUM, TRANSFER_ACCOUNT, CITY_NO, VILLAGE_NO) VALUES (350651202100004, '예서동물병원', null, null, null, null, null, null, 6500000, 6510000);
INSERT INTO NEWSOULMATE.SHELTER (SHELTER_NO, SHELTER_NAME, SHELTER_EMAIL, SHELTER_ADDRESS, SHELTER_TEL, SHELTER_LANDLINE, COMPANY_NUM, TRANSFER_ACCOUNT, CITY_NO, VILLAGE_NO) VALUES (350651202100005, '제주애견학교', null, null, null, null, null, null, 6500000, 6510000);
INSERT INTO NEWSOULMATE.SHELTER (SHELTER_NO, SHELTER_NAME, SHELTER_EMAIL, SHELTER_ADDRESS, SHELTER_TEL, SHELTER_LANDLINE, COMPANY_NUM, TRANSFER_ACCOUNT, CITY_NO, VILLAGE_NO) VALUES (350651202200001, '노형꿈동물병원', null, null, null, null, null, null, 6500000, 6510000);
INSERT INTO NEWSOULMATE.SHELTER (SHELTER_NO, SHELTER_NAME, SHELTER_EMAIL, SHELTER_ADDRESS, SHELTER_TEL, SHELTER_LANDLINE, COMPANY_NUM, TRANSFER_ACCOUNT, CITY_NO, VILLAGE_NO) VALUES (350651202200002, '남문동물병원', null, null, null, null, null, null, 6500000, 6510000);
INSERT INTO NEWSOULMATE.SHELTER (SHELTER_NO, SHELTER_NAME, SHELTER_EMAIL, SHELTER_ADDRESS, SHELTER_TEL, SHELTER_LANDLINE, COMPANY_NUM, TRANSFER_ACCOUNT, CITY_NO, VILLAGE_NO) VALUES (350651202200003, '제주온동물병원', null, null, null, null, null, null, 6500000, 6510000);
INSERT INTO NEWSOULMATE.SHELTER (SHELTER_NO, SHELTER_NAME, SHELTER_EMAIL, SHELTER_ADDRESS, SHELTER_TEL, SHELTER_LANDLINE, COMPANY_NUM, TRANSFER_ACCOUNT, CITY_NO, VILLAGE_NO) VALUES (350651202200004, '한림동물병원', null, null, null, null, null, null, 6500000, 6510000);

INSERT ALL
    INTO NEWSOULMATE.CATEGORY VALUES (1,'광고',3)
    INTO NEWSOULMATE.CATEGORY VALUES(2,'도배',3)
    INTO NEWSOULMATE.CATEGORY VALUES(3,'음란물',3)
    INTO NEWSOULMATE.CATEGORY VALUES(4,'욕설',3)
    INTO NEWSOULMATE.CATEGORY VALUES(5,'개인정보침해',3)
    INTO NEWSOULMATE.CATEGORY VALUES(6,'저작권침해',3)
    INTO NEWSOULMATE.CATEGORY VALUES(7,'기타',3)
    INTO NEWSOULMATE.CATEGORY VALUES(8,'보호소문의',4)
    INTO NEWSOULMATE.CATEGORY VALUES(9,'입양문의',4)
    INTO NEWSOULMATE.CATEGORY VALUES(10,'봉사문의',4)
    INTO NEWSOULMATE.CATEGORY VALUES(11,'건의사항',4)
    INTO NEWSOULMATE.CATEGORY VALUES(12,'기타문의',4)
    SELECT * FROM DUAL;

INSERT ALL
    INTO NEWSOULMATE.BOARD_TYPE VALUES(1,'봉사후기')
    INTO NEWSOULMATE.BOARD_TYPE VALUES(2,'입양후기')
    INTO NEWSOULMATE.BOARD_TYPE VALUES(3,'신고')
    INTO NEWSOULMATE.BOARD_TYPE VALUES(4,'문의')
    INTO NEWSOULMATE.BOARD_TYPE VALUES(5,'FnA')
    SELECT * FROM DUAL;
commit;
